datetime_utc;pv_production_kw;grid_net_kw;injection_price_eur_per_mwh;offtake_price_eur_per_mwh;most_recent_load_factor_forecast
2025-12-31 23:00:00;0,06;15,11;97,049;144,5881;0
2025-12-31 23:15:00;0,05;13,06;78,089;125,6281;0
2025-12-31 23:30:00;0,05;12,53;53,669;101,2081;0
2025-12-31 23:45:00;0,05;12,78;45,309;92,8481;0
2026-01-01 00:00:00;0,05;12,11;69,109;116,6481;0
2026-01-01 00:15:00;0,05;16,78;59,159;106,6981;0
2026-01-01 00:30:00;0,05;20,22;61,339;108,8781;0
2026-01-01 00:45:00;0,04;19,73;49,899;97,4381;0
2026-01-01 01:00:00;0,05;19,35;64,839;112,3781;0
2026-01-01 01:15:00;0,05;17,51;51,339;98,8781;0
2026-01-01 01:30:00;0,05;19,58;53,249;100,7881;0
2026-01-01 01:45:00;0,06;19,49;40,009;87,5481;0
2026-01-01 02:00:00;0,05;19,89;50,449;97,9881;0
2026-01-01 02:15:00;0,05;20,08;42,069;89,6081;0
2026-01-01 02:30:00;0,06;17,87;25,899;73,4381;0
2026-01-01 02:45:00;0,05;12,31;24,099;71,6381;0
2026-01-01 03:00:00;0,05;12,45;21,489;69,0281;0
2026-01-01 03:15:00;0,05;10,42;13,819;61,3581;0
2026-01-01 03:30:00;0,04;8,72;20,229;67,7681;0
2026-01-01 03:45:00;0,04;9,33;20,709;68,2481;0
2026-01-01 04:00:00;0,05;9,13;15,309;62,8481;0
2026-01-01 04:15:00;0,05;14,26;14,199;61,7381;0
2026-01-01 04:30:00;0,04;11,04;19,409;66,9481;0
2026-01-01 04:45:00;0,05;13,88;4,099;51,6381;0
2026-01-01 05:00:00;0,05;18,68;16,899;64,4381;0
2026-01-01 05:15:00;0,05;19,53;1,369;48,9081;0
2026-01-01 05:30:00;0,05;22,04;17,209;64,7481;0
2026-01-01 05:45:00;0,06;20,53;7,569;55,1081;0
2026-01-01 06:00:00;0,05;18,55;36,059;83,5981;0
2026-01-01 06:15:00;0,04;20,89;10,749;58,2881;0
2026-01-01 06:30:00;0,05;14,56;14,749;62,2881;1,21E-05
2026-01-01 06:45:00;0,05;12,36;10,849;58,3881;0,000995479
2026-01-01 07:00:00;0,05;13,89;25,419;72,9581;0,005165945
2026-01-01 07:15:00;0,05;13,99;22,619;70,1581;0,012978626
2026-01-01 07:30:00;0,05;13,7;13,599;61,1381;0,023080025
2026-01-01 07:45:00;0,19;13,06;3,329;50,8681;0,03426797
2026-01-01 08:00:00;0,78;12,35;44,829;92,3681;0,03859412
2026-01-01 08:15:00;0,73;14,09;33,689;81,2281;0,04759152
2026-01-01 08:30:00;1,71;9,72;24,579;72,1181;0,05521736
2026-01-01 08:45:00;2,22;7,07;2,339;49,8781;0,060445696
2026-01-01 09:00:00;2,71;11,7;42,109;89,6481;0,06271062
2026-01-01 09:15:00;2,78;17,74;20,399;67,9381;0,06679105
2026-01-01 09:30:00;4;14,59;17,319;64,8581;0,06966365
2026-01-01 09:45:00;8,52;9,41;3,219;50,7581;0,070483334
2026-01-01 10:00:00;8,93;7,34;31,939;79,4781;0,085691795
2026-01-01 10:15:00;9,27;13,78;13,929;61,4681;0,08280789
2026-01-01 10:30:00;9,64;12,33;19,609;67,1481;0,07949519
2026-01-01 10:45:00;5,87;12,96;14,009;61,5481;0,07621348
2026-01-01 11:00:00;2,76;18,54;24,129;71,6681;0,084354304
2026-01-01 11:15:00;2,16;16,35;31,159;78,6981;0,079295345
2026-01-01 11:30:00;3,26;16,76;37,349;84,8881;0,07465611
2026-01-01 11:45:00;3,3;8,8;40,749;88,2881;0,06919257
2026-01-01 12:00:00;2,57;9,91;36,399;83,9381;0,07314873
2026-01-01 12:15:00;3,39;12,57;34,599;82,1381;0,067365944
2026-01-01 12:30:00;3,71;10,76;9,199;56,7381;0,05965922
2026-01-01 12:45:00;4,29;8,27;9,449;56,9881;0,049903
2026-01-01 13:00:00;1,87;12,65;19,339;66,8781;0,042403318
2026-01-01 13:15:00;1,18;13,06;33,549;81,0881;0,03260319
2026-01-01 13:30:00;1,13;14,09;31,609;79,1481;0,023926066
2026-01-01 13:45:00;1,69;11,91;43,199;90,7381;0,016136238
2026-01-01 14:00:00;2,8;11,7;27,039;74,5781;0,009458118
2026-01-01 14:15:00;3,31;12,82;39,079;86,6181;0,004209238
2026-01-01 14:30:00;2,7;12,7;41,769;89,3081;0,000926837
2026-01-01 14:45:00;1,67;14,42;56,199;103,7381;2,05E-06
2026-01-01 15:00:00;1,63;14,48;50,369;97,9081;0
2026-01-01 15:15:00;0,47;17,49;67,529;115,0681;0
2026-01-01 15:30:00;0,05;17,65;60,449;107,9881;0
2026-01-01 15:45:00;0,45;15,96;79,919;127,4581;0
2026-01-01 16:00:00;0,05;15,37;62,059;109,5981;0
2026-01-01 16:15:00;0,05;18,74;71,479;119,0181;0
2026-01-01 16:30:00;0,06;19,79;74,749;122,2881;0
2026-01-01 16:45:00;0,06;20,03;80,829;128,3681;0
2026-01-01 17:00:00;0,06;18,28;79,879;127,4181;0
2026-01-01 17:15:00;0,05;17,67;80,689;128,2281;0
2026-01-01 17:30:00;0,05;17,57;73,049;120,5881;0
2026-01-01 17:45:00;0,06;17,12;82,329;129,8681;0
2026-01-01 18:00:00;0,05;18,87;81,249;128,7881;0
2026-01-01 18:15:00;0,05;14,35;86,949;134,4881;0
2026-01-01 18:30:00;0,06;12,86;75,599;123,1381;0
2026-01-01 18:45:00;0,05;11,03;76,189;123,7281;0
2026-01-01 19:00:00;0,05;11,09;68,219;115,7581;0
2026-01-01 19:15:00;0,05;11,58;67,919;115,4581;0
2026-01-01 19:30:00;0,05;11,38;67,329;114,8681;0
2026-01-01 19:45:00;0,05;10,94;63,049;110,5881;0
2026-01-01 20:00:00;0,06;11,34;63,789;111,3281;0
2026-01-01 20:15:00;0,06;11,68;60,849;108,3881;0
2026-01-01 20:30:00;0,06;10,13;60,619;108,1581;0
2026-01-01 20:45:00;0,06;9,19;54,329;101,8681;0
2026-01-01 21:00:00;0,06;9,91;51,959;99,4981;0
2026-01-01 21:15:00;0,05;8,52;54,879;102,4181;0
2026-01-01 21:30:00;0,06;9,06;68,069;115,6081;0
2026-01-01 21:45:00;0,07;6,87;64,589;112,1281;0
2026-01-01 22:00:00;0,06;9,46;49,399;96,9381;0
2026-01-01 22:15:00;0,05;10,5;48,269;95,8081;0
2026-01-01 22:30:00;0,06;11,8;54,769;102,3081;0
2026-01-01 22:45:00;0,06;18,91;40,749;88,2881;0
2026-01-01 23:00:00;0,05;16,15;32,219;79,7581;0
2026-01-01 23:15:00;0,06;16,22;39,429;86,9681;0
2026-01-01 23:30:00;0,06;15,98;12,839;60,3781;0
2026-01-01 23:45:00;0,05;14,03;-1,501;46,0381;0
2026-01-02 00:00:00;0,05;18,34;40,829;88,3681;0
2026-01-02 00:15:00;0,05;17,22;27,979;75,5181;0
2026-01-02 00:30:00;0,06;15,27;19,179;66,7181;0
2026-01-02 00:45:00;0,05;15,92;13,709;61,2481;0
2026-01-02 01:00:00;0,05;13,76;50,819;98,3581;0
2026-01-02 01:15:00;0,05;15,66;30,749;78,2881;0
2026-01-02 01:30:00;0,06;15,33;14,709;62,2481;0
2026-01-02 01:45:00;0,05;16,37;2,089;49,6281;0
2026-01-02 02:00:00;0,05;16,67;42,319;89,8581;0
2026-01-02 02:15:00;0,06;14,94;30,089;77,6281;0
2026-01-02 02:30:00;0,05;16,08;10,899;58,4381;0
2026-01-02 02:45:00;0,05;13,82;-5,221;42,3181;0
2026-01-02 03:00:00;0,05;9,31;15,219;62,7581;0
2026-01-02 03:15:00;0,05;7,27;16,829;64,3681;0
2026-01-02 03:30:00;0,05;6,12;8,299;55,8381;0
2026-01-02 03:45:00;0,05;10,8;27,039;74,5781;0
2026-01-02 04:00:00;0,05;13,45;-0,561;46,9781;0
2026-01-02 04:15:00;0,05;20,39;4,219;51,7581;0
2026-01-02 04:30:00;0,05;15,41;4,159;51,6981;0
2026-01-02 04:45:00;0,06;20,58;15,599;63,1381;0
2026-01-02 05:00:00;0,05;18,07;-1,191;46,3481;0
2026-01-02 05:15:00;0,06;16,93;12,439;59,9781;0
2026-01-02 05:30:00;0,05;16,39;24,959;72,4981;0
2026-01-02 05:45:00;0,05;14,86;38,629;86,1681;0
2026-01-02 06:00:00;0,06;14,26;63,409;110,9481;0
2026-01-02 06:15:00;0,05;10,61;75,089;122,6281;0
2026-01-02 06:30:00;0,05;12,32;62,319;109,8581;3,66E-06
2026-01-02 06:45:00;0,05;11,94;61,249;108,7881;0,000607545
2026-01-02 07:00:00;0,05;9,94;84,169;131,7081;0,002756948
2026-01-02 07:15:00;0,06;8,9;85,749;133,2881;0,006310752
2026-01-02 07:30:00;0,06;12,07;80,169;127,7081;0,011070551
2026-01-02 07:45:00;0,06;10,48;78,579;126,1181;0,016897868
2026-01-02 08:00:00;0,75;10,05;96,399;143,9381;0,021492328
2026-01-02 08:15:00;1,57;12,97;90,679;138,2181;0,027406948
2026-01-02 08:30:00;6,79;12,72;81,909;129,4481;0,032635305
2026-01-02 08:45:00;16,05;-0,18;74,499;122,0381;0,036613803
2026-01-02 09:00:00;22,97;1,44;105,709;153,2481;0,039605882
2026-01-02 09:15:00;29,65;-7,5;96,249;143,7881;0,043421168
2026-01-02 09:30:00;35,58;-15,47;87,889;135,4281;0,046392843
2026-01-02 09:45:00;41,09;-20,54;81,129;128,6681;0,04770603
2026-01-02 10:00:00;44,74;-24,04;96,889;144,4281;0,05405606
2026-01-02 10:15:00;48,58;-28,83;86,399;133,9381;0,05239791
2026-01-02 10:30:00;50,95;-31,13;83,499;131,0381;0,049699023
2026-01-02 10:45:00;54,61;-34,14;81,929;129,4681;0,046573482
2026-01-02 11:00:00;55,22;-35,21;81,659;129,1981;0,058978815
2026-01-02 11:15:00;42,3;-21,86;79,659;127,1981;0,0528856
2026-01-02 11:30:00;25,46;-6,8;78,659;126,1981;0,047243256
2026-01-02 11:45:00;47,33;-29,51;78,779;126,3181;0,041666795
2026-01-02 12:00:00;49,7;-31,82;61,049;108,5881;0,022653183
2026-01-02 12:15:00;19,38;0,45;58,289;105,8281;0,020742482
2026-01-02 12:30:00;7,64;10,87;57,599;105,1381;0,018650884
2026-01-02 12:45:00;11,79;5,82;63,229;110,7681;0,016365724
2026-01-02 13:00:00;23,72;-5,77;58,849;106,3881;0,013903836
2026-01-02 13:15:00;13,88;1,91;63,389;110,9281;0,011344528
2026-01-02 13:30:00;3,43;13,68;63,989;111,5281;0,008902787
2026-01-02 13:45:00;10,25;4,42;68,279;115,8181;0,006548687
2026-01-02 14:00:00;13,69;2,22;63,999;111,5381;0,004129642
2026-01-02 14:15:00;4,14;10,94;70,779;118,3181;0,002156714
2026-01-02 14:30:00;2,83;12,89;75,149;122,6881;0,000607375
2026-01-02 14:45:00;3,28;11,45;77,699;125,2381;5,44E-06
2026-01-02 15:00:00;1,26;14,35;72,759;120,2981;0
2026-01-02 15:15:00;1,16;15,34;80,709;128,2481;0
2026-01-02 15:30:00;0,35;15,57;81,009;128,5481;0
2026-01-02 15:45:00;0,05;14,01;82,389;129,9281;0
2026-01-02 16:00:00;0,06;17,16;84,919;132,4581;0
2026-01-02 16:15:00;0,06;21,1;93,729;141,2681;0
2026-01-02 16:30:00;0,06;19,84;95,149;142,6881;0
2026-01-02 16:45:00;0,06;20,02;102,249;149,7881;0
2026-01-02 17:00:00;0,06;22,51;96,139;143,6781;0
2026-01-02 17:15:00;0,06;20,78;96,909;144,4481;0
2026-01-02 17:30:00;0,05;23,87;99,229;146,7681;0
2026-01-02 17:45:00;0,05;17,93;105,149;152,6881;0
2026-01-02 18:00:00;0,05;13,92;96,779;144,3181;0
2026-01-02 18:15:00;0,06;14,67;96,199;143,7381;0
2026-01-02 18:30:00;0,06;14,39;100,019;147,5581;0
2026-01-02 18:45:00;0,05;15,28;103,459;150,9981;0
2026-01-02 19:00:00;0,05;15,07;89,039;136,5781;0
2026-01-02 19:15:00;0,06;14,78;83,619;131,1581;0
2026-01-02 19:30:00;0,05;13,04;80,659;128,1981;0
2026-01-02 19:45:00;0,06;12,79;78,089;125,6281;0
2026-01-02 20:00:00;0,05;13,68;79,199;126,7381;0
2026-01-02 20:15:00;0,05;12,64;77,379;124,9181;0
2026-01-02 20:30:00;0,05;12,68;76,809;124,3481;0
2026-01-02 20:45:00;0,06;13,01;72,739;120,2781;0
2026-01-02 21:00:00;0,05;11,5;79,889;127,4281;0
2026-01-02 21:15:00;0,06;12,36;76,439;123,9781;0
2026-01-02 21:30:00;0,06;10,78;87,889;135,4281;0
2026-01-02 21:45:00;0,06;12,8;76,889;124,4281;0
2026-01-02 22:00:00;0,06;12,75;79,949;127,4881;0
2026-01-02 22:15:00;0,05;13,43;74,629;122,1681;0
2026-01-02 22:30:00;0,05;12,72;87,009;134,5481;0
2026-01-02 22:45:00;0,05;17,53;69,719;117,2581;0
2026-01-02 23:00:00;0,05;19,49;75,089;122,6281;0
2026-01-02 23:15:00;0,05;17,52;73,539;121,0781;0
2026-01-02 23:30:00;0,06;17,88;69,659;117,1981;0
2026-01-02 23:45:00;0,05;18,39;66,379;113,9181;0
2026-01-03 00:00:00;0,05;18,18;71,649;119,1881;0
2026-01-03 00:15:00;0,05;16,75;68,739;116,2781;0
2026-01-03 00:30:00;0,04;15,59;68,519;116,0581;0
2026-01-03 00:45:00;0,05;17,63;68,199;115,7381;0
2026-01-03 01:00:00;0,05;19,58;69,449;116,9881;0
2026-01-03 01:15:00;0,05;19,38;67,679;115,2181;0
2026-01-03 01:30:00;0,05;14,18;66,439;113,9781;0
2026-01-03 01:45:00;0,05;17,29;65,009;112,5481;0
2026-01-03 02:00:00;0,05;20,36;67,949;115,4881;0
2026-01-03 02:15:00;0,04;17,31;66,609;114,1481;0
2026-01-03 02:30:00;0,05;17,1;65,369;112,9081;0
2026-01-03 02:45:00;0,06;12,99;64,689;112,2281;0
2026-01-03 03:00:00;0,05;8,77;64,629;112,1681;0
2026-01-03 03:15:00;0,05;12,05;64,159;111,6981;0
2026-01-03 03:30:00;0,05;11,84;64,219;111,7581;0
2026-01-03 03:45:00;0,05;13,18;64,109;111,6481;0
2026-01-03 04:00:00;0,05;19,71;64,829;112,3681;0
2026-01-03 04:15:00;0,05;17,3;64,799;112,3381;0
2026-01-03 04:30:00;0,05;14,75;66,049;113,5881;0
2026-01-03 04:45:00;0,05;20,97;67,899;115,4381;0
2026-01-03 05:00:00;0,06;21,67;63,799;111,3381;0
2026-01-03 05:15:00;0,04;18,66;65,559;113,0981;0
2026-01-03 05:30:00;0,05;21,85;68,029;115,5681;0
2026-01-03 05:45:00;0,05;18,02;70,759;118,2981;0
2026-01-03 06:00:00;0,04;8,79;69,309;116,8481;0
2026-01-03 06:15:00;0,05;8,54;67,979;115,5181;0
2026-01-03 06:30:00;0,05;9,94;70,689;118,2281;4,08E-06
2026-01-03 06:45:00;0,05;7,98;73,039;120,5781;0,001410012
2026-01-03 07:00:00;0,05;9,76;78,599;126,1381;0,010648661
2026-01-03 07:15:00;0,05;9,32;81,099;128,6381;0,029426886
2026-01-03 07:30:00;0,05;9,31;82,659;130,1981;0,051754493
2026-01-03 07:45:00;0,05;9,45;83,399;130,9381;0,07272989
2026-01-03 08:00:00;0,05;8,45;86,099;133,6381;0,07591494
2026-01-03 08:15:00;0,05;5,96;86,379;133,9181;0,09392156
2026-01-03 08:30:00;1,17;13,12;85,089;132,6281;0,11175271
2026-01-03 08:45:00;1,21;13,09;81,789;129,3281;0,12924257
2026-01-03 09:00:00;2,95;21,44;89,689;137,2281;0,1457823
2026-01-03 09:15:00;9,81;14,2;85,749;133,2881;0,16297182
2026-01-03 09:30:00;17,81;2,86;82,199;129,7381;0,1797586
2026-01-03 09:45:00;18,75;2,21;78,599;126,1381;0,195943
2026-01-03 10:00:00;23,65;-2,97;82,699;130,2381;0,22792749
2026-01-03 10:15:00;40,18;-20,22;79,749;127,2881;0,23785605
2026-01-03 10:30:00;55,93;-35,69;78,599;126,1381;0,24532478
2026-01-03 10:45:00;41,82;-21,72;76,779;124,3181;0,25023597
2026-01-03 11:00:00;52,47;-32,73;78,599;126,1381;0,26040664
2026-01-03 11:15:00;15,19;5,9;77,809;125,3481;0,25670892
2026-01-03 11:30:00;6,75;12,1;77,909;125,4481;0,25319207
2026-01-03 11:45:00;5,41;12,66;78,329;125,8681;0,24179927
2026-01-03 12:00:00;3,48;17,63;76,599;124,1381;0,21787575
2026-01-03 12:15:00;7,4;11,16;76,299;123,8381;0,20206724
2026-01-03 12:30:00;5,75;12,33;76,779;124,3181;0,18230684
2026-01-03 12:45:00;8,96;9,62;79,739;127,2781;0,16024531
2026-01-03 13:00:00;11,88;6,04;75,859;123,3981;0,13403663
2026-01-03 13:15:00;21,55;-3,86;78,899;126,4381;0,11485215
2026-01-03 13:30:00;13,1;5,11;81,449;128,9881;0,09415533
2026-01-03 13:45:00;3,38;15,96;85,749;133,2881;0,069656715
2026-01-03 14:00:00;3,7;11,79;80,749;128,2881;0,041107107
2026-01-03 14:15:00;10,17;6,1;84,759;132,2981;0,018355569
2026-01-03 14:30:00;12,35;3,76;87,469;135,0081;0,003393566
2026-01-03 14:45:00;0,46;17,52;88,559;136,0981;6,53E-05
2026-01-03 15:00:00;2,82;16,23;85,169;132,7081;0
2026-01-03 15:15:00;1,91;17,64;89,619;137,1581;0
2026-01-03 15:30:00;0,75;19,41;91,389;138,9281;0
2026-01-03 15:45:00;0,16;17,75;95,119;142,6581;0
2026-01-03 16:00:00;0,05;22,07;96,359;143,8981;0
2026-01-03 16:15:00;0,05;20,61;100,739;148,2781;0
2026-01-03 16:30:00;0,05;20,19;101,759;149,2981;0
2026-01-03 16:45:00;0,06;21,26;102,659;150,1981;0
2026-01-03 17:00:00;0,06;19,2;103,469;151,0081;0
2026-01-03 17:15:00;0,06;19,79;101,709;149,2481;0
2026-01-03 17:30:00;0,06;18,19;100,569;148,1081;0
2026-01-03 17:45:00;0,05;14,22;100,199;147,7381;0
2026-01-03 18:00:00;0,05;16,62;101,729;149,2681;0
2026-01-03 18:15:00;0,06;13,99;96,369;143,9081;0
2026-01-03 18:30:00;0,06;12,7;92,969;140,5081;0
2026-01-03 18:45:00;0,05;12,42;89,839;137,3781;0
2026-01-03 19:00:00;0,06;14,35;89,369;136,9081;0
2026-01-03 19:15:00;0,05;13,44;89,199;136,7381;0
2026-01-03 19:30:00;0,05;13,57;88,099;135,6381;0
2026-01-03 19:45:00;0,06;11,18;84,659;132,1981;0
2026-01-03 20:00:00;0,06;11,02;85,669;133,2081;0
2026-01-03 20:15:00;0,06;11,31;82,439;129,9781;0
2026-01-03 20:30:00;0,05;12,22;81,709;129,2481;0
2026-01-03 20:45:00;0,06;11,19;76,399;123,9381;0
2026-01-03 21:00:00;0,06;10,18;84,859;132,3981;0
2026-01-03 21:15:00;0,06;12,48;81,479;129,0181;0
2026-01-03 21:30:00;0,06;10,76;81,579;129,1181;0
2026-01-03 21:45:00;0,06;12,45;77,739;125,2781;0
2026-01-03 22:00:00;0,06;12,77;82,209;129,7481;0
2026-01-03 22:15:00;0,05;12,18;77,229;124,7681;0
2026-01-03 22:30:00;0,06;10,73;75,549;123,0881;0
2026-01-03 22:45:00;0,05;17,73;72,089;119,6281;0
2026-01-03 23:00:00;0,05;20,74;84,759;132,2981;0
2026-01-03 23:15:00;0,05;19,87;80,169;127,7081;0
2026-01-03 23:30:00;0,05;19,47;78,529;126,0681;0
2026-01-03 23:45:00;0,05;19,97;74,829;122,3681;0
2026-01-04 00:00:00;0,05;24,3;78,469;126,0081;0
2026-01-04 00:15:00;0,05;24,96;76,179;123,7181;0
2026-01-04 00:30:00;0,05;24,12;74,989;122,5281;0
2026-01-04 00:45:00;0,04;24,39;74,679;122,2181;0
2026-01-04 01:00:00;0,04;22,48;77,879;125,4181;0
2026-01-04 01:15:00;0,05;21,7;75,599;123,1381;0
2026-01-04 01:30:00;0,05;21,77;74,929;122,4681;0
2026-01-04 01:45:00;0,05;19,92;74,759;122,2981;0
2026-01-04 02:00:00;0,04;20,43;75,429;122,9681;0
2026-01-04 02:15:00;0,05;17,03;74,619;122,1581;0
2026-01-04 02:30:00;0,05;16,96;74,179;121,7181;0
2026-01-04 02:45:00;0,05;13,38;73,799;121,3381;0
2026-01-04 03:00:00;0,05;11,83;73,349;120,8881;0
2026-01-04 03:15:00;0,05;10,91;72,939;120,4781;0
2026-01-04 03:30:00;0,05;8,62;73,159;120,6981;0
2026-01-04 03:45:00;0,05;10,66;73,779;121,3181;0
2026-01-04 04:00:00;0,05;12,37;73,259;120,7981;0
2026-01-04 04:15:00;0,05;12,75;73,929;121,4681;0
2026-01-04 04:30:00;0,05;9,39;74,759;122,2981;0
2026-01-04 04:45:00;0,05;13,5;74,679;122,2181;0
2026-01-04 05:00:00;0,05;19,52;73,469;121,0081;0
2026-01-04 05:15:00;0,05;18,76;74,779;122,3181;0
2026-01-04 05:30:00;0,05;21,83;74,459;121,9981;0
2026-01-04 05:45:00;0,05;20,2;75,539;123,0781;0
2026-01-04 06:00:00;0,05;17,1;75,299;122,8381;0
2026-01-04 06:15:00;0,04;13,46;75,299;122,8381;0
2026-01-04 06:30:00;0,04;11,06;77,649;125,1881;4,42E-06
2026-01-04 06:45:00;0,05;11,13;80,849;128,3881;0,001261504
2026-01-04 07:00:00;0,05;11,37;77,309;124,8481;0,009534134
2026-01-04 07:15:00;0,05;10,84;78,359;125,8981;0,026834255
2026-01-04 07:30:00;0,05;10,82;79,599;127,1381;0,047544606
2026-01-04 07:45:00;0,42;12,02;80,339;127,8781;0,06628653
2026-01-04 08:00:00;2,3;6,11;84,769;132,3081;0,0603935
2026-01-04 08:15:00;4,96;5,65;86,749;134,2881;0,07438897
2026-01-04 08:30:00;9,01;1,32;86,739;134,2781;0,08781652
2026-01-04 08:45:00;14,69;-3,92;81,939;129,4781;0,09999888
2026-01-04 09:00:00;21,06;-1,02;94,689;142,2281;0,092576146
2026-01-04 09:15:00;27,03;-6,77;87,939;135,4781;0,10567692
2026-01-04 09:30:00;33,79;-14,97;81,669;129,2081;0,11679881
2026-01-04 09:45:00;39,77;-18,48;77,719;125,2581;0,124284446
2026-01-04 10:00:00;45,04;-24,19;84,599;132,1381;0,15267774
2026-01-04 10:15:00;49,01;-27,94;80,739;128,2781;0,14911637
2026-01-04 10:30:00;53,27;-34,61;80,709;128,2481;0,14248207
2026-01-04 10:45:00;56,63;-41,23;80,459;127,9981;0,13409698
2026-01-04 11:00:00;22,57;-2,13;82,049;129,5881;0,1320025
2026-01-04 11:15:00;22,38;-3,38;80,449;127,9881;0,12080554
2026-01-04 11:30:00;11,58;7,55;80,689;128,2281;0,10976635
2026-01-04 11:45:00;26,44;-6,91;77,979;125,5181;0,09535554
2026-01-04 12:00:00;46,95;-28,93;76,949;124,4881;0,06643699
2026-01-04 12:15:00;43,46;-27,63;76,019;123,5581;0,0589942
2026-01-04 12:30:00;19,77;-3,87;76,939;124,4781;0,052594278
2026-01-04 12:45:00;37,28;-20,25;80,199;127,7381;0,04658887
2026-01-04 13:00:00;21,06;-1,82;74,249;121,7881;0,03457355
2026-01-04 13:15:00;9,52;8,75;80,259;127,7981;0,029225416
2026-01-04 13:30:00;10,92;4,07;81,989;129,5281;0,023116812
2026-01-04 13:45:00;24,96;-8,86;90,789;138,3281;0,016390461
2026-01-04 14:00:00;19,45;-5,24;74,079;121,6181;0,009636567
2026-01-04 14:15:00;18,61;0,22;81,369;128,9081;0,004280954
2026-01-04 14:30:00;15,05;2,31;85,069;132,6081;0,001059868
2026-01-04 14:45:00;10,5;7,55;93,279;140,8181;3,32E-05
2026-01-04 15:00:00;4,78;10,98;75,689;123,2281;0
2026-01-04 15:15:00;4,71;10,02;88,329;135,8681;0
2026-01-04 15:30:00;2,17;14,55;93,209;140,7481;0
2026-01-04 15:45:00;0,33;17,45;102,589;150,1281;0
2026-01-04 16:00:00;0,05;20,2;104,739;152,2781;0
2026-01-04 16:15:00;0,06;18,3;109,769;157,3081;0
2026-01-04 16:30:00;0,05;21,73;108,249;155,7881;0
2026-01-04 16:45:00;0,06;21,03;113,939;161,4781;0
2026-01-04 17:00:00;0,05;17,52;111,749;159,2881;0
2026-01-04 17:15:00;0,05;19,97;111,679;159,2181;0
2026-01-04 17:30:00;0,05;16,59;110,239;157,7781;0
2026-01-04 17:45:00;0,05;13,3;114,049;161,5881;0
2026-01-04 18:00:00;0,06;14,15;114,249;161,7881;0
2026-01-04 18:15:00;0,05;12,94;111,669;159,2081;0
2026-01-04 18:30:00;0,05;12,44;110,129;157,6681;0
2026-01-04 18:45:00;0,05;13,34;105,809;153,3481;0
2026-01-04 19:00:00;0,05;13,38;112,049;159,5881;0
2026-01-04 19:15:00;0,05;14,76;106,079;153,6181;0
2026-01-04 19:30:00;0,05;15,37;100,749;148,2881;0
2026-01-04 19:45:00;0,05;11,43;93,919;141,4581;0
2026-01-04 20:00:00;0,05;11,64;97,619;145,1581;0
2026-01-04 20:15:00;0,05;10,73;92,459;139,9981;0
2026-01-04 20:30:00;0,05;11,59;88,309;135,8481;0
2026-01-04 20:45:00;0,05;11,88;83,389;130,9281;0
2026-01-04 21:00:00;0,05;10,34;88,649;136,1881;0
2026-01-04 21:15:00;0,05;11,02;87,179;134,7181;0
2026-01-04 21:30:00;0,05;11,02;88,579;136,1181;0
2026-01-04 21:45:00;0,05;11,49;81,429;128,9681;0
2026-01-04 22:00:00;0,05;10,22;88,359;135,8981;0
2026-01-04 22:15:00;0,05;11,2;80,479;128,0181;0
2026-01-04 22:30:00;0,06;10,07;77,079;124,6181;0
2026-01-04 22:45:00;0,05;19,58;73,919;121,4581;0
2026-01-04 23:00:00;0,04;20,52;98,569;146,1081;0
2026-01-04 23:15:00;0,05;18,77;82,229;129,7681;0
2026-01-04 23:30:00;0,04;18,32;78,689;126,2281;0
2026-01-04 23:45:00;0,05;18,57;73,329;120,8681;0
2026-01-05 00:00:00;0,05;16,39;83,709;131,2481;0
2026-01-05 00:15:00;0,05;17,7;80,749;128,2881;0
2026-01-05 00:30:00;0,06;15,67;77,489;125,0281;0
2026-01-05 00:45:00;0,05;18,21;76,439;123,9781;0
2026-01-05 01:00:00;0,05;21,16;77,959;125,4981;0
2026-01-05 01:15:00;0,04;18,07;77,359;124,8981;0
2026-01-05 01:30:00;0,05;18,83;77,679;125,2181;0
2026-01-05 01:45:00;0,05;18,07;76,029;123,5681;0
2026-01-05 02:00:00;0,05;17,3;77,109;124,6481;0
2026-01-05 02:15:00;0,05;17,34;76,719;124,2581;0
2026-01-05 02:30:00;0,04;15,24;76,489;124,0281;0
2026-01-05 02:45:00;0,05;10,99;77,929;125,4681;0
2026-01-05 03:00:00;0,04;12,84;76,999;124,5381;0
2026-01-05 03:15:00;0,05;8,49;77,479;125,0181;0
2026-01-05 03:30:00;0,05;7,26;77,759;125,2981;0
2026-01-05 03:45:00;0,05;8,47;80,739;128,2781;0
2026-01-05 04:00:00;0,04;14,74;78,209;125,7481;0
2026-01-05 04:15:00;0,05;13,87;79,099;126,6381;0
2026-01-05 04:30:00;0,05;19,85;79,859;127,3981;0
2026-01-05 04:45:00;0,05;19,9;89,259;136,7981;0
2026-01-05 05:00:00;0,05;19,55;78,129;125,6681;0
2026-01-05 05:15:00;0,05;18,95;95,649;143,1881;0
2026-01-05 05:30:00;0,04;20,38;109,459;156,9981;0
2026-01-05 05:45:00;0,05;15,05;115,849;163,3881;0
2026-01-05 06:00:00;0,04;14,43;105,209;152,7481;0
2026-01-05 06:15:00;0,04;13,54;111,669;159,2081;0
2026-01-05 06:30:00;0,04;10,25;123,709;171,2481;6,46E-06
2026-01-05 06:45:00;0,05;7,69;139,659;187,1981;0,001576285
2026-01-05 07:00:00;0,05;7,04;136,099;183,6381;0,011875908
2026-01-05 07:15:00;0,04;7,26;147,239;194,7781;0,03119146
2026-01-05 07:30:00;0,05;6,98;139,719;187,2581;0,052793533
2026-01-05 07:45:00;0,06;14,88;144,639;192,1781;0,07219409
2026-01-05 08:00:00;;0;153,739;201,2781;0,06946231
2026-01-05 08:15:00;;0;152,239;199,7781;0,08638448
2026-01-05 08:30:00;;0;137,969;185,5081;0,10205893
2026-01-05 08:45:00;;0;127,649;175,1881;0,11529436
2026-01-05 09:00:00;;0;153,209;200,7481;0,12323053
2026-01-05 09:15:00;;0;131,699;179,2381;0,1344535
2026-01-05 09:30:00;;0;128,669;176,2081;0,1444816
2026-01-05 09:45:00;;0;121,499;169,0381;0,15296505
2026-01-05 10:00:00;;0;126,829;174,3681;0,18751413
2026-01-05 10:15:00;;0;125,309;172,8481;0,18999149
2026-01-05 10:30:00;;0;124,139;171,6781;0,19083595
2026-01-05 10:45:00;;0;121,639;169,1781;0,18973026
2026-01-05 11:00:00;1,12;22,58;122,329;169,8681;0,20946804
2026-01-05 11:15:00;1,21;21,44;120,629;168,1681;0,20195198
2026-01-05 11:30:00;1,05;18,27;121,159;168,6981;0,19476888
2026-01-05 11:45:00;1,05;18,05;120,439;167,9781;0,18507288
2026-01-05 12:00:00;0,96;16,72;119,409;166,9481;0,18564346
2026-01-05 12:15:00;0,76;20,58;117,539;165,0781;0,16826284
2026-01-05 12:30:00;2,49;17,12;119,529;167,0681;0,14839712
2026-01-05 12:45:00;4,87;13,47;121,919;169,4581;0,12763916
2026-01-05 13:00:00;6,16;11,01;114,609;162,1481;0,10423375
2026-01-05 13:15:00;5,77;12,6;118,069;165,6081;0,086082034
2026-01-05 13:30:00;6,4;10,76;126,069;173,6081;0,068967655
2026-01-05 13:45:00;7,91;8,12;142,049;189,5881;0,051039755
2026-01-05 14:00:00;8,15;7,24;122,599;170,1381;0,035580374
2026-01-05 14:15:00;7,88;7,44;130,569;178,1081;0,016093956
2026-01-05 14:30:00;4,48;10,37;146,009;193,5481;0,003780263
2026-01-05 14:45:00;4,17;10,44;142,349;189,8881;0,000200532
2026-01-05 15:00:00;2,54;13,98;144,319;191,8581;0
2026-01-05 15:15:00;1,02;17,65;150,019;197,5581;0
2026-01-05 15:30:00;0,27;19,81;171,049;218,5881;0
2026-01-05 15:45:00;0,06;15,15;186,389;233,9281;0
2026-01-05 16:00:00;0,06;14,78;172,769;220,3081;0
2026-01-05 16:15:00;0,05;19,11;198,749;246,2881;0
2026-01-05 16:30:00;0,05;19,95;235,139;282,6781;0
2026-01-05 16:45:00;0,05;18,49;233,929;281,4681;0
2026-01-05 17:00:00;0,06;16,97;210,189;257,7281;0
2026-01-05 17:15:00;0,05;18,35;207,269;254,8081;0
2026-01-05 17:30:00;0,05;20,26;208,129;255,6681;0
2026-01-05 17:45:00;0,05;24,59;191,749;239,2881;0
2026-01-05 18:00:00;0,05;22,03;212,869;260,4081;0
2026-01-05 18:15:00;0,05;13,25;199,719;247,2581;0
2026-01-05 18:30:00;0,06;12,65;152,749;200,2881;0
2026-01-05 18:45:00;0,06;12,97;128,859;176,3981;0
2026-01-05 19:00:00;0,05;13,51;162,049;209,5881;0
2026-01-05 19:15:00;0,06;13,35;137,479;185,0181;0
2026-01-05 19:30:00;0,03;12,21;128,839;176,3781;0
2026-01-05 19:45:00;0,05;11,91;122,759;170,2981;0
2026-01-05 20:00:00;0,05;12,9;128,569;176,1081;0
2026-01-05 20:15:00;0,05;12,09;125,799;173,3381;0
2026-01-05 20:30:00;0,05;8,93;116,509;164,0481;0
2026-01-05 20:45:00;0,05;9,02;108,529;156,0681;0
2026-01-05 21:00:00;0,05;8,34;119,459;166,9981;0
2026-01-05 21:15:00;0,05;10,23;113,229;160,7681;0
2026-01-05 21:30:00;0,06;9,15;114,919;162,4581;0
2026-01-05 21:45:00;0,06;9,75;110,789;158,3281;0
2026-01-05 22:00:00;0,04;9,53;110,259;157,7981;0
2026-01-05 22:15:00;0,05;10;103,159;150,6981;0
2026-01-05 22:30:00;0,05;10;98,009;145,5481;0
2026-01-05 22:45:00;0,05;20,16;96,769;144,3081;0
2026-01-05 23:00:00;0,05;17,47;105,519;153,0581;0
2026-01-05 23:15:00;0,05;15,27;98,129;145,6681;0
2026-01-05 23:30:00;0,04;16,37;91,649;139,1881;0
2026-01-05 23:45:00;0,06;16,45;86,479;134,0181;0
2026-01-06 00:00:00;0,05;16,83;100,749;148,2881;0
2026-01-06 00:15:00;0,04;15,8;97,169;144,7081;0
2026-01-06 00:30:00;0,05;16,35;93,019;140,5581;0
2026-01-06 00:45:00;0,05;16,41;90,459;137,9981;0
2026-01-06 01:00:00;0,05;15,59;95,119;142,6581;0
2026-01-06 01:15:00;0,05;15,11;91,589;139,1281;0
2026-01-06 01:30:00;0,06;15,75;91,609;139,1481;0
2026-01-06 01:45:00;0,05;16,76;90,859;138,3981;0
2026-01-06 02:00:00;0,05;16,58;91,779;139,3181;0
2026-01-06 02:15:00;0,05;18;90,799;138,3381;0
2026-01-06 02:30:00;0,05;16,53;90,759;138,2981;0
2026-01-06 02:45:00;0,06;11,59;90,009;137,5481;0
2026-01-06 03:00:00;0,06;8,48;89,859;137,3981;0
2026-01-06 03:15:00;0,05;9,09;90,629;138,1681;0
2026-01-06 03:30:00;0,05;8,42;94,759;142,2981;0
2026-01-06 03:45:00;0,06;8,53;97,559;145,0981;0
2026-01-06 04:00:00;0,06;9,96;91,139;138,6781;0
2026-01-06 04:15:00;0,06;17,02;93,079;140,6181;0
2026-01-06 04:30:00;0,06;19,12;101,529;149,0681;0
2026-01-06 04:45:00;0,05;18,81;105,249;152,7881;0
2026-01-06 05:00:00;0,06;18,34;102,819;150,3581;0
2026-01-06 05:15:00;0,06;17,27;108,499;156,0381;0
2026-01-06 05:30:00;0,05;17,06;112,169;159,7081;0
2026-01-06 05:45:00;0,05;15,27;124,659;172,1981;0
2026-01-06 06:00:00;0,05;13,99;112,419;159,9581;0
2026-01-06 06:15:00;0,05;14,46;128,649;176,1881;0
2026-01-06 06:30:00;0,05;7,14;138,179;185,7181;7,06E-06
2026-01-06 06:45:00;0,06;6,63;137,739;185,2781;0,000858656
2026-01-06 07:00:00;0,05;7,19;144,259;191,7981;0,004212949
2026-01-06 07:15:00;0,05;9,2;159,469;207,0081;0,010310078
2026-01-06 07:30:00;0,05;9,93;161,699;209,2381;0,018150363
2026-01-06 07:45:00;0,06;8,35;154,309;201,8481;0,02672808
2026-01-06 08:00:00;0,05;13,33;180,659;228,1981;0,048111346
2026-01-06 08:15:00;0,05;12,67;160,719;208,2581;0,059495747
2026-01-06 08:30:00;0,05;13,17;157,089;204,6281;0,06685616
2026-01-06 08:45:00;0,05;13,42;139,809;187,3481;0,06959432
2026-01-06 09:00:00;0,29;26,9;167,599;215,1381;0,06521451
2026-01-06 09:15:00;0,88;28,92;140,849;188,3881;0,06800766
2026-01-06 09:30:00;1,89;26,21;140,769;188,3081;0,070177644
2026-01-06 09:45:00;2,59;24,16;133,149;180,6881;0,07162004
2026-01-06 10:00:00;3,21;23,38;152,379;199,9181;0,050166134
2026-01-06 10:15:00;3,82;22,06;139,209;186,7481;0,051883876
2026-01-06 10:30:00;4,34;19,96;133,719;181,2581;0,053921066
2026-01-06 10:45:00;5,05;19,66;126,749;174,2881;0,05644212
2026-01-06 11:00:00;5,92;20,99;131,669;179,2081;0,05087314
2026-01-06 11:15:00;6,77;17,57;125,779;173,3181;0,05536219
2026-01-06 11:30:00;7,67;16,88;122,609;170,1481;0,059531104
2026-01-06 11:45:00;9;15,74;119,169;166,7081;0,06199988
2026-01-06 12:00:00;11,62;11,04;124,249;171,7881;0,058345426
2026-01-06 12:15:00;14,19;5,51;120,349;167,8881;0,060041916
2026-01-06 12:30:00;14,58;5,51;113,289;160,8281;0,057587247
2026-01-06 12:45:00;14,43;7,12;113,749;161,2881;0,05100031
2026-01-06 13:00:00;14,15;4,92;113,039;160,5781;0,042495187
2026-01-06 13:15:00;14,02;4,56;117,989;165,5281;0,035977867
2026-01-06 13:30:00;13,76;4,73;116,149;163,6881;0,029353438
2026-01-06 13:45:00;13,54;4,52;123,249;170,7881;0,022141017
2026-01-06 14:00:00;12,02;3,97;109,729;157,2681;0,015338753
2026-01-06 14:15:00;10,35;5,63;118,879;166,4181;0,007994486
2026-01-06 14:30:00;7,28;8,92;123,879;171,4181;0,00253831
2026-01-06 14:45:00;6,51;11,7;136,969;184,5081;0,000199512
2026-01-06 15:00:00;3,94;14,98;119,389;166,9281;0
2026-01-06 15:15:00;1,35;16,13;133,409;180,9481;0
2026-01-06 15:30:00;0,71;16,64;138,799;186,3381;0
2026-01-06 15:45:00;0,18;14,69;151,369;198,9081;0
2026-01-06 16:00:00;0,05;18,05;132,919;180,4581;0
2026-01-06 16:15:00;0,05;23;137,849;185,3881;0
2026-01-06 16:30:00;0,05;23,22;152,749;200,2881;0
2026-01-06 16:45:00;0,06;20,68;151,449;198,9881;0
2026-01-06 17:00:00;0,06;20,21;150,689;198,2281;0
2026-01-06 17:15:00;0,05;23;141,039;188,5781;0
2026-01-06 17:30:00;0,06;23,26;137,599;185,1381;0
2026-01-06 17:45:00;0,06;23,59;126,739;174,2781;0
2026-01-06 18:00:00;0,05;25,94;145,729;193,2681;0
2026-01-06 18:15:00;0,05;21,7;130,629;178,1681;0
2026-01-06 18:30:00;0,05;19,04;124,629;172,1681;0
2026-01-06 18:45:00;0,05;15,28;118,479;166,0181;0
2026-01-06 19:00:00;0,05;15,48;124,739;172,2781;0
2026-01-06 19:15:00;0,05;15,7;114,559;162,0981;0
2026-01-06 19:30:00;0,05;16,63;108,639;156,1781;0
2026-01-06 19:45:00;0,05;15,81;101,529;149,0681;0
2026-01-06 20:00:00;0,05;15,37;110,519;158,0581;0
2026-01-06 20:15:00;0,05;12,93;107,099;154,6381;0
2026-01-06 20:30:00;0,05;13,39;103,989;151,5281;0
2026-01-06 20:45:00;0,06;13,81;102,069;149,6081;0
2026-01-06 21:00:00;0,05;12,34;100,869;148,4081;0
2026-01-06 21:15:00;0,05;11,88;101,329;148,8681;0
2026-01-06 21:30:00;0,05;12,89;101,369;148,9081;0
2026-01-06 21:45:00;0,05;13,36;99,479;147,0181;0
2026-01-06 22:00:00;0,05;14,28;100,809;148,3481;0
2026-01-06 22:15:00;0,05;13,57;98,159;145,6981;0
2026-01-06 22:30:00;0,05;13,1;92,779;140,3181;0
2026-01-06 22:45:00;0,05;21,25;78,279;125,8181;0
2026-01-06 23:00:00;0,04;21,9;97,119;144,6581;0
2026-01-06 23:15:00;0,04;20,63;91,249;138,7881;0
2026-01-06 23:30:00;0,04;19,24;81,929;129,4681;0
2026-01-06 23:45:00;0,04;17,9;78,099;125,6381;0
2026-01-07 00:00:00;0,05;19,1;86,779;134,3181;0
2026-01-07 00:15:00;0,05;21,46;83,369;130,9081;0
2026-01-07 00:30:00;0,05;25,06;79,439;126,9781;0
2026-01-07 00:45:00;0,05;23,79;78,079;125,6181;0
2026-01-07 01:00:00;0,05;23,21;79,629;127,1681;0
2026-01-07 01:15:00;0,04;21,98;77,579;125,1181;0
2026-01-07 01:30:00;0,05;26,97;78,349;125,8881;0
2026-01-07 01:45:00;0,04;24,69;76,299;123,8381;0
2026-01-07 02:00:00;0,04;23,02;75,829;123,3681;0
2026-01-07 02:15:00;0,05;22,95;73,599;121,1381;0
2026-01-07 02:30:00;0,04;21,79;72,669;120,2081;0
2026-01-07 02:45:00;0,05;17,45;71,699;119,2381;0
2026-01-07 03:00:00;0,05;14,84;72,779;120,3181;0
2026-01-07 03:15:00;0,05;12,89;72,669;120,2081;0
2026-01-07 03:30:00;0,05;13,74;72,309;119,8481;0
2026-01-07 03:45:00;0,05;13,55;73,599;121,1381;0
2026-01-07 04:00:00;0,05;16,09;77,059;124,5981;0
2026-01-07 04:15:00;0,05;15,17;76,549;124,0881;0
2026-01-07 04:30:00;0,05;14,29;78,239;125,7781;0
2026-01-07 04:45:00;0,05;15,9;82,199;129,7381;0
2026-01-07 05:00:00;0,05;22,67;78,569;126,1081;0
2026-01-07 05:15:00;0,04;24,25;81,959;129,4981;0
2026-01-07 05:30:00;0,04;22,38;87,659;135,1981;0
2026-01-07 05:45:00;0,05;18,56;91,219;138,7581;0
2026-01-07 06:00:00;0,05;18,97;98,679;146,2181;0
2026-01-07 06:15:00;0,05;18,54;100,159;147,6981;0
2026-01-07 06:30:00;0,05;18,45;102,539;150,0781;5,53E-06
2026-01-07 06:45:00;0,05;17,72;103,789;151,3281;0,000887133
2026-01-07 07:00:00;0,05;12,16;104,379;151,9181;0,005705247
2026-01-07 07:15:00;0,06;10,24;103,989;151,5281;0,015212773
2026-01-07 07:30:00;0,05;12,18;107,239;154,7781;0,026614852
2026-01-07 07:45:00;0,05;11,12;102,599;150,1381;0,03719491
2026-01-07 08:00:00;0,05;10,42;107,869;155,4081;0,023052463
2026-01-07 08:15:00;0,05;18,26;108,659;156,1981;0,030156499
2026-01-07 08:30:00;0,1;18,64;107,439;154,9781;0,037789963
2026-01-07 08:45:00;0,21;16,49;95,039;142,5781;0,04530305
2026-01-07 09:00:00;0,26;22,87;108,619;156,1581;0,052679114
2026-01-07 09:15:00;0,56;23,41;100,879;148,4181;0,060205553
2026-01-07 09:30:00;0,82;26,17;97,889;145,4281;0,06735609
2026-01-07 09:45:00;1,13;23,55;93,809;141,3481;0,074117206
2026-01-07 10:00:00;1,74;19,58;94,229;141,7681;0,09220185
2026-01-07 10:15:00;1,75;19,12;92,009;139,5481;0,09628296
2026-01-07 10:30:00;3,36;18,29;90,749;138,2881;0,09933684
2026-01-07 10:45:00;3,33;19,57;92,149;139,6881;0,101171635
2026-01-07 11:00:00;2,63;19,42;91,379;138,9181;0,13412504
2026-01-07 11:15:00;2,2;17,28;88,609;136,1481;0,13004886
2026-01-07 11:30:00;3,25;16,26;89,109;136,6481;0,12600805
2026-01-07 11:45:00;3,12;17,22;86,949;134,4881;0,119402416
2026-01-07 12:00:00;2,64;18,47;90,709;138,2481;0,1376416
2026-01-07 12:15:00;3,65;19,18;87,019;134,5581;0,12116698
2026-01-07 12:30:00;5,01;16,6;83,399;130,9381;0,10385445
2026-01-07 12:45:00;5,56;15,36;85,139;132,6781;0,08662973
2026-01-07 13:00:00;4,67;14,05;83,889;131,4281;0,084936224
2026-01-07 13:15:00;4,3;14,86;87,209;134,7481;0,06652829
2026-01-07 13:30:00;3,63;16,93;87,999;135,5381;0,050579693
2026-01-07 13:45:00;3,33;17,26;94,729;142,2681;0,036088716
2026-01-07 14:00:00;3,07;15,76;89,509;137,0481;0,023800865
2026-01-07 14:15:00;2,71;16,33;96,369;143,9081;0,011152583
2026-01-07 14:30:00;2,59;17,26;99,309;146,8481;0,003143645
2026-01-07 14:45:00;1,47;20,45;96,699;144,2381;0,000216683
2026-01-07 15:00:00;0,56;18,02;99,409;146,9481;0
2026-01-07 15:15:00;0,23;16,59;103,259;150,7981;0
2026-01-07 15:30:00;0,09;18,22;106,509;154,0481;0
2026-01-07 15:45:00;0,05;15,12;114,469;162,0081;0
2026-01-07 16:00:00;0,05;16,16;111,029;158,5681;0
2026-01-07 16:15:00;0,06;19,27;115,399;162,9381;0
2026-01-07 16:30:00;0,05;17,73;121,429;168,9681;0
2026-01-07 16:45:00;0,05;18,93;123,949;171,4881;0
2026-01-07 17:00:00;0,05;19,25;116,049;163,5881;0
2026-01-07 17:15:00;0,06;20,78;116,539;164,0781;0
2026-01-07 17:30:00;0,05;21,14;126,709;174,2481;0
2026-01-07 17:45:00;0,05;23,35;146,699;194,2381;0
2026-01-07 18:00:00;0,05;23,14;136,359;183,8981;0
2026-01-07 18:15:00;0,05;14,93;129,189;176,7281;0
2026-01-07 18:30:00;0,05;14,43;127,069;174,6081;0
2026-01-07 18:45:00;0,05;13,86;121,759;169,2981;0
2026-01-07 19:00:00;0,05;12,78;114,149;161,6881;0
2026-01-07 19:15:00;0,05;13,23;118,169;165,7081;0
2026-01-07 19:30:00;0,05;12,22;111,649;159,1881;0
2026-01-07 19:45:00;0,05;12,68;106,369;153,9081;0
2026-01-07 20:00:00;0,05;11,62;100,229;147,7681;0
2026-01-07 20:15:00;0,05;10,43;96,269;143,8081;0
2026-01-07 20:30:00;0,05;10,82;90,369;137,9081;0
2026-01-07 20:45:00;0,05;9,77;81,439;128,9781;0
2026-01-07 21:00:00;0,05;9,83;81,439;128,9781;0
2026-01-07 21:15:00;0,05;10,52;86,469;134,0081;0
2026-01-07 21:30:00;0,06;9,96;91,839;139,3781;0
2026-01-07 21:45:00;0,05;9,92;88,509;136,0481;0
2026-01-07 22:00:00;0,05;9,88;88,289;135,8281;0
2026-01-07 22:15:00;0,05;9,01;80,389;127,9281;0
2026-01-07 22:30:00;0,05;9,66;77,919;125,4581;0
2026-01-07 22:45:00;0,05;20,36;74,849;122,3881;0
2026-01-07 23:00:00;0,05;18,88;77,879;125,4181;0
2026-01-07 23:15:00;0,05;15,92;76,269;123,8081;0
2026-01-07 23:30:00;0,04;17,14;73,149;120,6881;0
2026-01-07 23:45:00;0,05;15,78;71,549;119,0881;0
2026-01-08 00:00:00;0,05;16,86;75,219;122,7581;0
2026-01-08 00:15:00;0,05;14,7;72,759;120,2981;0
2026-01-08 00:30:00;0,05;15,2;73,749;121,2881;0
2026-01-08 00:45:00;0,05;15,46;72,269;119,8081;0
2026-01-08 01:00:00;0,05;15,77;75,449;122,9881;0
2026-01-08 01:15:00;0,05;17,78;75,689;123,2281;0
2026-01-08 01:30:00;0,05;17,66;74,339;121,8781;0
2026-01-08 01:45:00;0,05;16,11;75,609;123,1481;0
2026-01-08 02:00:00;0,05;14,75;73,389;120,9281;0
2026-01-08 02:15:00;0,05;16,52;73,759;121,2981;0
2026-01-08 02:30:00;0,04;16,68;72,509;120,0481;0
2026-01-08 02:45:00;0,05;11,72;73,229;120,7681;0
2026-01-08 03:00:00;0,05;8,17;71,789;119,3281;0
2026-01-08 03:15:00;0,05;8,44;75,749;123,2881;0
2026-01-08 03:30:00;0,04;8,77;78,039;125,5781;0
2026-01-08 03:45:00;0,05;9,44;77,989;125,5281;0
2026-01-08 04:00:00;0,05;18,41;76,009;123,5481;0
2026-01-08 04:15:00;0,05;13,47;77,549;125,0881;0
2026-01-08 04:30:00;0,05;16,6;79,219;126,7581;0
2026-01-08 04:45:00;0,05;19,5;80,139;127,6781;0
2026-01-08 05:00:00;0,05;19,19;76,959;124,4981;0
2026-01-08 05:15:00;0,05;18,64;79,009;126,5481;0
2026-01-08 05:30:00;0,05;18,35;94,999;142,5381;0
2026-01-08 05:45:00;0,05;16,33;104,539;152,0781;0
2026-01-08 06:00:00;0,05;16,33;94,609;142,1481;0
2026-01-08 06:15:00;0,05;15,54;101,439;148,9781;0
2026-01-08 06:30:00;0,05;15,72;122,339;169,8781;3,74E-06
2026-01-08 06:45:00;0,05;9,42;151,899;199,4381;0,000155648
2026-01-08 07:00:00;0,06;8,52;159,059;206,5981;0,000587484
2026-01-08 07:15:00;0,06;9,94;159,009;206,5481;0,001181428
2026-01-08 07:30:00;0,06;15,86;160,069;207,6081;0,001837002
2026-01-08 07:45:00;0,07;16,95;162,739;210,2781;0,002514508
2026-01-08 08:00:00;0,98;15,79;172,329;219,8681;0,003124178
2026-01-08 08:15:00;2,16;12,97;184,739;232,2781;0,003805
2026-01-08 08:30:00;3,73;9,71;198,899;246,4381;0,004558672
2026-01-08 08:45:00;5,63;7,8;170,089;217,6281;0,005321355
2026-01-08 09:00:00;7,46;16,55;194,759;242,2981;0,006132832
2026-01-08 09:15:00;7,77;15,09;192,869;240,4081;0,006796992
2026-01-08 09:30:00;7,44;13,93;179,929;227,4681;0,007407088
2026-01-08 09:45:00;7,81;12,94;170,139;217,6781;0,007915599
2026-01-08 10:00:00;7,89;14,27;191,899;239,4381;0,009454993
2026-01-08 10:15:00;8,34;13,78;174,919;222,4581;0,009618631
2026-01-08 10:30:00;8,59;12,45;174,789;222,3281;0,009699048
2026-01-08 10:45:00;8,38;11,1;165,259;212,7981;0,009721319
2026-01-08 11:00:00;10,72;7,36;170,839;218,3781;0,011638909
2026-01-08 11:15:00;12,31;6,64;167,329;214,8681;0,01124269
2026-01-08 11:30:00;12,05;6,58;166,949;214,4881;0,010897477
2026-01-08 11:45:00;13,91;4,04;175,979;223,5181;0,010292311
2026-01-08 12:00:00;9,52;10,2;167,069;214,6081;0,011160233
2026-01-08 12:15:00;8,69;10,39;179,119;226,6581;0,010190048
2026-01-08 12:30:00;7,15;11,46;175,869;223,4081;0,008999525
2026-01-08 12:45:00;7,39;9,22;180,069;227,6081;0,007583478
2026-01-08 13:00:00;6,48;9,79;165,429;212,9681;0,007538509
2026-01-08 13:15:00;6,57;11,13;186,379;233,9181;0,005729729
2026-01-08 13:30:00;7,27;10,98;199,029;246,5681;0,004186682
2026-01-08 13:45:00;7,09;12,37;184,729;232,2681;0,002913786
2026-01-08 14:00:00;5,09;12,58;178,299;225,8381;0,001972163
2026-01-08 14:15:00;3,46;12,65;179,689;227,2281;0,001089705
2026-01-08 14:30:00;3,13;12,77;176,859;224,3981;0,000407779
2026-01-08 14:45:00;1,75;15,4;178,689;226,2281;5,81E-05
2026-01-08 15:00:00;1,04;15,93;156,099;203,6381;0
2026-01-08 15:15:00;0,62;18,36;163,709;211,2481;0
2026-01-08 15:30:00;0,16;20,65;179,259;226,7981;0
2026-01-08 15:45:00;0,05;15,93;194,839;242,3781;0
2026-01-08 16:00:00;0,06;18,28;167,649;215,1881;0
2026-01-08 16:15:00;0,06;19,92;170,839;218,3781;0
2026-01-08 16:30:00;0,05;18,58;158,359;205,8981;0
2026-01-08 16:45:00;0,06;19,12;144,419;191,9581;0
2026-01-08 17:00:00;0,06;18,55;182,109;229,6481;0
2026-01-08 17:15:00;0,06;19,58;144,149;191,6881;0
2026-01-08 17:30:00;0,06;21,05;134,809;182,3481;0
2026-01-08 17:45:00;0,05;23,34;115,349;162,8881;0
2026-01-08 18:00:00;0,06;23,09;131,719;179,2581;0
2026-01-08 18:15:00;0,05;21,08;127,149;174,6881;0
2026-01-08 18:30:00;0,05;14,85;99,209;146,7481;0
2026-01-08 18:45:00;0,05;13,03;86,359;133,8981;0
2026-01-08 19:00:00;0,05;14,01;105,589;153,1281;0
2026-01-08 19:15:00;0,05;13,5;87,829;135,3681;0
2026-01-08 19:30:00;0,05;16;79,719;127,2581;0
2026-01-08 19:45:00;0,06;10,68;75,749;123,2881;0
2026-01-08 20:00:00;0,06;9,77;90,689;138,2281;0
2026-01-08 20:15:00;0,05;10,41;85,439;132,9781;0
2026-01-08 20:30:00;0,05;10,36;79,249;126,7881;0
2026-01-08 20:45:00;0,05;11,76;73,559;121,0981;0
2026-01-08 21:00:00;0,06;10,55;89,019;136,5581;0
2026-01-08 21:15:00;0,05;9,69;78,209;125,7481;0
2026-01-08 21:30:00;0,06;9,34;77,019;124,5581;0
2026-01-08 21:45:00;0,05;10,51;71,039;118,5781;0
2026-01-08 22:00:00;0,05;10,67;81,249;128,7881;0
2026-01-08 22:15:00;0,05;8,92;70,879;118,4181;0
2026-01-08 22:30:00;0,06;6,24;60,519;108,0581;0
2026-01-08 22:45:00;0,05;16,62;58,119;105,6581;0
2026-01-08 23:00:00;0,05;18,43;78,729;126,2681;0
2026-01-08 23:15:00;0,05;17,97;63,799;111,3381;0
2026-01-08 23:30:00;0,05;17,36;51,899;99,4381;0
2026-01-08 23:45:00;0,05;17,98;51,539;99,0781;0
2026-01-09 00:00:00;0,05;17,27;59,279;106,8181;0
2026-01-09 00:15:00;0,05;15,43;57,409;104,9481;0
2026-01-09 00:30:00;0,06;16,14;53,209;100,7481;0
2026-01-09 00:45:00;0,05;16,9;46,879;94,4181;0
2026-01-09 01:00:00;0,05;18,45;48,709;96,2481;0
2026-01-09 01:15:00;0,05;18,42;42,919;90,4581;0
2026-01-09 01:30:00;0,05;16,89;37,989;85,5281;0
2026-01-09 01:45:00;0,05;16,75;36,509;84,0481;0
2026-01-09 02:00:00;0,05;17,32;38,929;86,4681;0
2026-01-09 02:15:00;0,05;16,41;35,119;82,6581;0
2026-01-09 02:30:00;0,05;16,84;32,259;79,7981;0
2026-01-09 02:45:00;0,05;9,8;29,609;77,1481;0
2026-01-09 03:00:00;0,05;7,56;29,709;77,2481;0
2026-01-09 03:15:00;0,05;7,14;29,799;77,3381;0
2026-01-09 03:30:00;0,06;8,61;32,019;79,5581;0
2026-01-09 03:45:00;0,05;9,95;34,859;82,3981;0
2026-01-09 04:00:00;0,05;16,35;38,579;86,1181;0
2026-01-09 04:15:00;0,05;18,89;39,169;86,7081;0
2026-01-09 04:30:00;0,06;18,06;44,229;91,7681;0
2026-01-09 04:45:00;0,06;17,47;49,359;96,8981;0
2026-01-09 05:00:00;0,05;18,62;56,079;103,6181;0
2026-01-09 05:15:00;0,06;21,07;63,859;111,3981;0
2026-01-09 05:30:00;0,05;18,03;63,999;111,5381;0
2026-01-09 05:45:00;0,06;21,34;68,359;115,8981;0
2026-01-09 06:00:00;0,06;17,29;71,629;119,1681;0
2026-01-09 06:15:00;0,05;14,44;78,939;126,4781;0
2026-01-09 06:30:00;0,05;11,84;81,899;129,4381;7,91E-06
2026-01-09 06:45:00;0,05;12,48;88,789;136,3281;0,000491766
2026-01-09 07:00:00;0,05;15,12;80,229;127,7681;0,001929065
2026-01-09 07:15:00;0,05;15,37;85,059;132,5981;0,004075662
2026-01-09 07:30:00;0,06;15,25;86,369;133,9081;0,006713685
2026-01-09 07:45:00;0,05;14,79;81,819;129,3581;0,0097923
2026-01-09 08:00:00;0,07;16,57;84,539;132,0781;0,013766634
2026-01-09 08:15:00;0,19;13,11;82,009;129,5481;0,01752097
2026-01-09 08:30:00;0,54;10,98;79,409;126,9481;0,020820431
2026-01-09 08:45:00;0,66;11,42;82,299;129,8381;0,023122167
2026-01-09 09:00:00;0,86;21,8;86,239;133,7781;0,031806827
2026-01-09 09:15:00;1,46;20,21;80,869;128,4081;0,033427827
2026-01-09 09:30:00;5,55;16,39;88,709;136,2481;0,034713898
2026-01-09 09:45:00;4,64;19,54;83,439;130,9781;0,035220116
2026-01-09 10:00:00;4,88;17,72;86,759;134,2981;0,05640319
2026-01-09 10:15:00;7,87;13,22;81,659;129,1981;0,055208754
2026-01-09 10:30:00;6,9;13,59;76,619;124,1581;0,053444687
2026-01-09 10:45:00;5,81;15;74,079;121,6181;0,05121614
2026-01-09 11:00:00;6,09;15,26;78,729;126,2681;0,052140936
2026-01-09 11:15:00;4,91;16,23;74,689;122,2281;0,048739377
2026-01-09 11:30:00;7,55;13,68;77,529;125,0681;0,045384914
2026-01-09 11:45:00;8,72;12,74;76,239;123,7781;0,040888555
2026-01-09 12:00:00;6,3;14,26;80,539;128,0781;0,036397804
2026-01-09 12:15:00;7,03;11,61;75,849;123,3881;0,031505648
2026-01-09 12:30:00;5,36;13,53;73,149;120,6881;0,027331887
2026-01-09 12:45:00;4,43;14,58;72,359;119,8981;0,02365814
2026-01-09 13:00:00;4,46;13,5;69,919;117,4581;0,021967942
2026-01-09 13:15:00;4,2;16,47;70,199;117,7381;0,017601047
2026-01-09 13:30:00;3,99;14,9;70,939;118,4781;0,013615406
2026-01-09 13:45:00;3,96;13,81;74,659;122,1981;0,010039926
2026-01-09 14:00:00;4,06;13,86;72,079;119,6181;0,0061693
2026-01-09 14:15:00;2,66;16,19;75,659;123,1981;0,003584151
2026-01-09 14:30:00;1,75;17,34;74,739;122,2781;0,001434154
2026-01-09 14:45:00;1,71;17,49;80,079;127,6181;0,000231984
2026-01-09 15:00:00;1,52;18,47;71,079;118,6181;0
2026-01-09 15:15:00;0,84;18,86;76,069;123,6081;0
2026-01-09 15:30:00;0,08;20,07;77,869;125,4081;0
2026-01-09 15:45:00;0,06;18,29;76,949;124,4881;0
2026-01-09 16:00:00;0,06;16,13;83,649;131,1881;0
2026-01-09 16:15:00;0,06;20,41;83,519;131,0581;0
2026-01-09 16:30:00;0,06;21,46;81,379;128,9181;0
2026-01-09 16:45:00;0,06;21,25;84,119;131,6581;0
2026-01-09 17:00:00;0,06;21,42;80,749;128,2881;0
2026-01-09 17:15:00;0,06;20,19;84,099;131,6381;0
2026-01-09 17:30:00;0,06;21,67;84,379;131,9181;0
2026-01-09 17:45:00;0,05;25,86;79,609;127,1481;0
2026-01-09 18:00:00;0,05;16,54;80,419;127,9581;0
2026-01-09 18:15:00;0,05;15,93;79,599;127,1381;0
2026-01-09 18:30:00;0,05;15,39;77,049;124,5881;0
2026-01-09 18:45:00;0,06;16,59;77,899;125,4381;0
2026-01-09 19:00:00;0,06;15,46;75,919;123,4581;0
2026-01-09 19:15:00;0,06;15,37;75,009;122,5481;0
2026-01-09 19:30:00;0,05;16,24;74,289;121,8281;0
2026-01-09 19:45:00;0,05;17,66;74,209;121,7481;0
2026-01-09 20:00:00;0,06;13,48;77,279;124,8181;0
2026-01-09 20:15:00;0,06;14,14;74,559;122,0981;0
2026-01-09 20:30:00;0,06;12,46;72,409;119,9481;0
2026-01-09 20:45:00;0,06;13,54;68,089;115,6281;0
2026-01-09 21:00:00;0,06;12,56;76,709;124,2481;0
2026-01-09 21:15:00;0,06;14,9;72,339;119,8781;0
2026-01-09 21:30:00;0,06;11,42;71,849;119,3881;0
2026-01-09 21:45:00;0,05;11,11;68,539;116,0781;0
2026-01-09 22:00:00;0,06;11,76;69,689;117,2281;0
2026-01-09 22:15:00;0,06;13,37;65,379;112,9181;0
2026-01-09 22:30:00;0,06;12,45;66,079;113,6181;0
2026-01-09 22:45:00;0,05;22,29;63,429;110,9681;0
2026-01-09 23:00:00;0,05;20,96;70,789;118,3281;0
2026-01-09 23:15:00;0,05;21,16;65,379;112,9181;0
2026-01-09 23:30:00;0,05;20,45;60,389;107,9281;0
2026-01-09 23:45:00;0,05;21,26;58,929;106,4681;0
2026-01-10 00:00:00;0,05;20,56;62,189;109,7281;0
2026-01-10 00:15:00;0,05;24,59;60,359;107,8981;0
2026-01-10 00:30:00;0,05;27,12;59,289;106,8281;0
2026-01-10 00:45:00;0,05;25,64;57,959;105,4981;0
2026-01-10 01:00:00;0,05;26,64;58,439;105,9781;0
2026-01-10 01:15:00;0,05;23,07;56,859;104,3981;0
2026-01-10 01:30:00;0,05;23,39;56,349;103,8881;0
2026-01-10 01:45:00;0,05;23,86;56,269;103,8081;0
2026-01-10 02:00:00;0,05;21,8;57,229;104,7681;0
2026-01-10 02:15:00;0,05;24,1;56,579;104,1181;0
2026-01-10 02:30:00;0,05;19,51;55,919;103,4581;0
2026-01-10 02:45:00;0,05;17,22;54,479;102,0181;0
2026-01-10 03:00:00;0,06;13,27;53,639;101,1781;0
2026-01-10 03:15:00;0,05;13,64;53,339;100,8781;0
2026-01-10 03:30:00;0,05;13,56;53,439;100,9781;0
2026-01-10 03:45:00;0,05;13,7;54,109;101,6481;0
2026-01-10 04:00:00;0,06;14,14;55,899;103,4381;0
2026-01-10 04:15:00;0,06;12,75;55,979;103,5181;0
2026-01-10 04:30:00;0,05;14,91;60,219;107,7581;0
2026-01-10 04:45:00;0,06;14,07;61,559;109,0981;0
2026-01-10 05:00:00;0,06;20,78;57,149;104,6881;0
2026-01-10 05:15:00;0,06;22,74;59,349;106,8881;0
2026-01-10 05:30:00;0,05;19,95;62,149;109,6881;0
2026-01-10 05:45:00;0,05;17,24;69,029;116,5681;0
2026-01-10 06:00:00;0,05;18,02;65,589;113,1281;0
2026-01-10 06:15:00;0,05;16,39;67,549;115,0881;0
2026-01-10 06:30:00;0,05;10,72;70,219;117,7581;1,48E-05
2026-01-10 06:45:00;0,05;11,06;73,109;120,6481;0,000451727
2026-01-10 07:00:00;0,05;11,43;71,589;119,1281;0,001675659
2026-01-10 07:15:00;0,05;13,79;73,639;121,1781;0,003397731
2026-01-10 07:30:00;0,05;13,64;79,359;126,8981;0,005381625
2026-01-10 07:45:00;0,05;13,95;82,769;130,3081;0,00749184
2026-01-10 08:00:00;0,05;12,81;82,109;129,6481;0,007772703
2026-01-10 08:15:00;0,06;15,88;83,789;131,3281;0,009429405
2026-01-10 08:30:00;0,16;20,4;81,869;129,4081;0,011073101
2026-01-10 08:45:00;0,18;17,92;77,819;125,3581;0,01257339
2026-01-10 09:00:00;0,48;26,19;81,149;128,6881;0,014619339
2026-01-10 09:15:00;0,77;23,58;79,559;127,0981;0,01601116
2026-01-10 09:30:00;1,04;22,82;85,079;132,6181;0,017294511
2026-01-10 09:45:00;1,15;21,27;84,779;132,3181;0,018421449
2026-01-10 10:00:00;1,37;24,07;79,779;127,3181;0,02357364
2026-01-10 10:15:00;1,22;20,66;80,739;128,2781;0,023767201
2026-01-10 10:30:00;1,51;21,72;84,509;132,0481;0,02376193
2026-01-10 10:45:00;1,37;19,51;81,729;129,2681;0,023532838
2026-01-10 11:00:00;2,33;17,85;81,219;128,7581;0,023884512
2026-01-10 11:15:00;2,4;20,16;83,789;131,3281;0,023024749
2026-01-10 11:30:00;1,35;19,48;86,189;133,7281;0,02221557
2026-01-10 11:45:00;1,86;19,23;84,139;131,6781;0,020828763
2026-01-10 12:00:00;2,27;18,27;81,479;129,0181;0,020281574
2026-01-10 12:15:00;2,91;17,44;83,339;130,8781;0,01831111
2026-01-10 12:30:00;2,44;18,9;81,129;128,6681;0,016176073
2026-01-10 12:45:00;2,25;19,61;90,579;138,1181;0,013932653
2026-01-10 13:00:00;1,92;20;84,289;131,8281;0,011646049
2026-01-10 13:15:00;2,1;17,96;88,299;135,8381;0,009528523
2026-01-10 13:30:00;1,68;18,61;91,199;138,7381;0,007521847
2026-01-10 13:45:00;1,62;17,32;94,399;141,9381;0,005646082
2026-01-10 14:00:00;1,27;18,48;83,939;131,4781;0,003696276
2026-01-10 14:15:00;1,16;17,52;95,639;143,1781;0,002220894
2026-01-10 14:30:00;0,77;19,21;94,709;142,2481;0,000931252
2026-01-10 14:45:00;1,07;18,38;109,549;157,0881;0,000170439
2026-01-10 15:00:00;0,46;19,49;98,449;145,9881;0
2026-01-10 15:15:00;0,07;18,74;106,609;154,1481;0
2026-01-10 15:30:00;0,05;18,75;102,139;149,6781;0
2026-01-10 15:45:00;0,05;15,98;118,899;166,4381;0
2026-01-10 16:00:00;0,05;18,78;111,729;159,2681;0
2026-01-10 16:15:00;0,05;23,4;117,439;164,9781;0
2026-01-10 16:30:00;0,06;20,19;120,239;167,7781;0
2026-01-10 16:45:00;0,05;21,36;122,819;170,3581;0
2026-01-10 17:00:00;0,06;20,51;123,469;171,0081;0
2026-01-10 17:15:00;0,05;22,06;122,679;170,2181;0
2026-01-10 17:30:00;0,06;21,91;123,539;171,0781;0
2026-01-10 17:45:00;0,06;25,17;120,269;167,8081;0
2026-01-10 18:00:00;0,06;23,24;123,309;170,8481;0
2026-01-10 18:15:00;0,05;16,45;120,269;167,8081;0
2026-01-10 18:30:00;0,05;15,02;116,109;163,6481;0
2026-01-10 18:45:00;0,06;14,7;114,219;161,7581;0
2026-01-10 19:00:00;0,05;17,51;116,129;163,6681;0
2026-01-10 19:15:00;0,05;16,32;110,199;157,7381;0
2026-01-10 19:30:00;0,05;12,65;107,079;154,6181;0
2026-01-10 19:45:00;0,06;11,18;102,309;149,8481;0
2026-01-10 20:00:00;0,05;13,11;105,189;152,7281;0
2026-01-10 20:15:00;0,05;11,96;101,569;149,1081;0
2026-01-10 20:30:00;0,05;15,18;101,109;148,6481;0
2026-01-10 20:45:00;0,05;11,62;94,519;142,0581;0
2026-01-10 21:00:00;0,05;14,03;101,449;148,9881;0
2026-01-10 21:15:00;0,05;12,74;100,799;148,3381;0
2026-01-10 21:30:00;0,05;13,53;93,499;141,0381;0
2026-01-10 21:45:00;0,05;12,1;89,869;137,4081;0
2026-01-10 22:00:00;0,05;10,45;92,509;140,0481;0
2026-01-10 22:15:00;0,05;11,17;88,249;135,7881;0
2026-01-10 22:30:00;0,06;10,74;88,499;136,0381;0
2026-01-10 22:45:00;0,05;18,81;86,529;134,0681;0
2026-01-10 23:00:00;0,05;20,16;98,949;146,4881;0
2026-01-10 23:15:00;0,05;18,94;88,469;136,0081;0
2026-01-10 23:30:00;0,05;17;84,449;131,9881;0
2026-01-10 23:45:00;0,05;18,33;78,739;126,2781;0
2026-01-11 00:00:00;0,05;16,79;89,739;137,2781;0
2026-01-11 00:15:00;0,05;19,3;83,299;130,8381;0
2026-01-11 00:30:00;0,05;16,68;81,659;129,1981;0
2026-01-11 00:45:00;0,05;17,37;79,289;126,8281;0
2026-01-11 01:00:00;0,05;18,8;82,739;130,2781;0
2026-01-11 01:15:00;0,05;19,62;79,839;127,3781;0
2026-01-11 01:30:00;0,05;18,82;76,949;124,4881;0
2026-01-11 01:45:00;0,05;18,24;75,609;123,1481;0
2026-01-11 02:00:00;0,04;15,34;74,929;122,4681;0
2026-01-11 02:15:00;0,04;17,72;75,269;122,8081;0
2026-01-11 02:30:00;0,04;16,99;75,309;122,8481;0
2026-01-11 02:45:00;0,04;13,7;76,929;124,4681;0
2026-01-11 03:00:00;0,05;9,61;75,789;123,3281;0
2026-01-11 03:15:00;0,05;9,37;73,779;121,3181;0
2026-01-11 03:30:00;0,05;10,14;72,169;119,7081;0
2026-01-11 03:45:00;0,05;12,13;71,979;119,5181;0
2026-01-11 04:00:00;0,05;12,7;72,389;119,9281;0
2026-01-11 04:15:00;0,05;19,15;72,389;119,9281;0
2026-01-11 04:30:00;0,05;19,02;72,949;120,4881;0
2026-01-11 04:45:00;0,05;21,48;74,279;121,8181;0
2026-01-11 05:00:00;0,05;22,33;71,679;119,2181;0
2026-01-11 05:15:00;0,06;21,1;72,389;119,9281;0
2026-01-11 05:30:00;0,05;21,85;72,389;119,9281;0
2026-01-11 05:45:00;0,05;23,81;72,949;120,4881;0
2026-01-11 06:00:00;0,05;21,56;71,879;119,4181;0
2026-01-11 06:15:00;0,05;22,67;73,209;120,7481;0
2026-01-11 06:30:00;0,05;13,78;76,429;123,9681;7,31E-06
2026-01-11 06:45:00;0,05;13,89;78,519;126,0581;0,000397578
2026-01-11 07:00:00;0,05;14,78;77,769;125,3081;0,001524516
2026-01-11 07:15:00;0,05;15,72;80,719;128,2581;0,003108877
2026-01-11 07:30:00;0,05;13,95;83,589;131,1281;0,004944264
2026-01-11 07:45:00;0,05;13,92;87,599;135,1381;0,006936489
2026-01-11 08:00:00;0,06;10,55;94,659;142,1981;0,009265767
2026-01-11 08:15:00;0,13;14,26;91,329;138,8681;0,011592154
2026-01-11 08:30:00;0,62;11,88;88,169;135,7081;0,013991647
2026-01-11 08:45:00;1,6;10,54;85,379;132,9181;0,016096167
2026-01-11 09:00:00;1,91;19,86;94,679;142,2181;0,010505934
2026-01-11 09:15:00;4,49;19,61;89,459;136,9981;0,013019848
2026-01-11 09:30:00;6,6;16,22;86,439;133,9781;0,015275168
2026-01-11 09:45:00;10,25;12,16;77,099;124,6381;0,017206699
2026-01-11 10:00:00;8,33;16,24;93,429;140,9681;0,010798274
2026-01-11 10:15:00;8,28;12,51;87,159;134,6981;0,012579426
2026-01-11 10:30:00;8,44;10,67;85,569;133,1081;0,013992922
2026-01-11 10:45:00;8,76;11,93;78,539;126,0781;0,015164915
2026-01-11 11:00:00;14,83;5,22;90,029;137,5681;0,01178308
2026-01-11 11:15:00;27,8;-7,15;86,079;133,6181;0,013018487
2026-01-11 11:30:00;32,25;-13,54;89,079;136,6181;0,014102922
2026-01-11 11:45:00;35,3;-18,11;80,399;127,9381;0,014575306
2026-01-11 12:00:00;38,55;-20,88;87,159;134,6981;0,012725553
2026-01-11 12:15:00;38,25;-20,5;81,349;128,8881;0,013066176
2026-01-11 12:30:00;30,87;-14,55;84,329;131,8681;0,012837423
2026-01-11 12:45:00;33,79;-15,6;78,659;126,1981;0,011993728
2026-01-11 13:00:00;30,55;-12,91;83,519;131,0581;0,008315643
2026-01-11 13:15:00;15,33;0,84;83,949;131,4881;0,007573276
2026-01-11 13:30:00;13,27;2,88;81,789;129,3281;0,006425512
2026-01-11 13:45:00;12,14;5,29;83,029;130,5681;0,005165028
2026-01-11 14:00:00;11,23;4,77;79,089;126,6281;0,003429864
2026-01-11 14:15:00;8,64;9,14;84,109;131,6481;0,002275553
2026-01-11 14:30:00;6,27;9,88;89,149;136,6881;0,001089535
2026-01-11 14:45:00;5,1;11,91;89,869;137,4081;0,000253321
2026-01-11 15:00:00;4,22;13,16;85,969;133,5081;0
2026-01-11 15:15:00;2,8;15,34;92,369;139,9081;0
2026-01-11 15:30:00;1,24;15,21;95,289;142,8281;0
2026-01-11 15:45:00;0,3;16,85;102,879;150,4181;0
2026-01-11 16:00:00;0,05;20,54;95,879;143,4181;0
2026-01-11 16:15:00;0,05;20,25;100,779;148,3181;0
2026-01-11 16:30:00;0,05;18,77;101,679;149,2181;0
2026-01-11 16:45:00;0,05;18,79;100,759;148,2981;0
2026-01-11 17:00:00;0,05;19,6;106,949;154,4881;0
2026-01-11 17:15:00;0,05;23,86;102,989;150,5281;0
2026-01-11 17:30:00;0,05;23,93;96,319;143,8581;0
2026-01-11 17:45:00;0,05;22,59;100,009;147,5481;0
2026-01-11 18:00:00;0,05;20,98;94,999;142,5381;0
2026-01-11 18:15:00;0,05;15,71;96,189;143,7281;0
2026-01-11 18:30:00;0,05;15,11;94,299;141,8381;0
2026-01-11 18:45:00;0,05;14,84;93,549;141,0881;0
2026-01-11 19:00:00;0,05;14,01;92,089;139,6281;0
2026-01-11 19:15:00;0,05;13,18;89,859;137,3981;0
2026-01-11 19:30:00;0,05;14,14;85,749;133,2881;0
2026-01-11 19:45:00;0,05;11,34;76,379;123,9181;0
2026-01-11 20:00:00;0,05;11;89,449;136,9881;0
2026-01-11 20:15:00;0,05;11,84;83,029;130,5681;0
2026-01-11 20:30:00;0,05;11,01;82,759;130,2981;0
2026-01-11 20:45:00;0,06;10,68;79,149;126,6881;0
2026-01-11 21:00:00;0,05;10,52;84,929;132,4681;0
2026-01-11 21:15:00;0,05;9,67;81,349;128,8881;0
2026-01-11 21:30:00;0,05;10,38;82,509;130,0481;0
2026-01-11 21:45:00;0,05;10,01;79,839;127,3781;0
2026-01-11 22:00:00;0,05;9,64;77,469;125,0081;0
2026-01-11 22:15:00;0,05;10,3;72,389;119,9281;0
2026-01-11 22:30:00;0,05;8,82;71,449;118,9881;0
2026-01-11 22:45:00;0,04;16,22;67,569;115,1081;0
2026-01-11 23:00:00;0,05;16,46;70,439;117,9781;0
2026-01-11 23:15:00;0,04;15,91;67,679;115,2181;0
2026-01-11 23:30:00;0,04;15,14;65,529;113,0681;0
2026-01-11 23:45:00;0,04;14,66;65,009;112,5481;0
2026-01-12 00:00:00;0,04;14,65;72,699;120,2381;0
2026-01-12 00:15:00;0,05;15,57;69,039;116,5781;0
2026-01-12 00:30:00;0,04;16,83;65,879;113,4181;0
2026-01-12 00:45:00;0,05;16,03;64,369;111,9081;0
2026-01-12 01:00:00;0,04;13,58;69,249;116,7881;0
2026-01-12 01:15:00;0,05;12,94;68,609;116,1481;0
2026-01-12 01:30:00;0,05;13,97;68,289;115,8281;0
2026-01-12 01:45:00;0,05;16,35;65,049;112,5881;0
2026-01-12 02:00:00;0,05;13,01;62,369;109,9081;0
2026-01-12 02:15:00;0,04;13,23;60,499;108,0381;0
2026-01-12 02:30:00;0,04;13,28;58,949;106,4881;0
2026-01-12 02:45:00;0,05;10,8;58,249;105,7881;0
2026-01-12 03:00:00;0,05;9,6;61,399;108,9381;0
2026-01-12 03:15:00;0,05;9,34;60,429;107,9681;0
2026-01-12 03:30:00;0,05;7,91;62,269;109,8081;0
2026-01-12 03:45:00;0,05;9;62,779;110,3181;0
2026-01-12 04:00:00;0,05;17,86;61,829;109,3681;0
2026-01-12 04:15:00;0,06;13,05;62,149;109,6881;0
2026-01-12 04:30:00;0,05;15,16;68,179;115,7181;0
2026-01-12 04:45:00;0,04;17,41;73,229;120,7681;0
2026-01-12 05:00:00;0,06;18,42;64,369;111,9081;0
2026-01-12 05:15:00;0,05;18,97;72,149;119,6881;0
2026-01-12 05:30:00;0,05;14,98;75,699;123,2381;0
2026-01-12 05:45:00;0,06;14,69;78,839;126,3781;0
2026-01-12 06:00:00;0,05;11,96;80,209;127,7481;0
2026-01-12 06:15:00;0,06;9,11;85,479;133,0181;0
2026-01-12 06:30:00;0,05;11,58;89,749;137,2881;1,75E-05
2026-01-12 06:45:00;0,05;11,52;89,689;137,2281;0,000844205
2026-01-12 07:00:00;0,05;10,73;95,049;142,5881;0,00337784
2026-01-12 07:15:00;0,05;7,88;100,559;148,0981;0,007686251
2026-01-12 07:30:00;0,06;8,07;109,089;156,6281;0,012960853
2026-01-12 07:45:00;0,06;9,32;103,379;150,9181;0,018451627
2026-01-12 08:00:00;0,29;8,36;106,759;154,2981;0,024198696
2026-01-12 08:15:00;0,77;7,18;95,759;143,2981;0,02930983
2026-01-12 08:30:00;1,59;11,52;88,929;136,4681;0,034563348
2026-01-12 08:45:00;2,44;14,82;78,749;126,2881;0,03954136
2026-01-12 09:00:00;3,27;21,84;98,339;145,8781;0,058912084
2026-01-12 09:15:00;3,49;18,19;83,589;131,1281;0,0637058
2026-01-12 09:30:00;5,64;14,03;109,149;156,6881;0,068074144
2026-01-12 09:45:00;6,52;14,84;105,379;152,9181;0,07150545
2026-01-12 10:00:00;6,12;16,08;79,899;127,4381;0,08738579
2026-01-12 10:15:00;6,32;14,49;80,749;128,2881;0,08621889
2026-01-12 10:30:00;7,32;13,27;80,749;128,2881;0,08441216
2026-01-12 10:45:00;8;13,34;80,749;128,2881;0,082205966
2026-01-12 11:00:00;8,28;11,15;77,919;125,4581;0,10243816
2026-01-12 11:15:00;9,7;7,14;72,119;119,6581;0,09645034
2026-01-12 11:30:00;7,58;8,68;75,949;123,4881;0,09075716
2026-01-12 11:45:00;6,5;9,86;78,189;125,7281;0,08323183
2026-01-12 12:00:00;5,19;13,98;112,659;160,1981;0,07287636
2026-01-12 12:15:00;5,61;10,68;112,149;159,6881;0,065999545
2026-01-12 12:30:00;5,14;12,22;103,179;150,7181;0,05893793
2026-01-12 12:45:00;5,91;14,57;79,869;127,4081;0,051621284
2026-01-12 13:00:00;4,96;12,69;83,759;131,2981;0,04417467
2026-01-12 13:15:00;3,96;12,74;90,749;138,2881;0,03644252
2026-01-12 13:30:00;3,25;11,19;89,089;136,6281;0,028670918
2026-01-12 13:45:00;2,43;11,94;86,439;133,9781;0,021182308
2026-01-12 14:00:00;2,05;12,12;108,529;156,0681;0,013511358
2026-01-12 14:15:00;1,51;16,13;103,149;150,6881;0,007381925
2026-01-12 14:30:00;1,37;18,51;94,579;142,1181;0,002739522
2026-01-12 14:45:00;1,49;18,61;84,739;132,2781;0,000552971
2026-01-12 15:00:00;1,49;15,37;95,329;142,8681;0
2026-01-12 15:15:00;0,81;14,5;112,399;159,9381;0
2026-01-12 15:30:00;0,07;15,76;110,749;158,2881;0
2026-01-12 15:45:00;0,06;13,23;106,419;153,9581;0
2026-01-12 16:00:00;0,06;17,91;103,659;151,1981;0
2026-01-12 16:15:00;0,06;18,81;107,319;154,8581;0
2026-01-12 16:30:00;0,06;18,96;106,989;154,5281;0
2026-01-12 16:45:00;0,06;18,17;110,749;158,2881;0
2026-01-12 17:00:00;0,06;17,81;109,559;157,0981;0
2026-01-12 17:15:00;0,06;20,74;104,709;152,2481;0
2026-01-12 17:30:00;0,06;23,2;100,929;148,4681;0
2026-01-12 17:45:00;0,07;21,59;110,939;158,4781;0
2026-01-12 18:00:00;0,06;17,15;98,719;146,2581;0
2026-01-12 18:15:00;0,06;14,73;98,909;146,4481;0
2026-01-12 18:30:00;0,06;14,67;99,039;146,5781;0
2026-01-12 18:45:00;0,06;13,06;96,139;143,6781;0
2026-01-12 19:00:00;0,06;13,74;102,029;149,5681;0
2026-01-12 19:15:00;0,06;13,13;92,689;140,2281;0
2026-01-12 19:30:00;0,06;12,68;86,249;133,7881;0
2026-01-12 19:45:00;0,06;11,11;78,579;126,1181;0
2026-01-12 20:00:00;0,06;10,14;87,739;135,2781;0
2026-01-12 20:15:00;0,06;9,94;82,239;129,7781;0
2026-01-12 20:30:00;0,06;9,96;78,999;126,5381;0
2026-01-12 20:45:00;0,06;10,4;81,229;128,7681;0
2026-01-12 21:00:00;0,06;8,72;83,419;130,9581;0
2026-01-12 21:15:00;0,06;8,86;81,149;128,6881;0
2026-01-12 21:30:00;0,06;7,43;80,749;128,2881;0
2026-01-12 21:45:00;0,06;8,79;80,749;128,2881;0
2026-01-12 22:00:00;0,06;9,25;80,749;128,2881;0
2026-01-12 22:15:00;0,06;6,72;77,229;124,7681;0
2026-01-12 22:30:00;0,06;6,8;74,949;122,4881;0
2026-01-12 22:45:00;0,06;16,05;71,439;118,9781;0
2026-01-12 23:00:00;0,05;15,29;77,609;125,1481;0
2026-01-12 23:15:00;0,06;14,77;75,129;122,6681;0
2026-01-12 23:30:00;0,06;14,03;73,009;120,5481;0
2026-01-12 23:45:00;0,06;14,47;71,489;119,0281;0
2026-01-13 00:00:00;0,06;17,5;73,549;121,0881;0
2026-01-13 00:15:00;0,06;19,89;71,999;119,5381;0
2026-01-13 00:30:00;0,06;17,41;71,119;118,6581;0
2026-01-13 00:45:00;0,06;18,27;69,589;117,1281;0
2026-01-13 01:00:00;0,06;17,89;72,109;119,6481;0
2026-01-13 01:15:00;0,06;17,18;70,959;118,4981;0
2026-01-13 01:30:00;0,06;17,94;71,019;118,5581;0
2026-01-13 01:45:00;0,05;17,41;71,249;118,7881;0
2026-01-13 02:00:00;0,06;15,92;72,249;119,7881;0
2026-01-13 02:15:00;0,06;17,06;72,589;120,1281;0
2026-01-13 02:30:00;0,07;16,48;73,359;120,8981;0
2026-01-13 02:45:00;0,06;14,24;73,409;120,9481;0
2026-01-13 03:00:00;0,06;11,6;72,129;119,6681;0
2026-01-13 03:15:00;0,06;10,04;73,149;120,6881;0
2026-01-13 03:30:00;0,06;10,41;73,789;121,3281;0
2026-01-13 03:45:00;0,06;10;79,369;126,9081;0
2026-01-13 04:00:00;0,06;11,35;74,089;121,6281;0
2026-01-13 04:15:00;0,07;11,06;75,709;123,2481;0
2026-01-13 04:30:00;0,07;11,55;76,919;124,4581;0
2026-01-13 04:45:00;0,07;12,07;79,309;126,8481;0
2026-01-13 05:00:00;0,06;19;75,279;122,8181;0
2026-01-13 05:15:00;0,06;19,24;82,589;130,1281;0
2026-01-13 05:30:00;0,06;16,01;85,589;133,1281;0
2026-01-13 05:45:00;0,06;16,68;89,769;137,3081;0
2026-01-13 06:00:00;0,06;17,79;83,659;131,1981;0
2026-01-13 06:15:00;0,06;14,9;111,439;158,9781;0
2026-01-13 06:30:00;0,06;10,75;107,769;155,3081;1,37E-05
2026-01-13 06:45:00;0,06;7,82;112,449;159,9881;0,000648009
2026-01-13 07:00:00;0,06;7,91;110,039;157,5781;0,002445482
2026-01-13 07:15:00;0,06;8,34;106,189;153,7281;0,00525505
2026-01-13 07:30:00;0,06;11,37;114,239;161,7781;0,008793723
2026-01-13 07:45:00;0,07;15,86;108,659;156,1981;0,012809794
2026-01-13 08:00:00;0,72;15,26;131,749;179,2881;0,01602476
2026-01-13 08:15:00;1,74;13,86;122,959;170,4981;0,020447847
2026-01-13 08:30:00;1,55;11,63;116,459;163,9981;0,02491097
2026-01-13 08:45:00;2,73;10,89;113,419;160,9581;0,029088046
2026-01-13 09:00:00;3,77;18,14;127,279;174,8181;0,034585025
2026-01-13 09:15:00;3,73;18,81;121,049;168,5881;0,038232084
2026-01-13 09:30:00;4,09;15,51;113,169;160,7081;0,040696945
2026-01-13 09:45:00;4,23;14,41;106,769;154,3081;0,040930036
2026-01-13 10:00:00;3,78;15,13;112,029;159,5681;0,040707573
2026-01-13 10:15:00;5,27;13,48;111,679;159,2181;0,038668167
2026-01-13 10:30:00;6,94;9,47;111,019;158,5581;0,035718255
2026-01-13 10:45:00;7,03;10,53;105,389;152,9281;0,032424573
2026-01-13 11:00:00;8,97;8,22;105,839;153,3781;0,03615188
2026-01-13 11:15:00;8,9;7,73;102,959;150,4981;0,032025974
2026-01-13 11:30:00;13,95;2,55;101,719;149,2581;0,028056826
2026-01-13 11:45:00;13,91;2,96;102,049;149,5881;0,024439776
2026-01-13 12:00:00;18,86;-1,95;102,579;150,1181;0,022881087
2026-01-13 12:15:00;21;-5,13;101,549;149,0881;0,019570319
2026-01-13 12:30:00;16,91;-1,43;98,469;146,0081;0,016773418
2026-01-13 12:45:00;10,3;3,09;96,689;144,2281;0,014378089
2026-01-13 13:00:00;20,69;-4,12;94,449;141,9881;0,012135009
2026-01-13 13:15:00;14,21;-0,39;95,309;142,8481;0,009873907
2026-01-13 13:30:00;9,89;5,43;96,959;144,4981;0,007785794
2026-01-13 13:45:00;11,08;3,67;101,189;148,7281;0,005876451
2026-01-13 14:00:00;10,39;6,17;87,049;134,5881;0,003594352
2026-01-13 14:15:00;12,6;3,64;90,749;138,2881;0,002268073
2026-01-13 14:30:00;10,11;5,27;97,039;144,5781;0,001096251
2026-01-13 14:45:00;6,77;8,15;97,449;144,9881;0,000279078
2026-01-13 15:00:00;4,35;12,69;93,639;141,1781;4,25E-07
2026-01-13 15:15:00;3,1;13,57;100,429;147,9681;0
2026-01-13 15:30:00;1,36;13,82;101,569;149,1081;0
2026-01-13 15:45:00;0,29;11,59;107,939;155,4781;0
2026-01-13 16:00:00;0,06;19,28;99,759;147,2981;0
2026-01-13 16:15:00;0,06;19,3;100,219;147,7581;0
2026-01-13 16:30:00;0,07;17,5;101,979;149,5181;0
2026-01-13 16:45:00;0,06;18,42;106,499;154,0381;0
2026-01-13 17:00:00;0,06;20,73;102,249;149,7881;0
2026-01-13 17:15:00;0,06;19,76;99,969;147,5081;0
2026-01-13 17:30:00;0,07;19,32;96,659;144,1981;0
2026-01-13 17:45:00;0,07;18,51;98,029;145,5681;0
2026-01-13 18:00:00;0,06;18,55;98,739;146,2781;0
2026-01-13 18:15:00;0,06;19,45;89,179;136,7181;0
2026-01-13 18:30:00;0,06;15,81;80,369;127,9081;0
2026-01-13 18:45:00;0,07;15,32;74,449;121,9881;0
2026-01-13 19:00:00;0,07;14,13;91,049;138,5881;0
2026-01-13 19:15:00;0,06;13,9;79,689;127,2281;0
2026-01-13 19:30:00;0,06;11,45;80,809;128,3481;0
2026-01-13 19:45:00;0,06;10,23;77,959;125,4981;0
2026-01-13 20:00:00;0,06;10,18;85,609;133,1481;0
2026-01-13 20:15:00;0,07;10,57;86,479;134,0181;0
2026-01-13 20:30:00;0,07;9,95;79,899;127,4381;0
2026-01-13 20:45:00;0,06;9,97;75,159;122,6981;0
2026-01-13 21:00:00;0,06;9,22;83,659;131,1981;0
2026-01-13 21:15:00;0,06;8,65;80,589;128,1281;0
2026-01-13 21:30:00;0,06;8,81;82,089;129,6281;0
2026-01-13 21:45:00;0,06;8,49;77,929;125,4681;0
2026-01-13 22:00:00;0,06;8,55;83,459;130,9981;0
2026-01-13 22:15:00;0,06;6,91;74,669;122,2081;0
2026-01-13 22:30:00;0,06;5,42;70,749;118,2881;0
2026-01-13 22:45:00;0,06;14,17;64,899;112,4381;0
2026-01-13 23:00:00;0,06;13,65;99,049;146,5881;0
2026-01-13 23:15:00;0,06;12,49;96,169;143,7081;0
2026-01-13 23:30:00;0,06;11,66;93,069;140,6081;0
2026-01-13 23:45:00;0,06;12,36;85,359;132,8981;0
2026-01-14 00:00:00;0,06;12,46;100,759;148,2981;0
2026-01-14 00:15:00;0,06;11,74;98,479;146,0181;0
2026-01-14 00:30:00;0,06;11,9;88,419;135,9581;0
2026-01-14 00:45:00;0,06;12,78;80,719;128,2581;0
2026-01-14 01:00:00;0,06;15,6;80,959;128,4981;0
2026-01-14 01:15:00;0,06;16,46;80,379;127,9181;0
2026-01-14 01:30:00;0,06;16,08;77,209;124,7481;0
2026-01-14 01:45:00;0,06;14,15;76,159;123,6981;0
2026-01-14 02:00:00;0,06;14,06;76,829;124,3681;0
2026-01-14 02:15:00;0,06;16,26;77,109;124,6481;0
2026-01-14 02:30:00;0,06;13,87;76,969;124,5081;0
2026-01-14 02:45:00;0,07;10,99;77,029;124,5681;0
2026-01-14 03:00:00;0,07;8,86;76,339;123,8781;0
2026-01-14 03:15:00;0,07;7,94;77,659;125,1981;0
2026-01-14 03:30:00;0,06;8;79,009;126,5481;0
2026-01-14 03:45:00;0,07;8,94;81,139;128,6781;0
2026-01-14 04:00:00;0,07;17,69;80,419;127,9581;0
2026-01-14 04:15:00;0,06;18,01;81,459;128,9981;0
2026-01-14 04:30:00;0,06;18,52;80,369;127,9081;0
2026-01-14 04:45:00;0,06;18,01;80,749;128,2881;0
2026-01-14 05:00:00;0,06;17,81;78,739;126,2781;0
2026-01-14 05:15:00;0,06;17,74;84,679;132,2181;0
2026-01-14 05:30:00;0,06;15,52;87,979;135,5181;0
2026-01-14 05:45:00;0,07;17,33;91,809;139,3481;0
2026-01-14 06:00:00;0,06;12,32;89,449;136,9881;0
2026-01-14 06:15:00;0,06;9,55;94,409;141,9481;0
2026-01-14 06:30:00;0,06;10,33;99,299;146,8381;7,37E-05
2026-01-14 06:45:00;0,07;7,74;112,439;159,9781;0,001141985
2026-01-14 07:00:00;0,06;8,48;112,979;160,5181;0,003814436
2026-01-14 07:15:00;0,06;8,13;122,439;169,9781;0,00742596
2026-01-14 07:30:00;0,07;7,89;123,659;171,1981;0,011819549
2026-01-14 07:45:00;0,22;7,9;124,349;171,8881;0,016779114
2026-01-14 08:00:00;1,22;7,32;134,629;182,1681;0,02097268
2026-01-14 08:15:00;2,95;5,18;128,149;175,6881;0,026062392
2026-01-14 08:30:00;3,61;4,92;118,949;166,4881;0,030318098
2026-01-14 08:45:00;4,87;7,13;110,079;157,6181;0,033809423
2026-01-14 09:00:00;7,23;18,5;116,329;163,8681;0,03774771
2026-01-14 09:15:00;5,93;17,93;109,029;156,5681;0,041343853
2026-01-14 09:30:00;11,04;11,07;103,879;151,4181;0,045187272
2026-01-14 09:45:00;16,83;3,89;101,579;149,1181;0,0495472
2026-01-14 10:00:00;27,06;-8,84;102,909;150,4481;0,076726586
2026-01-14 10:15:00;27,84;-9,67;99,799;147,3381;0,07917342
2026-01-14 10:30:00;35,09;-16,45;100,739;148,2781;0,08126596
2026-01-14 10:45:00;33,52;-14,6;99,149;146,6881;0,0832711
2026-01-14 11:00:00;58,51;-40,57;99,289;146,8281;0,077662684
2026-01-14 11:15:00;57,21;-38,34;97,709;145,2481;0,07942402
2026-01-14 11:30:00;49,33;-31,61;98,849;146,3881;0,08116744
2026-01-14 11:45:00;53,79;-37,96;96,239;143,7781;0,08052827
2026-01-14 12:00:00;39,73;-22,12;93,879;141,4181;0,07979653
2026-01-14 12:15:00;29,42;-11,86;90,939;138,4781;0,07793836
2026-01-14 12:30:00;25,31;-6,24;92,059;139,5981;0,07247742
2026-01-14 12:45:00;32,2;-15,13;95,759;143,2981;0,06375103
2026-01-14 13:00:00;15,72;2,26;92,369;139,9081;0,066876054
2026-01-14 13:15:00;14,5;3,85;98,279;145,8181;0,053415533
2026-01-14 13:30:00;11,88;5,71;110,019;157,5581;0,04072636
2026-01-14 13:45:00;9,38;9,01;118,889;166,4281;0,028886411
2026-01-14 14:00:00;7,66;10,36;107,269;154,8081;0,021047572
2026-01-14 14:15:00;7,47;9,75;115,179;162,7181;0,011516159
2026-01-14 14:30:00;7,33;10,58;139,009;186,5481;0,004985917
2026-01-14 14:45:00;5,71;9,12;142,739;190,2781;0,00120693
2026-01-14 15:00:00;1,75;11,55;100,699;148,2381;1,09E-05
2026-01-14 15:15:00;0,84;12,74;118,479;166,0181;0
2026-01-14 15:30:00;0,32;12,92;141,519;189,0581;0
2026-01-14 15:45:00;0,07;11,96;183,849;231,3881;0
2026-01-14 16:00:00;0,06;15,8;125,949;173,4881;0
2026-01-14 16:15:00;0,08;15,52;146,399;193,9381;0
2026-01-14 16:30:00;0,07;15,99;164,279;211,8181;0
2026-01-14 16:45:00;0,07;15,79;173,439;220,9781;0
2026-01-14 17:00:00;0,06;17,62;150,659;198,1981;0
2026-01-14 17:15:00;0,06;19,18;158,529;206,0681;0
2026-01-14 17:30:00;0,06;23,07;167,339;214,8781;0
2026-01-14 17:45:00;0,06;18,85;173,909;221,4481;0
2026-01-14 18:00:00;0,06;15,59;165,209;212,7481;0
2026-01-14 18:15:00;0,06;14,02;152,099;199,6381;0
2026-01-14 18:30:00;0,06;14,43;138,869;186,4081;0
2026-01-14 18:45:00;0,06;13,41;128,159;175,6981;0
2026-01-14 19:00:00;0,06;13;126,699;174,2381;0
2026-01-14 19:15:00;0,06;13,44;116,319;163,8581;0
2026-01-14 19:30:00;0,06;13,05;115,399;162,9381;0
2026-01-14 19:45:00;0,06;11,73;94,269;141,8081;0
2026-01-14 20:00:00;0,06;10,87;121,129;168,6681;0
2026-01-14 20:15:00;0,06;11,23;111,979;159,5181;0
2026-01-14 20:30:00;0,06;10,74;97,579;145,1181;0
2026-01-14 20:45:00;0,06;10,63;88,139;135,6781;0
2026-01-14 21:00:00;0,06;8,56;107,729;155,2681;0
2026-01-14 21:15:00;0,06;8,24;110,829;158,3681;0
2026-01-14 21:30:00;0,06;8,07;90,749;138,2881;0
2026-01-14 21:45:00;0,06;8,34;86,549;134,0881;0
2026-01-14 22:00:00;0,06;8,04;91,719;139,2581;0
2026-01-14 22:15:00;0,06;5,7;84,919;132,4581;0
2026-01-14 22:30:00;0,06;6,23;82,919;130,4581;0
2026-01-14 22:45:00;0,06;13,59;78,379;125,9181;0
2026-01-14 23:00:00;0,06;12,73;100,559;148,0981;0
2026-01-14 23:15:00;0,06;12,68;93,739;141,2781;0
2026-01-14 23:30:00;0,06;11,85;86,009;133,5481;0
2026-01-14 23:45:00;0,06;12,47;83,389;130,9281;0
2026-01-15 00:00:00;0,06;12,21;88,969;136,5081;0
2026-01-15 00:15:00;0,06;12,28;85,539;133,0781;0
2026-01-15 00:30:00;0,06;12,36;82,399;129,9381;0
2026-01-15 00:45:00;0,06;12,37;79,839;127,3781;0
2026-01-15 01:00:00;0,06;16,12;84,239;131,7781;0
2026-01-15 01:15:00;0,06;16,01;79,509;127,0481;0
2026-01-15 01:30:00;0,06;18,57;76,799;124,3381;0
2026-01-15 01:45:00;0,06;16,13;76,089;123,6281;0
2026-01-15 02:00:00;0,06;16,45;76,229;123,7681;0
2026-01-15 02:15:00;0,06;14,31;74,799;122,3381;0
2026-01-15 02:30:00;0,06;15,25;73,539;121,0781;0
2026-01-15 02:45:00;0,06;10,65;71,229;118,7681;0
2026-01-15 03:00:00;0,06;7,69;71,299;118,8381;0
2026-01-15 03:15:00;0,06;7,98;71,129;118,6681;0
2026-01-15 03:30:00;0,06;7,93;71,449;118,9881;0
2026-01-15 03:45:00;0,06;8,84;72,859;120,3981;0
2026-01-15 04:00:00;0,06;17,09;73,169;120,7081;0
2026-01-15 04:15:00;0,06;18,19;73,109;120,6481;0
2026-01-15 04:30:00;0,06;18,49;75,329;122,8681;0
2026-01-15 04:45:00;0,06;18,55;77,449;124,9881;0
2026-01-15 05:00:00;0,06;18,56;82,819;130,3581;0
2026-01-15 05:15:00;0,06;17,66;86,159;133,6981;0
2026-01-15 05:30:00;0,06;18,49;86,539;134,0781;0
2026-01-15 05:45:00;0,06;15,7;87,649;135,1881;0
2026-01-15 06:00:00;0,07;12,08;91,589;139,1281;0
2026-01-15 06:15:00;0,06;10,1;96,999;144,5381;0
2026-01-15 06:30:00;0,06;10,23;100,769;148,3081;3,77E-05
2026-01-15 06:45:00;0,07;10,28;105,679;153,2181;0,000943578
2026-01-15 07:00:00;0,07;9,16;106,569;154,1081;0,003597328
2026-01-15 07:15:00;0,06;11,97;110,759;158,2981;0,007747881
2026-01-15 07:30:00;0,07;13,09;108,139;155,6781;0,01287253
2026-01-15 07:45:00;0,07;11,83;104,049;151,5881;0,018466929
2026-01-15 08:00:00;0,13;11,45;103,699;151,2381;0,02424562
2026-01-15 08:15:00;0,52;11,03;98,969;146,5081;0,030422064
2026-01-15 08:30:00;0,15;15,47;95,049;142,5881;0,035938
2026-01-15 08:45:00;0,54;18,53;89,559;137,0981;0,040230006
2026-01-15 09:00:00;1,15;26,79;98,039;145,5781;0,04019906
2026-01-15 09:15:00;1,15;23,4;92,489;140,0281;0,043234322
2026-01-15 09:30:00;1,75;20,96;88,259;135,7981;0,045946047
2026-01-15 09:45:00;4,27;19,85;85,629;133,1681;0,048139825
2026-01-15 10:00:00;4,28;17,81;91,139;138,6781;0,06084982
2026-01-15 10:15:00;6,7;16,01;87,419;134,9581;0,05980848
2026-01-15 10:30:00;5,16;18,09;85,209;132,7481;0,058071878
2026-01-15 10:45:00;6,84;15,33;83,649;131,1881;0,055951376
2026-01-15 11:00:00;6,43;14,02;86,759;134,2981;0,06392104
2026-01-15 11:15:00;7,88;12,06;84,199;131,7381;0,05932624
2026-01-15 11:30:00;11,34;8,19;84,239;131,7781;0,055023268
2026-01-15 11:45:00;9,67;9,57;85,989;133,5281;0,0494236
2026-01-15 12:00:00;9,14;11,21;86,639;134,1781;0,045411266
2026-01-15 12:15:00;6,58;11,74;87,499;135,0381;0,04025474
2026-01-15 12:30:00;8,54;9;88,549;136,0881;0,035102125
2026-01-15 12:45:00;10,26;7,57;88,909;136,4481;0,029898502
2026-01-15 13:00:00;11,55;5,03;88,269;135,8081;0,024411725
2026-01-15 13:15:00;9,57;8,69;91,699;139,2381;0,019911112
2026-01-15 13:30:00;9,55;6,59;91,459;138,9981;0,015594795
2026-01-15 13:45:00;16,14;-1,54;97,639;145,1781;0,011545485
2026-01-15 14:00:00;20,24;-5,84;89,759;137,2981;0,007743886
2026-01-15 14:15:00;16,9;-2,61;103,019;150,5581;0,004948345
2026-01-15 14:30:00;6,22;8,78;108,829;156,3681;0,002554716
2026-01-15 14:45:00;4,3;11,35;121,849;169,3881;0,000760133
2026-01-15 15:00:00;3,9;12,53;108,539;156,0781;2,48E-05
2026-01-15 15:15:00;3,2;13,09;118,549;166,0881;0
2026-01-15 15:30:00;1,17;14,21;121,359;168,8981;0
2026-01-15 15:45:00;0,17;12,65;126,079;173,6181;0
2026-01-15 16:00:00;0,07;18,16;128,639;176,1781;0
2026-01-15 16:15:00;0,07;18,23;131,089;178,6281;0
2026-01-15 16:30:00;0,06;18,69;126,039;173,5781;0
2026-01-15 16:45:00;0,06;18,41;118,139;165,6781;0
2026-01-15 17:00:00;0,06;18,02;115,029;162,5681;0
2026-01-15 17:15:00;0,07;20,11;102,049;149,5881;0
2026-01-15 17:30:00;0,07;19,5;101,929;149,4681;0
2026-01-15 17:45:00;0,08;21,05;105,889;153,4281;0
2026-01-15 18:00:00;0,07;16,2;102,309;149,8481;0
2026-01-15 18:15:00;0,07;17,46;92,979;140,5181;0
2026-01-15 18:30:00;0,07;16,02;91,429;138,9681;0
2026-01-15 18:45:00;0,07;16,08;91,599;139,1381;0
2026-01-15 19:00:00;0,06;14,49;88,959;136,4981;0
2026-01-15 19:15:00;0,07;13,9;88,959;136,4981;0
2026-01-15 19:30:00;0,06;14,38;86,769;134,3081;0
2026-01-15 19:45:00;0,06;11,7;83,309;130,8481;0
2026-01-15 20:00:00;0,06;11,66;83,189;130,7281;0
2026-01-15 20:15:00;0,06;11,06;81,239;128,7781;0
2026-01-15 20:30:00;0,06;11,02;80,999;128,5381;0
2026-01-15 20:45:00;0,06;11,6;80,749;128,2881;0
2026-01-15 21:00:00;0,06;9,33;84,869;132,4081;0
2026-01-15 21:15:00;0,06;8,29;79,739;127,2781;0
2026-01-15 21:30:00;0,06;8,43;78,719;126,2581;0
2026-01-15 21:45:00;0,06;8,21;73,509;121,0481;0
2026-01-15 22:00:00;0,06;7,98;80,749;128,2881;0
2026-01-15 22:15:00;0,06;5,73;77,149;124,6881;0
2026-01-15 22:30:00;0,06;6,54;77,979;125,5181;0
2026-01-15 22:45:00;0,06;13,68;65,759;113,2981;0
2026-01-15 23:00:00;0,06;12,53;80,369;127,9081;0
2026-01-15 23:15:00;0,06;12,44;74,349;121,8881;0
2026-01-15 23:30:00;0,06;11,73;67,079;114,6181;0
2026-01-15 23:45:00;0,06;11,75;65,249;112,7881;0
2026-01-16 00:00:00;0,06;15,48;69,739;117,2781;0
2026-01-16 00:15:00;0,06;17,49;65,909;113,4481;0
2026-01-16 00:30:00;0,06;17,01;64,949;112,4881;0
2026-01-16 00:45:00;0,06;16,15;63,239;110,7781;0
2026-01-16 01:00:00;0,06;19,4;64,999;112,5381;0
2026-01-16 01:15:00;0,06;19,17;64,269;111,8081;0
2026-01-16 01:30:00;0,06;19,43;60,699;108,2381;0
2026-01-16 01:45:00;0,06;18,97;59,759;107,2981;0
2026-01-16 02:00:00;0,06;17,97;59,719;107,2581;0
2026-01-16 02:15:00;0,06;17,51;59,039;106,5781;0
2026-01-16 02:30:00;0,06;16,97;59,379;106,9181;0
2026-01-16 02:45:00;0,07;13,87;58,899;106,4381;0
2026-01-16 03:00:00;0,07;10,74;61,709;109,2481;0
2026-01-16 03:15:00;0,07;10,68;66,159;113,6981;0
2026-01-16 03:30:00;0,07;10,85;67,699;115,2381;0
2026-01-16 03:45:00;0,07;11,45;78,279;125,8181;0
2026-01-16 04:00:00;0,07;10,95;76,569;124,1081;0
2026-01-16 04:15:00;0,07;12,8;86,139;133,6781;0
2026-01-16 04:30:00;0,07;12,79;91,299;138,8381;0
2026-01-16 04:45:00;0,07;12,2;87,609;135,1481;0
2026-01-16 05:00:00;0,07;18,75;88,389;135,9281;0
2026-01-16 05:15:00;0,07;21;90,069;137,6081;0
2026-01-16 05:30:00;0,07;18,07;97,339;144,8781;0
2026-01-16 05:45:00;0,07;16,85;104,279;151,8181;0
2026-01-16 06:00:00;0,06;16,6;105,979;153,5181;0
2026-01-16 06:15:00;0,07;15,87;114,569;162,1081;0
2026-01-16 06:30:00;0,06;12,41;129,709;177,2481;0,000105919
2026-01-16 06:45:00;0,07;9,16;130,659;178,1981;0,001229202
2026-01-16 07:00:00;0,07;8,32;117,399;164,9381;0,003885076
2026-01-16 07:15:00;0,06;10,01;128,309;175,8481;0,007411678
2026-01-16 07:30:00;0,09;9,55;134,659;182,1981;0,011712269
2026-01-16 07:45:00;1,05;7,81;129,389;176,9281;0,01660298
2026-01-16 08:00:00;3,2;7,46;131,309;178,8481;0,020296024
2026-01-16 08:15:00;6,74;3,21;126,319;173,8581;0,025681306
2026-01-16 08:30:00;10,01;-0,72;124,709;172,2481;0,03133708
2026-01-16 08:45:00;16,39;-2,74;112,689;160,2281;0,03869095
2026-01-16 09:00:00;27,89;-2,58;119,789;167,3281;0,04025933
2026-01-16 09:15:00;34,52;-13,15;107,879;155,4181;0,048433863
2026-01-16 09:30:00;41,86;-22,53;105,599;153,1381;0,056566827
2026-01-16 09:45:00;34,82;-15,7;105,349;152,8881;0,06345478
2026-01-16 10:00:00;46,43;-27,13;104,549;152,0881;0,05950739
2026-01-16 10:15:00;41,91;-21,52;101,659;149,1981;0,06263828
2026-01-16 10:30:00;28,06;-7,62;99,469;147,0081;0,063084565
2026-01-16 10:45:00;24,31;-3,37;98,939;146,4781;0,06258974
2026-01-16 11:00:00;27,85;-7,46;98,399;145,9381;0,0749246
2026-01-16 11:15:00;53,9;-34,49;97,919;145,4581;0,07323951
2026-01-16 11:30:00;53,06;-36,93;97,239;144,7781;0,07171211
2026-01-16 11:45:00;55,48;-39,48;101,039;148,5781;0,06718106
2026-01-16 12:00:00;54,8;-39,32;94,409;141,9481;0,06165322
2026-01-16 12:15:00;53,84;-37,18;97,519;145,0581;0,058469538
2026-01-16 12:30:00;29,97;-10,68;96,779;144,3181;0,05409482
2026-01-16 12:45:00;24,34;-7,89;98,259;145,7981;0,04844976
2026-01-16 13:00:00;26,13;-10,05;97,799;145,3381;0,048847847
2026-01-16 13:15:00;15,9;-0,19;104,949;152,4881;0,04124397
2026-01-16 13:30:00;14,39;0,53;106,509;154,0481;0,032690644
2026-01-16 13:45:00;15,89;-2,27;116,769;164,3081;0,02369231
2026-01-16 14:00:00;9,14;3,84;110,179;157,7181;0,01704221
2026-01-16 14:15:00;12,95;0,67;127,079;174,6181;0,009855036
2026-01-16 14:30:00;9,94;3,37;135,659;183,1981;0,004771785
2026-01-16 14:45:00;6,61;6,81;146,489;194,0281;0,001403806
2026-01-16 15:00:00;5,55;7,46;115,989;163,5281;6,80E-05
2026-01-16 15:15:00;4,85;8,15;126,279;173,8181;0
2026-01-16 15:30:00;2,8;10,35;131,279;178,8181;0
2026-01-16 15:45:00;1,07;11,32;151,749;199,2881;0
2026-01-16 16:00:00;0,12;16,88;132,759;180,2981;0
2026-01-16 16:15:00;0,07;16,62;149,139;196,6781;0
2026-01-16 16:30:00;0,07;16,36;151,259;198,7981;0
2026-01-16 16:45:00;0,06;16,54;152,689;200,2281;0
2026-01-16 17:00:00;0,07;16,05;145,689;193,2281;0
2026-01-16 17:15:00;0,06;17,3;147,039;194,5781;0
2026-01-16 17:30:00;0,06;16,05;153,459;200,9981;0
2026-01-16 17:45:00;0,08;15,07;150,579;198,1181;0
2026-01-16 18:00:00;0,07;13,29;151,609;199,1481;0
2026-01-16 18:15:00;0,06;12,18;144,049;191,5881;0
2026-01-16 18:30:00;0,06;11,26;139,739;187,2781;0
2026-01-16 18:45:00;0,06;11,79;137,959;185,4981;0
2026-01-16 19:00:00;0,06;12,64;131,869;179,4081;0
2026-01-16 19:15:00;0,06;13,91;130,769;178,3081;0
2026-01-16 19:30:00;0,06;12,42;126,019;173,5581;0
2026-01-16 19:45:00;0,06;11,28;107,729;155,2681;0
2026-01-16 20:00:00;0,06;11,3;115,149;162,6881;0
2026-01-16 20:15:00;0,06;11,1;114,959;162,4981;0
2026-01-16 20:30:00;0,06;11,4;105,929;153,4681;0
2026-01-16 20:45:00;0,06;11,37;95,849;143,3881;0
2026-01-16 21:00:00;0,06;9,87;116,749;164,2881;0
2026-01-16 21:15:00;0,06;8,89;108,109;155,6481;0
2026-01-16 21:30:00;0,06;8,88;108,949;156,4881;0
2026-01-16 21:45:00;0,06;9,26;103,869;151,4081;0
2026-01-16 22:00:00;0,06;8,49;110,709;158,2481;0
2026-01-16 22:15:00;0,06;8,69;96,829;144,3681;0
2026-01-16 22:30:00;0,06;10,35;90,749;138,2881;0
2026-01-16 22:45:00;0,06;16;85,519;133,0581;0
2026-01-16 23:00:00;0,06;16,92;108,739;156,2781;0
2026-01-16 23:15:00;0,06;16,28;99,739;147,2781;0
2026-01-16 23:30:00;0,06;14,25;88,729;136,2681;0
2026-01-16 23:45:00;0,06;15,78;84,379;131,9181;0
2026-01-17 00:00:00;0,06;14,79;98,699;146,2381;0
2026-01-17 00:15:00;0,06;16,07;93,329;140,8681;0
2026-01-17 00:30:00;0,06;14,91;89,369;136,9081;0
2026-01-17 00:45:00;0,06;15,58;86,739;134,2781;0
2026-01-17 01:00:00;0,06;17,52;92,979;140,5181;0
2026-01-17 01:15:00;0,06;15,8;90,779;138,3181;0
2026-01-17 01:30:00;0,06;17,67;87,199;134,7381;0
2026-01-17 01:45:00;0,06;17,26;84,959;132,4981;0
2026-01-17 02:00:00;0,06;15,97;85,799;133,3381;0
2026-01-17 02:15:00;0,06;14,75;89,069;136,6081;0
2026-01-17 02:30:00;0,06;16,56;85,989;133,5281;0
2026-01-17 02:45:00;0,07;10,96;86,339;133,8781;0
2026-01-17 03:00:00;0,07;10,47;85,969;133,5081;0
2026-01-17 03:15:00;0,06;9,28;85,569;133,1081;0
2026-01-17 03:30:00;0,06;9,77;85,619;133,1581;0
2026-01-17 03:45:00;0,07;10,19;85,869;133,4081;0
2026-01-17 04:00:00;0,06;16,36;86,049;133,5881;0
2026-01-17 04:15:00;0,06;20;85,059;132,5981;0
2026-01-17 04:30:00;0,06;21,34;86,759;134,2981;0
2026-01-17 04:45:00;0,06;19,52;86,169;133,7081;0
2026-01-17 05:00:00;0,06;19,79;88,789;136,3281;0
2026-01-17 05:15:00;0,06;19,03;83,599;131,1381;0
2026-01-17 05:30:00;0,06;18,51;88,719;136,2581;0
2026-01-17 05:45:00;0,06;17,81;89,719;137,2581;0
2026-01-17 06:00:00;0,06;16,59;85,949;133,4881;0
2026-01-17 06:15:00;0,06;11,95;90,919;138,4581;0
2026-01-17 06:30:00;0,06;12,14;93,179;140,7181;0,000216088
2026-01-17 06:45:00;0,06;14,09;100,339;147,8781;0,003161752
2026-01-17 07:00:00;0,06;10,14;86,789;134,3281;0,013185697
2026-01-17 07:15:00;0,06;10,38;97,229;144,7681;0,029907005
2026-01-17 07:30:00;0,07;9,12;100,389;147,9281;0,04933162
2026-01-17 07:45:00;0,34;12,45;101,759;149,2981;0,06820463
2026-01-17 08:00:00;0,74;17,32;111,869;159,4081;0,08144252
2026-01-17 08:15:00;1,51;17,19;113,409;160,9481;0,09729021
2026-01-17 08:30:00;4,72;10,72;109,449;156,9881;0,110121936
2026-01-17 08:45:00;8,89;5,83;104,289;151,8281;0,11800609
2026-01-17 09:00:00;8,6;12,6;116,389;163,9281;0,13318884
2026-01-17 09:15:00;29,68;-7,45;116,099;163,6381;0,13860542
2026-01-17 09:30:00;36,62;-16,57;112,379;159,9181;0,1420624
2026-01-17 09:45:00;33,36;-11,25;102,029;149,5681;0,14236705
2026-01-17 10:00:00;34,85;-14,15;117,759;165,2981;0,17360519
2026-01-17 10:15:00;56,32;-36,88;116,349;163,8881;0,16521092
2026-01-17 10:30:00;57,22;-40,55;114,689;162,2281;0,15660574
2026-01-17 10:45:00;59,53;-42,65;109,599;157,1381;0,14838497
2026-01-17 11:00:00;59,88;-42,72;113,459;160,9981;0,14319792
2026-01-17 11:15:00;59,96;-40,82;110,079;157,6181;0,13672702
2026-01-17 11:30:00;56,82;-38,8;114,229;161,7681;0,1304801
2026-01-17 11:45:00;51,98;-34,6;109,479;157,0181;0,124997064
2026-01-17 12:00:00;41,36;-23,89;108,549;156,0881;0,12107577
2026-01-17 12:15:00;44,96;-28,16;105,849;153,3881;0,11526461
2026-01-17 12:30:00;45,34;-26,96;104,399;151,9381;0,1071172
2026-01-17 12:45:00;38,07;-22,81;105,099;152,6381;0,09735941
2026-01-17 13:00:00;35,71;-18,93;105,259;152,7981;0,08397046
2026-01-17 13:15:00;29,97;-16,1;108,749;156,2881;0,07331754
2026-01-17 13:30:00;28;-12,71;112,309;159,8481;0,061075687
2026-01-17 13:45:00;26,76;-12,68;110,939;158,4781;0,047366936
2026-01-17 14:00:00;21,78;-6,87;105,759;153,2981;0,032121014
2026-01-17 14:15:00;19,19;-4,02;111,639;159,1781;0,020299084
2026-01-17 14:30:00;15,19;2,02;116,189;163,7281;0,009898729
2026-01-17 14:45:00;13,11;4,75;117,929;165,4681;0,002848756
2026-01-17 15:00:00;10,24;8,78;116,009;163,5481;0,000234109
2026-01-17 15:15:00;6,17;10,7;124,589;172,1281;0
2026-01-17 15:30:00;2,96;15,29;125,689;173,2281;0
2026-01-17 15:45:00;1,42;21,21;128,009;175,5481;0
2026-01-17 16:00:00;0,53;20,29;124,539;172,0781;0
2026-01-17 16:15:00;0,09;17,56;129,079;176,6181;0
2026-01-17 16:30:00;0,07;18,48;131,689;179,2281;0
2026-01-17 16:45:00;0,06;17,71;136,249;183,7881;0
2026-01-17 17:00:00;0,05;21,14;131,239;178,7781;0
2026-01-17 17:15:00;0,07;20,37;131,239;178,7781;0
2026-01-17 17:30:00;0,06;17,67;136,359;183,8981;0
2026-01-17 17:45:00;0,06;11,21;135,549;183,0881;0
2026-01-17 18:00:00;0,05;13,9;132,549;180,0881;0
2026-01-17 18:15:00;0,05;12,77;131,799;179,3381;0
2026-01-17 18:30:00;0,06;14,17;130,889;178,4281;0
2026-01-17 18:45:00;0,06;12,84;122,109;169,6481;0
2026-01-17 19:00:00;0,06;12,5;128,869;176,4081;0
2026-01-17 19:15:00;0,06;10,41;112,139;159,6781;0
2026-01-17 19:30:00;0,06;11,21;109,869;157,4081;0
2026-01-17 19:45:00;0,07;10,4;100,129;147,6681;0
2026-01-17 20:00:00;0,06;10,45;107,819;155,3581;0
2026-01-17 20:15:00;0,06;10,75;102,529;150,0681;0
2026-01-17 20:30:00;0,06;11,04;94,509;142,0481;0
2026-01-17 20:45:00;0,06;10,29;89,759;137,2981;0
2026-01-17 21:00:00;0,07;9,44;99,679;147,2181;0
2026-01-17 21:15:00;0,07;7,87;95,039;142,5781;0
2026-01-17 21:30:00;0,07;8,49;100,689;148,2281;0
2026-01-17 21:45:00;0,07;9,54;104,079;151,6181;0
2026-01-17 22:00:00;0,06;9,3;106,739;154,2781;0
2026-01-17 22:15:00;0,06;9,02;99,749;147,2881;0
2026-01-17 22:30:00;0,06;7,25;94,879;142,4181;0
2026-01-17 22:45:00;0,06;15,38;89,719;137,2581;0
2026-01-17 23:00:00;0,06;16,01;105,989;153,5281;0
2026-01-17 23:15:00;0,06;14,76;103,699;151,2381;0
2026-01-17 23:30:00;0,06;12,8;99,419;146,9581;0
2026-01-17 23:45:00;0,06;14,8;96,749;144,2881;0
2026-01-18 00:00:00;0,06;12,18;103,739;151,2781;0
2026-01-18 00:15:00;0,06;14,81;99,909;147,4481;0
2026-01-18 00:30:00;0,06;13,28;97,839;145,3781;0
2026-01-18 00:45:00;0,06;14,57;98,269;145,8081;0
2026-01-18 01:00:00;0,06;19,17;101,979;149,5181;0
2026-01-18 01:15:00;0,06;15,85;99,919;147,4581;0
2026-01-18 01:30:00;0,06;14,77;95,689;143,2281;0
2026-01-18 01:45:00;0,06;15,24;94,969;142,5081;0
2026-01-18 02:00:00;0,06;13,94;94,579;142,1181;0
2026-01-18 02:15:00;0,06;17,44;93,749;141,2881;0
2026-01-18 02:30:00;0,06;15,59;92,479;140,0181;0
2026-01-18 02:45:00;0,06;11,22;92,349;139,8881;0
2026-01-18 03:00:00;0,06;9,59;93,739;141,2781;0
2026-01-18 03:15:00;0,06;8,42;93,369;140,9081;0
2026-01-18 03:30:00;0,06;10,42;92,479;140,0181;0
2026-01-18 03:45:00;0,06;9,85;92,349;139,8881;0
2026-01-18 04:00:00;0,06;18,07;92,179;139,7181;0
2026-01-18 04:15:00;0,06;20,06;92,349;139,8881;0
2026-01-18 04:30:00;0,06;20,26;93,049;140,5881;0
2026-01-18 04:45:00;0,06;21,51;93,739;141,2781;0
2026-01-18 05:00:00;0,06;18,96;90,949;138,4881;0
2026-01-18 05:15:00;0,06;19,79;91,969;139,5081;0
2026-01-18 05:30:00;0,06;24,05;91,969;139,5081;0
2026-01-18 05:45:00;0,06;24,23;92,309;139,8481;0
2026-01-18 06:00:00;0,06;18,55;91,009;138,5481;0
2026-01-18 06:15:00;0,06;12,72;90,039;137,5781;0
2026-01-18 06:30:00;0,06;10,95;91,209;138,7481;0,000552716
2026-01-18 06:45:00;0,06;13,36;93,029;140,5681;0,006112685
2026-01-18 07:00:00;0,06;14,21;94,839;142,3781;0,02355324
2026-01-18 07:15:00;0,06;15,35;96,299;143,8381;0,047969133
2026-01-18 07:30:00;0,17;14,44;98,099;145,6381;0,07373663
2026-01-18 07:45:00;2,33;9,92;96,389;143,9281;0,09817454
2026-01-18 08:00:00;5,94;7,72;105,709;153,2481;0,11713068
2026-01-18 08:15:00;7,2;4,26;97,699;145,2381;0,14074878
2026-01-18 08:30:00;10,08;1,76;95,929;143,4681;0,16367152
2026-01-18 08:45:00;10,66;0,85;93,339;140,8781;0,18360415
2026-01-18 09:00:00;9,81;11,1;96,059;143,5981;0,19920863
2026-01-18 09:15:00;9,52;7,07;93,949;141,4881;0,21768643
2026-01-18 09:30:00;15,37;2,59;91,779;139,3181;0,23373245
2026-01-18 09:45:00;38,16;-21,04;88,849;136,3881;0,24645367
2026-01-18 10:00:00;33,04;-15,9;89,349;136,8881;0,27698418
2026-01-18 10:15:00;47,87;-30,8;90,599;138,1381;0,27787057
2026-01-18 10:30:00;55,85;-36,28;88,919;136,4581;0,27619278
2026-01-18 10:45:00;57,54;-38,57;88,509;136,0481;0,27169812
2026-01-18 11:00:00;57,23;-39,74;88,749;136,2881;0,26658332
2026-01-18 11:15:00;54,79;-40,34;87,339;134,8781;0,25615093
2026-01-18 11:30:00;52,31;-35,87;87,279;134,8181;0,24590766
2026-01-18 11:45:00;45,82;-30,06;87,049;134,5881;0,22922921
2026-01-18 12:00:00;51,2;-35,68;86,879;134,4181;0,22412546
2026-01-18 12:15:00;50,38;-35,55;87,489;135,0281;0,20294842
2026-01-18 12:30:00;44,12;-29,12;87,949;135,4881;0,1803839
2026-01-18 12:45:00;41,53;-26,93;88,529;136,0681;0,15756802
2026-01-18 13:00:00;40,63;-25,11;88,749;136,2881;0,14472005
2026-01-18 13:15:00;38,62;-24,42;91,119;138,6581;0,12084523
2026-01-18 13:30:00;35,26;-18,8;92,919;140,4581;0,099044755
2026-01-18 13:45:00;30,7;-16,46;93,549;141,0881;0,07751664
2026-01-18 14:00:00;27,41;-11,74;92,209;139,7481;0,05670649
2026-01-18 14:15:00;23,55;-8,62;94,149;141,6881;0,035501998
2026-01-18 14:30:00;19,33;-3,49;95,929;143,4681;0,016557414
2026-01-18 14:45:00;7,17;6,65;101,599;149,1381;0,003966768
2026-01-18 15:00:00;5,72;8,89;95,459;142,9981;0,000321327
2026-01-18 15:15:00;7,5;7,07;104,999;152,5381;0
2026-01-18 15:30:00;4,14;10,81;107,879;155,4181;0
2026-01-18 15:45:00;1,74;10,53;110,659;158,1981;0
2026-01-18 16:00:00;0,5;17,27;109,339;156,8781;0
2026-01-18 16:15:00;0,05;17,74;118,479;166,0181;0
2026-01-18 16:30:00;0,07;17,53;125,679;173,2181;0
2026-01-18 16:45:00;0,06;17,9;131,719;179,2581;0
2026-01-18 17:00:00;0,06;16,77;130,209;177,7481;0
2026-01-18 17:15:00;0,06;18,73;133,499;181,0381;0
2026-01-18 17:30:00;0,06;19,75;137,089;184,6281;0
2026-01-18 17:45:00;0,06;20,97;135,199;182,7381;0
2026-01-18 18:00:00;0,06;15,53;139,559;187,0981;0
2026-01-18 18:15:00;0,06;13,71;144,199;191,7381;0
2026-01-18 18:30:00;0,06;12,99;143,369;190,9081;0
2026-01-18 18:45:00;0,06;13,08;129,769;177,3081;0
2026-01-18 19:00:00;0,06;12,8;116,369;163,9081;0
2026-01-18 19:15:00;0,06;13,48;124,849;172,3881;0
2026-01-18 19:30:00;0,06;11,37;129,029;176,5681;0
2026-01-18 19:45:00;0,06;10,48;115,539;163,0781;0
2026-01-18 20:00:00;0,06;10,01;117,879;165,4181;0
2026-01-18 20:15:00;0,07;9,96;111,019;158,5581;0
2026-01-18 20:30:00;0,07;9,46;123,929;171,4681;0
2026-01-18 20:45:00;0,06;8,99;130,309;177,8481;0
2026-01-18 21:00:00;0,06;8,37;113,109;160,6481;0
2026-01-18 21:15:00;0,06;8,65;117,409;164,9481;0
2026-01-18 21:30:00;0,06;8,14;114,259;161,7981;0
2026-01-18 21:45:00;0,07;8,38;105,189;152,7281;0
2026-01-18 22:00:00;0,07;7,07;100,749;148,2881;0
2026-01-18 22:15:00;0,06;6,15;95,339;142,8781;0
2026-01-18 22:30:00;0,07;7,56;91,129;138,6681;0
2026-01-18 22:45:00;0,06;16,56;90,759;138,2981;0
2026-01-18 23:00:00;0,05;14,61;95,549;143,0881;0
2026-01-18 23:15:00;0,06;12,83;92,349;139,8881;0
2026-01-18 23:30:00;0,06;14,5;90,669;138,2081;0
2026-01-18 23:45:00;0,06;18,74;89,029;136,5681;0
2026-01-19 00:00:00;0,06;20,06;90,949;138,4881;0
2026-01-19 00:15:00;0,06;18,99;91,829;139,3681;0
2026-01-19 00:30:00;0,05;18,22;91,639;139,1781;0
2026-01-19 00:45:00;0,05;18,96;90,339;137,8781;0
2026-01-19 01:00:00;0,06;19,54;92,869;140,4081;0
2026-01-19 01:15:00;0,06;19,31;91,739;139,2781;0
2026-01-19 01:30:00;0,05;20,17;90,959;138,4981;0
2026-01-19 01:45:00;0,05;18,3;90,759;138,2981;0
2026-01-19 02:00:00;0,05;18,11;91,229;138,7681;0
2026-01-19 02:15:00;0,05;17,84;91,289;138,8281;0
2026-01-19 02:30:00;0,06;19,07;90,959;138,4981;0
2026-01-19 02:45:00;0,05;15,35;91,269;138,8081;0
2026-01-19 03:00:00;0,06;12,06;90,199;137,7381;0
2026-01-19 03:15:00;0,05;12,57;90,969;138,5081;0
2026-01-19 03:30:00;0,06;12,78;91,269;138,8081;0
2026-01-19 03:45:00;0,05;12,41;91,099;138,6381;0
2026-01-19 04:00:00;0,05;14,15;88,449;135,9881;0
2026-01-19 04:15:00;0,06;12,88;90,799;138,3381;0
2026-01-19 04:30:00;0,06;12,33;91,309;138,8481;0
2026-01-19 04:45:00;0,06;12,68;101,359;148,8981;0
2026-01-19 05:00:00;0,05;20,06;98,789;146,3281;0
2026-01-19 05:15:00;0,05;21,12;113,079;160,6181;0
2026-01-19 05:30:00;0,06;18,17;120,979;168,5181;0
2026-01-19 05:45:00;0,06;16,59;134,549;182,0881;0
2026-01-19 06:00:00;0,06;17,71;133,039;180,5781;0
2026-01-19 06:15:00;0,06;16,62;147,529;195,0681;0
2026-01-19 06:30:00;0,06;11,57;157,499;205,0381;0,000568782
2026-01-19 06:45:00;0,06;10,55;163,539;211,0781;0,006819179
2026-01-19 07:00:00;0,05;11,1;163,809;211,3481;0,024004713
2026-01-19 07:15:00;0,06;11,4;175,229;222,7681;0,048623003
2026-01-19 07:30:00;0,06;10,87;167,859;215,3981;0,07550469
2026-01-19 07:45:00;1,37;17,27;155,749;203,2881;0,10084164
2026-01-19 08:00:00;2,87;17,22;180,949;228,4881;0,12444358
2026-01-19 08:15:00;5,84;11,37;161,779;209,3181;0,14802207
2026-01-19 08:30:00;11,62;2,5;142,599;190,1381;0,17194033
2026-01-19 08:45:00;16,78;-2,77;125,419;172,9581;0,1943391
2026-01-19 09:00:00;15,72;5,9;147,829;195,3681;0,21941572
2026-01-19 09:15:00;25,09;-3,79;130,479;178,0181;0,24011944
2026-01-19 09:30:00;30,11;-9,77;118,879;166,4181;0,25821337
2026-01-19 09:45:00;24,94;-6,6;110,149;157,6881;0,2728514
2026-01-19 10:00:00;29,94;-9,8;118,259;165,7981;0,29880694
2026-01-19 10:15:00;19,92;-1,46;113,579;161,1181;0,30257642
2026-01-19 10:30:00;21,18;-4,37;110,339;157,8781;0,30419272
2026-01-19 10:45:00;20,96;-4,02;108,339;155,8781;0,3028163
2026-01-19 11:00:00;22,44;-3,51;110,759;158,2981;0,31685522
2026-01-19 11:15:00;21,89;-5,62;110,869;158,4081;0,30707917
2026-01-19 11:30:00;22,18;-5,41;110,489;158,0281;0,29755333
2026-01-19 11:45:00;25,37;-8,19;110,889;158,4281;0,28102502
2026-01-19 12:00:00;28,45;-11,26;109,749;157,2881;0,27906543
2026-01-19 12:15:00;23,71;-6,76;112,089;159,6281;0,2548999
2026-01-19 12:30:00;28;-12,87;116,659;164,1981;0,22819619
2026-01-19 12:45:00;49,47;-35,6;124,509;172,0481;0,20049675
2026-01-19 13:00:00;38,19;-22,36;111,429;158,9681;0,18020989
2026-01-19 13:15:00;25,11;-10,94;129,749;177,2881;0,15140136
2026-01-19 13:30:00;25,09;-10,47;137,809;185,3481;0,12536335
2026-01-19 13:45:00;15,08;-1,06;157,429;204,9681;0,0995406
2026-01-19 14:00:00;12,79;1,33;125,749;173,2881;0,07403781
2026-01-19 14:15:00;11,68;1,71;147,239;194,7781;0,047085226
2026-01-19 14:30:00;11,43;2,15;158,449;205,9881;0,022615612
2026-01-19 14:45:00;14,26;0,37;184,749;232,2881;0,006040855
2026-01-19 15:00:00;13,98;0,12;144,349;191,8881;0,000609245
2026-01-19 15:15:00;11,55;1,65;156,699;204,2381;0
2026-01-19 15:30:00;5,77;8,02;161,369;208,9081;0
2026-01-19 15:45:00;3,03;9,18;167,589;215,1281;0
2026-01-19 16:00:00;0,78;18,93;145,909;193,4481;0
2026-01-19 16:15:00;0,1;18,57;161,599;209,1381;0
2026-01-19 16:30:00;0,06;16,37;181,379;228,9181;0
2026-01-19 16:45:00;0,06;16,86;195,649;243,1881;0
2026-01-19 17:00:00;0,05;16,22;186,529;234,0681;0
2026-01-19 17:15:00;0,06;18,65;181,639;229,1781;0
2026-01-19 17:30:00;0,06;17,4;189,589;237,1281;0
2026-01-19 17:45:00;0,06;18,17;190,439;237,9781;0
2026-01-19 18:00:00;0,06;19,28;183,909;231,4481;0
2026-01-19 18:15:00;0,06;17,12;174,359;221,8981;0
2026-01-19 18:30:00;0,06;16,02;168,499;216,0381;0
2026-01-19 18:45:00;0,06;15,34;161,119;208,6581;0
2026-01-19 19:00:00;0,06;14,58;155,959;203,4981;0
2026-01-19 19:15:00;0,06;14,31;143,899;191,4381;0
2026-01-19 19:30:00;0,06;14,42;141,089;188,6281;0
2026-01-19 19:45:00;0,06;14,2;132,619;180,1581;0
2026-01-19 20:00:00;0,06;11,84;130,159;177,6981;0
2026-01-19 20:15:00;0,06;11,8;129,069;176,6081;0
2026-01-19 20:30:00;0,06;13,02;125,589;173,1281;0
2026-01-19 20:45:00;0,06;13,19;117,969;165,5081;0
2026-01-19 21:00:00;0,06;11,81;122,349;169,8881;0
2026-01-19 21:15:00;0,06;10,23;118,549;166,0881;0
2026-01-19 21:30:00;0,06;10,55;117,219;164,7581;0
2026-01-19 21:45:00;0,06;10,61;110,669;158,2081;0
2026-01-19 22:00:00;0,05;11,66;113,249;160,7881;0
2026-01-19 22:15:00;0,05;9,89;105,359;152,8981;0
2026-01-19 22:30:00;0,05;8,79;98,429;145,9681;0
2026-01-19 22:45:00;0,05;16,24;95,039;142,5781;0
2026-01-19 23:00:00;0,05;15,73;98,269;145,8081;0
2026-01-19 23:15:00;0,05;15,72;99,859;147,3981;0
2026-01-19 23:30:00;0,05;13,77;97,009;144,5481;0
2026-01-19 23:45:00;0,06;13,9;94,839;142,3781;0
2026-01-20 00:00:00;0,05;13,96;102,159;149,6981;0
2026-01-20 00:15:00;0,05;12,69;100,469;148,0081;0
2026-01-20 00:30:00;0,05;13,55;100,049;147,5881;0
2026-01-20 00:45:00;0,05;14,34;96,759;144,2981;0
2026-01-20 01:00:00;0,05;17,14;95,889;143,4281;0
2026-01-20 01:15:00;0,05;16,22;94,459;141,9981;0
2026-01-20 01:30:00;0,05;17,67;94,599;142,1381;0
2026-01-20 01:45:00;0,06;15,95;94,239;141,7781;0
2026-01-20 02:00:00;0,05;17,68;90,439;137,9781;0
2026-01-20 02:15:00;0,05;16,66;90,099;137,6381;0
2026-01-20 02:30:00;0,06;16,56;90,389;137,9281;0
2026-01-20 02:45:00;0,06;12,01;91,119;138,6581;0
2026-01-20 03:00:00;0,05;9,22;89,499;137,0381;0
2026-01-20 03:15:00;0,05;9,88;89,699;137,2381;0
2026-01-20 03:30:00;0,05;10,7;90,749;138,2881;0
2026-01-20 03:45:00;0,05;12,44;91,309;138,8481;0
2026-01-20 04:00:00;0,05;18,17;96,289;143,8281;0
2026-01-20 04:15:00;0,06;18,21;89,579;137,1181;0
2026-01-20 04:30:00;0,05;14,45;98,199;145,7381;0
2026-01-20 04:45:00;0,06;20,03;106,219;153,7581;0
2026-01-20 05:00:00;0,05;19,68;87,979;135,5181;0
2026-01-20 05:15:00;0,05;20,28;94,529;142,0681;0
2026-01-20 05:30:00;0,05;19,67;107,449;154,9881;0
2026-01-20 05:45:00;0,06;19,39;134,629;182,1681;0
2026-01-20 06:00:00;0,05;17,63;92,529;140,0681;0
2026-01-20 06:15:00;0,05;10,4;106,689;154,2281;0
2026-01-20 06:30:00;0,05;10,63;140,509;188,0481;0,000495081
2026-01-20 06:45:00;0,06;11,1;164,389;211,9281;0,003849289
2026-01-20 07:00:00;0,06;11,4;159,289;206,8281;0,01215269
2026-01-20 07:15:00;0,07;10,89;173,289;220,8281;0,026014702
2026-01-20 07:30:00;0,35;14,25;152,189;199,7281;0,04292124
2026-01-20 07:45:00;1,76;9,92;133,779;181,3181;0,059250075
2026-01-20 08:00:00;5,22;5,64;173,709;221,2481;0,08010374
2026-01-20 08:15:00;9,88;8,16;137,879;185,4181;0,09466486
2026-01-20 08:30:00;15,71;4,53;123,499;171,0381;0,108912796
2026-01-20 08:45:00;22,55;-1,5;98,659;146,1981;0,1221342
2026-01-20 09:00:00;26,18;-2,32;137,329;184,8681;0,15591234
2026-01-20 09:15:00;29,88;-10,34;114,539;162,0781;0,16549161
2026-01-20 09:30:00;38,81;-19,57;101,099;148,6381;0,17367609
2026-01-20 09:45:00;45,93;-25,87;89,039;136,5781;0,17984751
2026-01-20 10:00:00;52,48;-32,82;102,599;150,1381;0,20575604
2026-01-20 10:15:00;56,34;-37,6;90,749;138,2881;0,20427708
2026-01-20 10:30:00;54,45;-34,86;88,199;135,7381;0,2021056
2026-01-20 10:45:00;53,74;-36,41;85,699;133,2381;0,1991305
2026-01-20 11:00:00;57,2;-37,82;87,789;135,3281;0,20715041
2026-01-20 11:15:00;59,59;-42,88;85,019;132,5581;0,19891077
2026-01-20 11:30:00;58,1;-41,26;87,099;134,6381;0,19106174
2026-01-20 11:45:00;54,84;-36,53;87,589;135,1281;0,17943557
2026-01-20 12:00:00;54,64;-37,82;86,419;133,9581;0,18096705
2026-01-20 12:15:00;52,54;-33,67;87,209;134,7481;0,16571756
2026-01-20 12:30:00;48,56;-26,01;87,029;134,5681;0,14952753
2026-01-20 12:45:00;41,05;-19,28;87,749;135,2881;0,13288538
2026-01-20 13:00:00;43,97;-22,38;84,479;132,0181;0,12661518
2026-01-20 13:15:00;41,15;-20;95,319;142,8581;0,10548557
2026-01-20 13:30:00;32,2;-10,53;108,189;155,7281;0,084741645
2026-01-20 13:45:00;35,72;-14,67;130,579;178,1181;0,06426047
2026-01-20 14:00:00;12,32;8,93;97,019;144,5581;0,055004995
2026-01-20 14:15:00;6,32;13,82;115,609;163,1481;0,033103693
2026-01-20 14:30:00;4,54;15,39;148,669;196,2081;0,016089452
2026-01-20 14:45:00;4,56;16,28;131,379;178,9181;0,005347623
2026-01-20 15:00:00;2,7;17,11;90,029;137,5681;0,000812242
2026-01-20 15:15:00;1,79;19,04;110,749;158,2881;0
2026-01-20 15:30:00;1,26;17,67;131,879;179,4181;0
2026-01-20 15:45:00;0,71;11,56;166,819;214,3581;0
2026-01-20 16:00:00;0,12;16,74;144,199;191,7381;0
2026-01-20 16:15:00;0,06;16,89;160,469;208,0081;0
2026-01-20 16:30:00;0,06;17,44;159,359;206,8981;0
2026-01-20 16:45:00;0,06;16,84;153,759;201,2981;0
2026-01-20 17:00:00;0,05;16,42;148,069;195,6081;0
2026-01-20 17:15:00;0,06;16,85;142,469;190,0081;0
2026-01-20 17:30:00;0,06;16,67;137,499;185,0381;0
2026-01-20 17:45:00;0,06;20,95;135,639;183,1781;0
2026-01-20 18:00:00;0,05;19,27;145,899;193,4381;0
2026-01-20 18:15:00;0,05;14,95;131,059;178,5981;0
2026-01-20 18:30:00;0,05;13,93;124,529;172,0681;0
2026-01-20 18:45:00;0,05;13,22;118,899;166,4381;0
2026-01-20 19:00:00;0,06;13,72;139,229;186,7681;0
2026-01-20 19:15:00;0,06;13,73;113,779;161,3181;0
2026-01-20 19:30:00;0,06;12,8;114,309;161,8481;0
2026-01-20 19:45:00;0,05;12,43;102,189;149,7281;0
2026-01-20 20:00:00;0,06;10,53;124,539;172,0781;0
2026-01-20 20:15:00;0,07;11,04;110,149;157,6881;0
2026-01-20 20:30:00;0,06;10;96,659;144,1981;0
2026-01-20 20:45:00;0,07;9,78;80,719;128,2581;0
2026-01-20 21:00:00;0,06;10,68;108,179;155,7181;0
2026-01-20 21:15:00;0,06;10,16;102,919;150,4581;0
2026-01-20 21:30:00;0,06;9,94;98,059;145,5981;0
2026-01-20 21:45:00;0,06;10,04;94,019;141,5581;0
2026-01-20 22:00:00;0,06;12,57;99,129;146,6681;0
2026-01-20 22:15:00;0,06;10,62;91,239;138,7781;0
2026-01-20 22:30:00;0,06;8,68;85,309;132,8481;0
2026-01-20 22:45:00;0,06;15,7;79,519;127,0581;0
2026-01-20 23:00:00;0,06;13,98;89,299;136,8381;0
2026-01-20 23:15:00;0,06;14,31;88,809;136,3481;0
2026-01-20 23:30:00;0,06;13,88;88,639;136,1781;0
2026-01-20 23:45:00;0,05;12,75;88,139;135,6781;0
2026-01-21 00:00:00;0,06;13,14;91,339;138,8781;0
2026-01-21 00:15:00;0,05;12,14;87,519;135,0581;0
2026-01-21 00:30:00;0,05;14,48;85,009;132,5481;0
2026-01-21 00:45:00;0,06;14,22;82,069;129,6081;0
2026-01-21 01:00:00;0,05;15,3;84,389;131,9281;0
2026-01-21 01:15:00;0,06;15,68;83,699;131,2381;0
2026-01-21 01:30:00;0,05;15,27;81,739;129,2781;0
2026-01-21 01:45:00;0,06;17,43;80,559;128,0981;0
2026-01-21 02:00:00;0,06;16,79;85,759;133,2981;0
2026-01-21 02:15:00;0,06;16,26;82,059;129,5981;0
2026-01-21 02:30:00;0,06;15,72;81,099;128,6381;0
2026-01-21 02:45:00;0,06;12,08;79,599;127,1381;0
2026-01-21 03:00:00;0,06;9,28;81,479;129,0181;0
2026-01-21 03:15:00;0,06;8,79;79,359;126,8981;0
2026-01-21 03:30:00;0,06;10,17;81,169;128,7081;0
2026-01-21 03:45:00;0,06;11,24;81,989;129,5281;0
2026-01-21 04:00:00;0,06;19,13;79,399;126,9381;0
2026-01-21 04:15:00;0,06;14,54;80,399;127,9381;0
2026-01-21 04:30:00;0,06;19,94;84,879;132,4181;0
2026-01-21 04:45:00;0,06;20,04;84,089;131,6281;0
2026-01-21 05:00:00;0,06;19,82;77,719;125,2581;0
2026-01-21 05:15:00;0,05;18,67;83,189;130,7281;0
2026-01-21 05:30:00;0,06;17,41;88,919;136,4581;0
2026-01-21 05:45:00;0,06;17,03;94,619;142,1581;0
2026-01-21 06:00:00;0,06;13,95;119,279;166,8181;0
2026-01-21 06:15:00;0,06;10,44;133,429;180,9681;8,50E-08
2026-01-21 06:30:00;0,06;12,42;137,999;185,5381;0,000996367
2026-01-21 06:45:00;0,06;11,11;145,909;193,4481;0,010138788
2026-01-21 07:00:00;0,06;11,47;143,619;191,1581;0,032107413
2026-01-21 07:15:00;0,06;11,79;155,789;203,3281;0,060197897
2026-01-21 07:30:00;0,06;12,71;133,009;180,5481;0,08883142
2026-01-21 07:45:00;0,16;18,53;111,719;159,2581;0,1157052
2026-01-21 08:00:00;0,86;18,21;137,399;184,9381;0,14187826
2026-01-21 08:15:00;2,1;13,89;126,969;174,5081;0,16818166
2026-01-21 08:30:00;2,83;11,11;128,439;175,9781;0,19568433
2026-01-21 08:45:00;4,75;9,84;110,749;158,2881;0,22262612
2026-01-21 09:00:00;6,96;16,07;133,949;181,4881;0,24172217
2026-01-21 09:15:00;8,52;12,85;108,899;156,4381;0,26650557
2026-01-21 09:30:00;6,82;14,2;94,879;142,4181;0,28911343
2026-01-21 09:45:00;7,52;13,01;90,359;137,8981;0,30888027
2026-01-21 10:00:00;9,74;9,54;90,919;138,4581;0,3023372
2026-01-21 10:15:00;12,87;4,82;88,589;136,1281;0,31407124
2026-01-21 10:30:00;15,06;2,79;86,279;133,8181;0,3234703
2026-01-21 10:45:00;16,43;1,42;85,609;133,1481;0,32976115
2026-01-21 11:00:00;24,61;-6,98;85,749;133,2881;0,30222344
2026-01-21 11:15:00;37,66;-19,98;84,119;131,6581;0,30241492
2026-01-21 11:30:00;36,89;-20,01;85,069;132,6081;0,30220416
2026-01-21 11:45:00;25,11;-7,38;84,959;132,4981;0,29371402
2026-01-21 12:00:00;27,4;-10,29;86,399;133,9381;0,25503477
2026-01-21 12:15:00;30,83;-14,36;86,759;134,2981;0,23953162
2026-01-21 12:30:00;46,22;-30,94;86,789;134,3281;0,22008832
2026-01-21 12:45:00;33,1;-17,49;90,479;138,0181;0,1975906
2026-01-21 13:00:00;21,83;-6,73;88,829;136,3681;0,15331018
2026-01-21 13:15:00;14,44;0,07;90,169;137,7081;0,13405082
2026-01-21 13:30:00;12,71;1,23;91,439;138,9781;0,11506365
2026-01-21 13:45:00;19,74;-4,31;99,239;146,7781;0,09535774
2026-01-21 14:00:00;21,65;-6,79;81,839;129,3781;0,07048953
2026-01-21 14:15:00;12,34;1,47;89,149;136,6881;0,051329628
2026-01-21 14:30:00;12,38;2,19;92,569;140,1081;0,02973988
2026-01-21 14:45:00;11,58;2,76;99,219;146,7581;0,010686659
2026-01-21 15:00:00;9,14;5,11;103,809;151,3481;0,001317099
2026-01-21 15:15:00;6,32;8,14;104,479;152,0181;0
2026-01-21 15:30:00;4,17;9,42;96,559;144,0981;0
2026-01-21 15:45:00;2,22;9,64;102,199;149,7381;0
2026-01-21 16:00:00;0,59;12,79;94,359;141,8981;0
2026-01-21 16:15:00;0,06;18,48;102,069;149,6081;0
2026-01-21 16:30:00;0,07;17,84;112,449;159,9881;0
2026-01-21 16:45:00;0,06;19,14;108,599;156,1381;0
2026-01-21 17:00:00;0,06;20,96;109,229;156,7681;0
2026-01-21 17:15:00;0,06;19,48;117,089;164,6281;0
2026-01-21 17:30:00;0,06;20,77;123,069;170,6081;0
2026-01-21 17:45:00;0,06;23,82;131,169;178,7081;0
2026-01-21 18:00:00;0,07;26,85;128,149;175,6881;0
2026-01-21 18:15:00;0,06;17,8;132,749;180,2881;0
2026-01-21 18:30:00;0,06;15,63;112,229;159,7681;0
2026-01-21 18:45:00;0,06;15,56;94,439;141,9781;0
2026-01-21 19:00:00;0,06;14,83;101,749;149,2881;0
2026-01-21 19:15:00;0,06;14,41;90,819;138,3581;0
2026-01-21 19:30:00;0,06;15,41;93,349;140,8881;0
2026-01-21 19:45:00;0,06;16,01;88,819;136,3581;0
2026-01-21 20:00:00;0,06;12,36;93,319;140,8581;0
2026-01-21 20:15:00;0,06;13,14;87,999;135,5381;0
2026-01-21 20:30:00;0,06;12,37;86,729;134,2681;0
2026-01-21 20:45:00;0,06;11,66;80,739;128,2781;0
2026-01-21 21:00:00;0,06;11,54;99,699;147,2381;0
2026-01-21 21:15:00;0,06;9,66;93,369;140,9081;0
2026-01-21 21:30:00;0,06;9,71;89,239;136,7781;0
2026-01-21 21:45:00;0,06;10,06;87,439;134,9781;0
2026-01-21 22:00:00;0,06;11,2;91,509;139,0481;0
2026-01-21 22:15:00;0,06;10,76;84,589;132,1281;0
2026-01-21 22:30:00;0,06;8,78;82,849;130,3881;0
2026-01-21 22:45:00;0,06;14,93;79,869;127,4081;0
2026-01-21 23:00:00;0,06;15,36;75,519;123,0581;0
2026-01-21 23:15:00;0,06;14,18;74,709;122,2481;0
2026-01-21 23:30:00;0,05;14,71;70,509;118,0481;0
2026-01-21 23:45:00;0,05;16,37;64,019;111,5581;0
2026-01-22 00:00:00;0,06;13,87;75,539;123,0781;0
2026-01-22 00:15:00;0,04;19,35;70,449;117,9881;0
2026-01-22 00:30:00;0,06;19,34;72,299;119,8381;0
2026-01-22 00:45:00;0,05;17,87;69,829;117,3681;0
2026-01-22 01:00:00;0,06;19,91;73,479;121,0181;0
2026-01-22 01:15:00;0,06;17,04;72,669;120,2081;0
2026-01-22 01:30:00;0,04;19,25;72,069;119,6081;0
2026-01-22 01:45:00;0,06;19,14;69,939;117,4781;0
2026-01-22 02:00:00;0,05;17,25;70,449;117,9881;0
2026-01-22 02:15:00;0,05;16,8;68,079;115,6181;0
2026-01-22 02:30:00;0,05;14,56;67,099;114,6381;0
2026-01-22 02:45:00;0,06;12,41;67,449;114,9881;0
2026-01-22 03:00:00;0,06;9,6;66,739;114,2781;0
2026-01-22 03:15:00;0,06;10,01;66,759;114,2981;0
2026-01-22 03:30:00;0,06;10,73;69,129;116,6681;0
2026-01-22 03:45:00;0,06;10,72;69,819;117,3581;0
2026-01-22 04:00:00;0,06;9,89;70,209;117,7481;0
2026-01-22 04:15:00;0,06;11,6;67,709;115,2481;0
2026-01-22 04:30:00;0,07;11,59;70,759;118,2981;0
2026-01-22 04:45:00;0,04;11,04;77,379;124,9181;0
2026-01-22 05:00:00;0,05;14,74;73,149;120,6881;0
2026-01-22 05:15:00;0,05;19,55;77,519;125,0581;0
2026-01-22 05:30:00;0,05;19,34;92,739;140,2781;0
2026-01-22 05:45:00;0,06;16,69;101,889;149,4281;0
2026-01-22 06:00:00;0,06;18,91;112,569;160,1081;0
2026-01-22 06:15:00;0,06;17,07;117,809;165,3481;1,19E-06
2026-01-22 06:30:00;0,06;12,46;123,529;171,0681;0,000485645
2026-01-22 06:45:00;0,06;11,35;119,299;166,8381;0,002477955
2026-01-22 07:00:00;0,06;11,93;123,889;171,4281;0,005937061
2026-01-22 07:15:00;0,06;10,8;133,709;181,2481;0,010249978
2026-01-22 07:30:00;0,45;10;120,749;168,2881;0,015209033
2026-01-22 07:45:00;2,34;13,52;113,759;161,2981;0,020504376
2026-01-22 08:00:00;3,87;12,89;120,749;168,2881;0,02731004
2026-01-22 08:15:00;4,38;12,09;109,349;156,8881;0,032829378
2026-01-22 08:30:00;6,87;9,09;107,269;154,8081;0,038339872
2026-01-22 08:45:00;11,79;2,37;92,439;139,9781;0,044518523
2026-01-22 09:00:00;19,55;4,03;110,749;158,2881;0,06550795
2026-01-22 09:15:00;30,41;-8,54;94,529;142,0681;0,07386066
2026-01-22 09:30:00;26,05;-4,1;93,089;140,6281;0,0830642
2026-01-22 09:45:00;24,2;-4,55;89,879;137,4181;0,093359746
2026-01-22 10:00:00;29,19;-10,11;95,999;143,5381;0,13624161
2026-01-22 10:15:00;35,06;-16,16;92,049;139,5881;0,1454824
2026-01-22 10:30:00;38,21;-18,12;90,109;137,6481;0,15314297
2026-01-22 10:45:00;58,4;-38,2;89,439;136,9781;0,15983082
2026-01-22 11:00:00;65,05;-46,98;86,059;133,5981;0,1993097
2026-01-22 11:15:00;68,61;-49,78;82,529;130,0681;0,20052649
2026-01-22 11:30:00;66,51;-48,07;81,889;129,4281;0,20213448
2026-01-22 11:45:00;64,94;-47,04;81,279;128,8181;0,19800153
2026-01-22 12:00:00;51,96;-34,87;85,099;132,6381;0,20652561
2026-01-22 12:15:00;56,87;-40,24;84,659;132,1981;0,19810744
2026-01-22 12:30:00;39,4;-22,1;82,319;129,8581;0,18549751
2026-01-22 12:45:00;20,18;0,51;82,359;129,8981;0,16927476
2026-01-22 13:00:00;17,44;3,18;82,609;130,1481;0,16600344
2026-01-22 13:15:00;12,07;8,17;88,979;136,5181;0,14226225
2026-01-22 13:30:00;20,15;-0,52;89,199;136,7381;0,11739633
2026-01-22 13:45:00;22,4;-1,21;93,659;141,1981;0,09191309
2026-01-22 14:00:00;19,55;2,84;87,779;135,3181;0,06712521
2026-01-22 14:15:00;17,56;-1,86;94,089;141,6281;0,044678334
2026-01-22 14:30:00;15,47;1,15;99,829;147,3681;0,02490145
2026-01-22 14:45:00;14,29;0,3;105,779;153,3181;0,00936582
2026-01-22 15:00:00;7,86;5,7;100,179;147,7181;0,001619384
2026-01-22 15:15:00;2,59;11,37;113,159;160,6981;3,40E-07
2026-01-22 15:30:00;1,7;12,2;125,629;173,1681;0
2026-01-22 15:45:00;1;11,88;118,279;165,8181;0
2026-01-22 16:00:00;0,7;16,07;113,569;161,1081;0
2026-01-22 16:15:00;0,3;17,04;122,149;169,6881;0
2026-01-22 16:30:00;0,06;17,74;127,649;175,1881;0
2026-01-22 16:45:00;0,06;18,47;126,529;174,0681;0
2026-01-22 17:00:00;0,07;17,19;117,479;165,0181;0
2026-01-22 17:15:00;0,06;16,96;119,239;166,7781;0
2026-01-22 17:30:00;0,07;20,79;119,509;167,0481;0
2026-01-22 17:45:00;0,06;18,38;123,919;171,4581;0
2026-01-22 18:00:00;0,07;14,8;120,749;168,2881;0
2026-01-22 18:15:00;0,06;14,3;112,429;159,9681;0
2026-01-22 18:30:00;0,06;12,67;114,759;162,2981;0
2026-01-22 18:45:00;0,06;13,64;104,309;151,8481;0
2026-01-22 19:00:00;0,06;13,36;108,279;155,8181;0
2026-01-22 19:15:00;0,06;13,04;100,639;148,1781;0
2026-01-22 19:30:00;0,06;14,02;101,439;148,9781;0
2026-01-22 19:45:00;0,06;13,04;98,169;145,7081;0
2026-01-22 20:00:00;0,06;12,53;112,479;160,0181;0
2026-01-22 20:15:00;0,06;12,74;101,259;148,7981;0
2026-01-22 20:30:00;0,06;12,43;93,729;141,2681;0
2026-01-22 20:45:00;0,06;12,09;88,339;135,8781;0
2026-01-22 21:00:00;0,06;10,28;94,549;142,0881;0
2026-01-22 21:15:00;0,06;9,55;93,749;141,2881;0
2026-01-22 21:30:00;0,06;9,96;100,749;148,2881;0
2026-01-22 21:45:00;0,06;10,03;90,519;138,0581;0
2026-01-22 22:00:00;0,06;9,99;94,779;142,3181;0
2026-01-22 22:15:00;0,05;8,47;88,349;135,8881;0
2026-01-22 22:30:00;0,05;7,01;90,679;138,2181;0
2026-01-22 22:45:00;0,05;14,22;81,239;128,7781;0
2026-01-22 23:00:00;0,05;13,81;90,319;137,8581;0
2026-01-22 23:15:00;0,06;12,97;88,719;136,2581;0
2026-01-22 23:30:00;0,06;13,1;87,669;135,2081;0
2026-01-22 23:45:00;0,06;12,89;84,229;131,7681;0
2026-01-23 00:00:00;0,06;12,88;91,169;138,7081;0
2026-01-23 00:15:00;0,06;12,6;87,729;135,2681;0
2026-01-23 00:30:00;0,06;12,45;88,349;135,8881;0
2026-01-23 00:45:00;0,05;11,96;86,769;134,3081;0
2026-01-23 01:00:00;0,05;16,39;90,229;137,7681;0
2026-01-23 01:15:00;0,06;17,81;85,729;133,2681;0
2026-01-23 01:30:00;0,05;17,29;84,719;132,2581;0
2026-01-23 01:45:00;0,05;14,5;82,359;129,8981;0
2026-01-23 02:00:00;0,05;16,23;85,649;133,1881;0
2026-01-23 02:15:00;0,05;14,91;79,099;126,6381;0
2026-01-23 02:30:00;0,05;14,58;80,209;127,7481;0
2026-01-23 02:45:00;0,05;12,44;76,979;124,5181;0
2026-01-23 03:00:00;0,06;9,39;81,809;129,3481;0
2026-01-23 03:15:00;0,05;9,33;77,269;124,8081;0
2026-01-23 03:30:00;0,05;10,07;78,739;126,2781;0
2026-01-23 03:45:00;0,05;10,89;79,379;126,9181;0
2026-01-23 04:00:00;0,05;19,58;84,849;132,3881;0
2026-01-23 04:15:00;0,05;19,1;84,159;131,6981;0
2026-01-23 04:30:00;0,06;18,96;87,219;134,7581;0
2026-01-23 04:45:00;0,06;20,63;87,939;135,4781;0
2026-01-23 05:00:00;0,06;20,05;88,749;136,2881;0
2026-01-23 05:15:00;0,06;19,04;95,939;143,4781;0
2026-01-23 05:30:00;0,05;17,16;103,229;150,7681;0
2026-01-23 05:45:00;0,06;17,03;107,189;154,7281;0
2026-01-23 06:00:00;0,06;16,99;108,449;155,9881;0
2026-01-23 06:15:00;0,06;12,5;131,559;179,0981;4,25E-06
2026-01-23 06:30:00;0,06;12,31;127,069;174,6081;0,001186698
2026-01-23 06:45:00;0,06;10,11;134,099;181,6381;0,007727819
2026-01-23 07:00:00;0,06;10,01;139,789;187,3281;0,021242322
2026-01-23 07:15:00;0,18;10,28;144,249;191,7881;0,039120067
2026-01-23 07:30:00;0,96;11,54;136,859;184,3981;0,058596794
2026-01-23 07:45:00;2,11;9,1;125,719;173,2581;0,077769786
2026-01-23 08:00:00;4,2;5,63;151,469;199,0081;0,12042759
2026-01-23 08:15:00;5,5;11,69;134,449;181,9881;0,13676646
2026-01-23 08:30:00;7,77;10,52;132,569;180,1081;0,15015236
2026-01-23 08:45:00;10,3;6,37;110,209;157,7481;0,16285698
2026-01-23 09:00:00;14,06;9,08;126,209;173,7481;0,1832591
2026-01-23 09:15:00;14,03;8,13;110,049;157,5881;0,1892386
2026-01-23 09:30:00;12,16;9,61;104,309;151,8481;0,19249937
2026-01-23 09:45:00;10,57;11,49;95,529;143,0681;0,19183946
2026-01-23 10:00:00;10,45;11,74;98,899;146,4381;0,21314816
2026-01-23 10:15:00;17,88;2,16;96,469;144,0081;0,20263593
2026-01-23 10:30:00;34,75;-15,45;94,939;142,4781;0,19099694
2026-01-23 10:45:00;19,09;-2,4;93,399;140,9381;0,17871718
2026-01-23 11:00:00;19,95;-1,92;95,339;142,8781;0,17973512
2026-01-23 11:15:00;16,33;1,38;93,209;140,7481;0,16340834
2026-01-23 11:30:00;22,24;-4,66;92,539;140,0781;0,14945537
2026-01-23 11:45:00;28,74;-11,08;91,899;139,4381;0,1368761
2026-01-23 12:00:00;18,32;-1,2;90,369;137,9081;0,14224678
2026-01-23 12:15:00;13,05;3,07;90,089;137,6281;0,12799323
2026-01-23 12:30:00;12,78;3,82;88,539;136,0781;0,11384669
2026-01-23 12:45:00;10,36;14,74;88,669;136,2081;0,09919522
2026-01-23 13:00:00;7,8;13,84;88,339;135,8781;0,08565691
2026-01-23 13:15:00;12,97;4,85;88,729;136,2681;0,07298032
2026-01-23 13:30:00;22,13;-2,55;88,799;136,3381;0,059947554
2026-01-23 13:45:00;15,19;3,71;90,779;138,3181;0,046271365
2026-01-23 14:00:00;19,31;-1,33;88,619;136,1581;0,030534187
2026-01-23 14:15:00;13,08;5,6;92,709;140,2481;0,020683741
2026-01-23 14:30:00;3,9;13,82;101,569;149,1081;0,012135603
2026-01-23 14:45:00;3,67;13,71;111,449;158,9881;0,005349238
2026-01-23 15:00:00;2,48;15,3;97,979;145,5181;0,001217811
2026-01-23 15:15:00;1,4;15,84;110,129;157,6681;7,74E-06
2026-01-23 15:30:00;0,57;18,19;115,249;162,7881;0
2026-01-23 15:45:00;0,4;15,32;119,799;167,3381;0
2026-01-23 16:00:00;0,12;18,41;118,739;166,2781;0
2026-01-23 16:15:00;0,06;23,27;125,179;172,7181;0
2026-01-23 16:30:00;0,06;22,54;126,039;173,5781;0
2026-01-23 16:45:00;0,06;22,16;125,149;172,6881;0
2026-01-23 17:00:00;0,06;22,52;118,339;165,8781;0
2026-01-23 17:15:00;0,06;25,05;116,799;164,3381;0
2026-01-23 17:30:00;0,06;24,74;116,909;164,4481;0
2026-01-23 17:45:00;0,06;26,21;121,879;169,4181;0
2026-01-23 18:00:00;0,06;20,56;117,259;164,7981;0
2026-01-23 18:15:00;0,06;16,84;108,539;156,0781;0
2026-01-23 18:30:00;0,06;18,04;104,929;152,4681;0
2026-01-23 18:45:00;0,06;16,88;101,749;149,2881;0
2026-01-23 19:00:00;0,06;17,17;105,319;152,8581;0
2026-01-23 19:15:00;0,06;18,05;99,999;147,5381;0
2026-01-23 19:30:00;0,06;16,36;96,439;143,9781;0
2026-01-23 19:45:00;0,06;15,88;93,839;141,3781;0
2026-01-23 20:00:00;0,06;15,33;99,599;147,1381;0
2026-01-23 20:15:00;0,06;13,92;97,259;144,7981;0
2026-01-23 20:30:00;0,06;14,12;93,889;141,4281;0
2026-01-23 20:45:00;0,06;14,01;89,819;137,3581;0
2026-01-23 21:00:00;0,06;12,23;96,739;144,2781;0
2026-01-23 21:15:00;0,06;12,39;93,179;140,7181;0
2026-01-23 21:30:00;0,06;13,76;97,769;145,3081;0
2026-01-23 21:45:00;0,06;12,71;95,209;142,7481;0
2026-01-23 22:00:00;0,06;11,67;90,089;137,6281;0
2026-01-23 22:15:00;0,06;11,55;87,199;134,7381;0
2026-01-23 22:30:00;0,06;9,59;88,259;135,7981;0
2026-01-23 22:45:00;0,06;17,23;85,609;133,1481;0
2026-01-23 23:00:00;0,06;17,51;95,419;142,9581;0
2026-01-23 23:15:00;0,06;17,59;92,579;140,1181;0
2026-01-23 23:30:00;0,06;17,26;89,619;137,1581;0
2026-01-23 23:45:00;0,06;16,39;85,169;132,7081;0
2026-01-24 00:00:00;0,05;16,72;93,919;141,4581;0
2026-01-24 00:15:00;0,05;16,76;89,489;137,0281;0
2026-01-24 00:30:00;0,05;18,22;88,189;135,7281;0
2026-01-24 00:45:00;0,05;16,38;87,179;134,7181;0
2026-01-24 01:00:00;0,05;17,04;88,389;135,9281;0
2026-01-24 01:15:00;0,06;18,57;87,909;135,4481;0
2026-01-24 01:30:00;0,05;19,45;87,099;134,6381;0
2026-01-24 01:45:00;0,06;17,15;85,969;133,5081;0
2026-01-24 02:00:00;0,06;17,25;88,109;135,6481;0
2026-01-24 02:15:00;0,06;17,22;88,949;136,4881;0
2026-01-24 02:30:00;0,06;17,93;87,789;135,3281;0
2026-01-24 02:45:00;0,06;12,78;87,629;135,1681;0
2026-01-24 03:00:00;0,06;10,57;88,479;136,0181;0
2026-01-24 03:15:00;0,05;11,61;87,229;134,7681;0
2026-01-24 03:30:00;0,06;11,07;86,819;134,3581;0
2026-01-24 03:45:00;0,06;12,53;87,789;135,3281;0
2026-01-24 04:00:00;0,06;18,11;87,439;134,9781;0
2026-01-24 04:15:00;0,06;21,89;88,149;135,6881;0
2026-01-24 04:30:00;0,06;21,43;88,959;136,4981;0
2026-01-24 04:45:00;0,06;20,44;90,379;137,9181;0
2026-01-24 05:00:00;0,06;20,45;85,009;132,5481;0
2026-01-24 05:15:00;0,05;21,44;89,649;137,1881;0
2026-01-24 05:30:00;0,06;20,65;90,339;137,8781;0
2026-01-24 05:45:00;0,06;18,59;91,689;139,2281;0
2026-01-24 06:00:00;0,06;19,23;92,999;140,5381;0
2026-01-24 06:15:00;0,06;12,46;93,079;140,6181;5,87E-06
2026-01-24 06:30:00;0,06;12,6;95,009;142,5481;0,001069558
2026-01-24 06:45:00;0,06;12,6;96,489;144,0281;0,005475388
2026-01-24 07:00:00;0,06;11,46;100,709;148,2481;0,013713505
2026-01-24 07:15:00;0,06;14,46;101,259;148,7981;0,024772665
2026-01-24 07:30:00;0,44;14,57;103,599;151,1381;0,03770725
2026-01-24 07:45:00;2,65;9,7;104,359;151,8981;0,051037285
2026-01-24 08:00:00;6,22;5,73;116,059;163,5981;0,070260525
2026-01-24 08:15:00;11,85;-1,03;117,049;164,5881;0,08218752
2026-01-24 08:30:00;19,25;-2,91;111,919;159,4581;0,09271751
2026-01-24 08:45:00;27,53;-9,12;107,769;155,3081;0,10013302
2026-01-24 09:00:00;34,94;-3,54;126,339;173,8781;0,10091687
2026-01-24 09:15:00;42,03;-18,48;111,599;159,1381;0,10751877
2026-01-24 09:30:00;48,34;-26,31;107,149;154,6881;0,11248751
2026-01-24 09:45:00;52,9;-30,68;97,439;144,9781;0,11531026
2026-01-24 10:00:00;56,66;-35,34;106,249;153,7881;0,11442541
2026-01-24 10:15:00;60,3;-39,81;101,209;148,7481;0,11321883
2026-01-24 10:30:00;62,48;-41,92;101,219;148,7581;0,10996051
2026-01-24 10:45:00;64,39;-43,62;97,969;145,5081;0,10542224
2026-01-24 11:00:00;65,87;-46,83;99,909;147,4481;0,09838638
2026-01-24 11:15:00;66,39;-47,67;98,219;145,7581;0,093277276
2026-01-24 11:30:00;65,89;-46,8;97,959;145,4981;0,08823552
2026-01-24 11:45:00;64,16;-45,62;95,179;142,7181;0,08121028
2026-01-24 12:00:00;44,58;-25,85;94,639;142,1781;0,08576971
2026-01-24 12:15:00;45,33;-25,89;92,119;139,6581;0,07692737
2026-01-24 12:30:00;60,91;-42,08;91,769;139,3081;0,06877069
2026-01-24 12:45:00;51,85;-33,19;90,419;137,9581;0,061067607
2026-01-24 13:00:00;52,15;-34,23;91,309;138,8481;0,058848925
2026-01-24 13:15:00;46,18;-29,53;91,909;139,4481;0,049931433
2026-01-24 13:30:00;42,11;-25,11;93,149;140,6881;0,040635485
2026-01-24 13:45:00;38,14;-17,93;97,219;144,7581;0,03103794
2026-01-24 14:00:00;32,12;-13,13;93,939;141,4781;0,023103891
2026-01-24 14:15:00;29,4;-8,23;100,749;148,2881;0,014911084
2026-01-24 14:30:00;26,31;-9,44;110,789;158,3281;0,008664512
2026-01-24 14:45:00;20,33;-3,93;116,889;164,4281;0,004108645
2026-01-24 15:00:00;17,23;-0,45;102,239;149,7781;0,001071089
2026-01-24 15:15:00;12,46;4,33;112,229;159,7681;2,01E-05
2026-01-24 15:30:00;7,95;12,92;123,269;170,8081;0
2026-01-24 15:45:00;3,7;16,56;124,219;171,7581;0
2026-01-24 16:00:00;1,22;17,5;120,749;168,2881;0
2026-01-24 16:15:00;0,24;18,99;128,509;176,0481;0
2026-01-24 16:30:00;0,06;20,78;132,199;179,7381;0
2026-01-24 16:45:00;0,06;21,02;133,169;180,7081;0
2026-01-24 17:00:00;0,06;21,13;129,569;177,1081;0
2026-01-24 17:15:00;0,06;19,54;132,449;179,9881;0
2026-01-24 17:30:00;0,06;19,04;129,239;176,7781;0
2026-01-24 17:45:00;0,06;12,89;124,899;172,4381;0
2026-01-24 18:00:00;0,06;13,65;129,909;177,4481;0
2026-01-24 18:15:00;0,06;14,08;125,719;173,2581;0
2026-01-24 18:30:00;0,06;13,45;120,929;168,4681;0
2026-01-24 18:45:00;0,06;13,8;114,099;161,6381;0
2026-01-24 19:00:00;0,06;12,44;120,459;167,9981;0
2026-01-24 19:15:00;0,06;11,99;112,979;160,5181;0
2026-01-24 19:30:00;0,06;12,41;103,789;151,3281;0
2026-01-24 19:45:00;0,06;11,88;99,349;146,8881;0
2026-01-24 20:00:00;0,06;11,98;103,069;150,6081;0
2026-01-24 20:15:00;0,06;11,81;102,209;149,7481;0
2026-01-24 20:30:00;0,05;12,12;100,299;147,8381;0
2026-01-24 20:45:00;0,05;11,74;98,049;145,5881;0
2026-01-24 21:00:00;0,05;11,24;101,239;148,7781;0
2026-01-24 21:15:00;0,06;10,74;98,669;146,2081;0
2026-01-24 21:30:00;0,06;10,35;103,099;150,6381;0
2026-01-24 21:45:00;0,05;10,47;99,949;147,4881;0
2026-01-24 22:00:00;0,05;10,43;97,299;144,8381;0
2026-01-24 22:15:00;0,05;10,92;94,659;142,1981;0
2026-01-24 22:30:00;0,05;9,69;94,539;142,0781;0
2026-01-24 22:45:00;0,05;16,4;91,689;139,2281;0
2026-01-24 23:00:00;0,05;17,05;92,249;139,7881;0
2026-01-24 23:15:00;0,04;16,7;93,079;140,6181;0
2026-01-24 23:30:00;0,05;16,52;90,489;138,0281;0
2026-01-24 23:45:00;0,05;15,27;86,219;133,7581;0
2026-01-25 00:00:00;0,05;13,32;92,959;140,4981;0
2026-01-25 00:15:00;0,05;18,1;91,039;138,5781;0
2026-01-25 00:30:00;0,04;21,12;92,679;140,2181;0
2026-01-25 00:45:00;0,05;20,36;89,569;137,1081;0
2026-01-25 01:00:00;0,05;22,49;91,799;139,3381;0
2026-01-25 01:15:00;0,05;23,77;89,149;136,6881;0
2026-01-25 01:30:00;0,05;21,85;88,919;136,4581;0
2026-01-25 01:45:00;0,05;21,9;85,999;133,5381;0
2026-01-25 02:00:00;0,05;23,01;89,959;137,4981;0
2026-01-25 02:15:00;0,05;21,59;86,599;134,1381;0
2026-01-25 02:30:00;0,05;19,72;86,189;133,7281;0
2026-01-25 02:45:00;0,05;16,7;82,599;130,1381;0
2026-01-25 03:00:00;0,06;13,96;88,829;136,3681;0
2026-01-25 03:15:00;0,06;15,52;89,019;136,5581;0
2026-01-25 03:30:00;0,06;14,06;84,109;131,6481;0
2026-01-25 03:45:00;0,06;14,45;82,549;130,0881;0
2026-01-25 04:00:00;0,05;14,58;83,769;131,3081;0
2026-01-25 04:15:00;0,06;16,87;81,899;129,4381;0
2026-01-25 04:30:00;0,06;15,82;84,619;132,1581;0
2026-01-25 04:45:00;0,06;14,79;82,949;130,4881;0
2026-01-25 05:00:00;0,06;20,41;84,459;131,9981;0
2026-01-25 05:15:00;0,05;26,79;85,009;132,5481;0
2026-01-25 05:30:00;0,05;26,28;85,779;133,3181;0
2026-01-25 05:45:00;0,05;24,23;86,369;133,9081;0
2026-01-25 06:00:00;0,05;22,63;87,039;134,5781;0
2026-01-25 06:15:00;0,05;21,37;89,639;137,1781;1,25E-05
2026-01-25 06:30:00;0,05;18,44;92,469;140,0081;0,002595265
2026-01-25 06:45:00;0,05;16,3;93,599;141,1381;0,019097425
2026-01-25 07:00:00;0,05;16,97;92,339;139,8781;0,049138233
2026-01-25 07:15:00;0,05;16,98;93,939;141,4781;0,085305914
2026-01-25 07:30:00;0,2;17,13;95,529;143,0681;0,12251554
2026-01-25 07:45:00;1,69;16,45;95,589;143,1281;0,15793465
2026-01-25 08:00:00;5,35;11,26;98,969;146,5081;0,18951808
2026-01-25 08:15:00;10,25;3,96;98,569;146,1081;0,22336534
2026-01-25 08:30:00;16,19;-2,43;97,129;144,6681;0,25725612
2026-01-25 08:45:00;23,86;-9,65;92,989;140,5281;0,28529873
2026-01-25 09:00:00;31,28;-8,65;103,519;151,0581;0,30585036
2026-01-25 09:15:00;37,45;-16,18;104,079;151,6181;0,32891533
2026-01-25 09:30:00;41,48;-21,52;100,369;147,9081;0,3484616
2026-01-25 09:45:00;36,81;-17,29;99,649;147,1881;0,36529833
2026-01-25 10:00:00;39,41;-19,81;106,189;153,7281;0,3406917
2026-01-25 10:15:00;33,91;-12,04;104,159;151,6981;0,3476776
2026-01-25 10:30:00;31,89;-10,87;105,059;152,5981;0,35334125
2026-01-25 10:45:00;38,99;-20,52;102,879;150,4181;0,3569296
2026-01-25 11:00:00;39,62;-20,56;114,019;161,5581;0,38375354
2026-01-25 11:15:00;45,46;-25,7;110,609;158,1481;0,3782868
2026-01-25 11:30:00;55,37;-37,47;111,449;158,9881;0,37295306
2026-01-25 11:45:00;39,2;-23,48;107,769;155,3081;0,3618003
2026-01-25 12:00:00;49,63;-33,64;110,619;158,1581;0,3392131
2026-01-25 12:15:00;24,36;-7,36;107,549;155,0881;0,3178009
2026-01-25 12:30:00;33,63;-15,67;99,439;146,9781;0,29211402
2026-01-25 12:45:00;41,77;-25,04;99,519;147,0581;0,26360434
2026-01-25 13:00:00;47,22;-31,19;100,599;148,1381;0,22062394
2026-01-25 13:15:00;42,94;-26,29;100,549;148,0881;0,19180366
2026-01-25 13:30:00;44;-27,73;101,309;148,8481;0,16137454
2026-01-25 13:45:00;29,46;-13,31;103,999;151,5381;0,13212244
2026-01-25 14:00:00;27,17;-11,05;98,069;145,6081;0,10038965
2026-01-25 14:15:00;30,62;-14,39;99,729;147,2681;0,074300736
2026-01-25 14:30:00;21,5;-3,9;103,099;150,6381;0,04760955
2026-01-25 14:45:00;20,21;-4,42;107,589;155,1281;0,022048105
2026-01-25 15:00:00;14,27;1,42;98,419;145,9581;0,004861552
2026-01-25 15:15:00;7,66;7,26;101,879;149,4181;0,000195856
2026-01-25 15:30:00;3,34;12,67;109,579;157,1181;0
2026-01-25 15:45:00;2,08;10,67;116,429;163,9681;0
2026-01-25 16:00:00;0,8;17,4;112,849;160,3881;0
2026-01-25 16:15:00;0,19;19,08;118,119;165,6581;0
2026-01-25 16:30:00;0,06;20,22;118,359;165,8981;0
2026-01-25 16:45:00;0,05;20,53;117,489;165,0281;0
2026-01-25 17:00:00;0,05;22,16;125,209;172,7481;0
2026-01-25 17:15:00;0,05;23,82;128,329;175,8681;0
2026-01-25 17:30:00;0,05;25,49;128,719;176,2581;0
2026-01-25 17:45:00;0,06;24,1;124,119;171,6581;0
2026-01-25 18:00:00;0,06;16,32;127,489;175,0281;0
2026-01-25 18:15:00;0,06;15,68;123,879;171,4181;0
2026-01-25 18:30:00;0,05;15,65;121,519;169,0581;0
2026-01-25 18:45:00;0,04;14,84;120,409;167,9481;0
2026-01-25 19:00:00;0,05;15,52;122,619;170,1581;0
2026-01-25 19:15:00;0,04;14,82;119,939;167,4781;0
2026-01-25 19:30:00;0,05;14,66;111,639;159,1781;0
2026-01-25 19:45:00;0,05;14,45;104,019;151,5581;0
2026-01-25 20:00:00;0,05;13,76;111,119;158,6581;0
2026-01-25 20:15:00;0,06;14,62;107,279;154,8181;0
2026-01-25 20:30:00;0,05;14,7;102,599;150,1381;0
2026-01-25 20:45:00;0,06;14,67;98,089;145,6281;0
2026-01-25 21:00:00;0,06;14,06;109,799;157,3381;0
2026-01-25 21:15:00;0,05;16,05;103,539;151,0781;0
2026-01-25 21:30:00;0,06;15,1;100,219;147,7581;0
2026-01-25 21:45:00;0,06;13,77;97,209;144,7481;0
2026-01-25 22:00:00;0,05;13,35;99,049;146,5881;0
2026-01-25 22:15:00;0,05;12,43;95,509;143,0481;0
2026-01-25 22:30:00;0,05;10,54;93,489;141,0281;0
2026-01-25 22:45:00;0,05;17,88;92,909;140,4481;0
2026-01-25 23:00:00;0,04;18,91;100,509;148,0481;0
2026-01-25 23:15:00;0,05;17,66;96,169;143,7081;0
2026-01-25 23:30:00;0,05;17,21;91,859;139,3981;0
2026-01-25 23:45:00;0,05;16,38;90,159;137,6981;0
2026-01-26 00:00:00;0,05;17,09;95,549;143,0881;0
2026-01-26 00:15:00;0,05;17,16;92,789;140,3281;0
2026-01-26 00:30:00;0,05;17,45;92,579;140,1181;0
2026-01-26 00:45:00;0,05;18,37;91,219;138,7581;0
2026-01-26 01:00:00;0,05;21,66;92,089;139,6281;0
2026-01-26 01:15:00;0,05;20,84;91,209;138,7481;0
2026-01-26 01:30:00;0,05;17,86;87,669;135,2081;0
2026-01-26 01:45:00;0,05;19,1;88,539;136,0781;0
2026-01-26 02:00:00;0,05;20,15;86,189;133,7281;0
2026-01-26 02:15:00;0,05;19,77;87,129;134,6681;0
2026-01-26 02:30:00;0,05;18,44;87,459;134,9981;0
2026-01-26 02:45:00;0,05;15,67;86,789;134,3281;0
2026-01-26 03:00:00;0,05;13,85;85,459;132,9981;0
2026-01-26 03:15:00;0,05;13,64;85,199;132,7381;0
2026-01-26 03:30:00;0,05;13,88;86,319;133,8581;0
2026-01-26 03:45:00;0,05;13,11;85,669;133,2081;0
2026-01-26 04:00:00;0,04;15,54;84,389;131,9281;0
2026-01-26 04:15:00;0,05;23,43;84,949;132,4881;0
2026-01-26 04:30:00;0,05;23,04;90,529;138,0681;0
2026-01-26 04:45:00;0,05;22,07;92,679;140,2181;0
2026-01-26 05:00:00;0,05;21,89;94,299;141,8381;0
2026-01-26 05:15:00;0,05;24,38;100,839;148,3781;0
2026-01-26 05:30:00;0,05;21,78;104,449;151,9881;0
2026-01-26 05:45:00;0,05;22,31;120,859;168,3981;0
2026-01-26 06:00:00;0,05;19,27;123,149;170,6881;0
2026-01-26 06:15:00;0,05;12,55;139,299;186,8381;4,37E-05
2026-01-26 06:30:00;0,05;14,1;151,949;199,4881;0,002675341
2026-01-26 06:45:00;0,05;13,75;172,889;220,4281;0,013908257
2026-01-26 07:00:00;0,05;14,04;154,109;201,6481;0,032357417
2026-01-26 07:15:00;0,05;13,03;167,189;214,7281;0,05434661
2026-01-26 07:30:00;0,05;13,68;174,099;221,6381;0,077459425
2026-01-26 07:45:00;0,06;14,32;163,409;210,9481;0,10006068
2026-01-26 08:00:00;0,35;13,16;182,249;229,7881;0,10690655
2026-01-26 08:15:00;0,81;15,01;174,929;222,4681;0,12941115
2026-01-26 08:30:00;1,08;19,64;157,139;204,6781;0,15048386
2026-01-26 08:45:00;1,52;21,31;144,819;192,3581;0,16664617
2026-01-26 09:00:00;2,02;26,34;177,569;225,1081;0,15258126
2026-01-26 09:15:00;2,56;24,16;164,969;212,5081;0,16770902
2026-01-26 09:30:00;2,83;21,12;157,689;205,2281;0,18070771
2026-01-26 09:45:00;3,56;19,11;142,769;190,3081;0,1912371
2026-01-26 10:00:00;3,64;20,42;162,539;210,0781;0,17563032
2026-01-26 10:15:00;4,55;20,14;152,879;200,4181;0,18126449
2026-01-26 10:30:00;4,65;22,22;155,579;203,1181;0,18562952
2026-01-26 10:45:00;4,65;20,96;144,889;192,4281;0,18853693
2026-01-26 11:00:00;5,35;20,32;153,729;201,2681;0,18126781
2026-01-26 11:15:00;8,52;16,31;142,799;190,3381;0,17999177
2026-01-26 11:30:00;7,02;15,74;137,389;184,9281;0,17808625
2026-01-26 11:45:00;6,72;14,77;129,999;177,5381;0,17291163
2026-01-26 12:00:00;7,75;14,06;143,149;190,6881;0,1699651
2026-01-26 12:15:00;7,12;15,57;136,659;184,1981;0,15877308
2026-01-26 12:30:00;6,67;15,42;131,039;178,5781;0,14630815
2026-01-26 12:45:00;8,37;14,25;124,849;172,3881;0,1330106
2026-01-26 13:00:00;6,23;14,52;126,569;174,1081;0,12430604
2026-01-26 13:15:00;7,32;12,4;132,449;179,9881;0,10732793
2026-01-26 13:30:00;5,47;14,04;131,299;178,8381;0,08895
2026-01-26 13:45:00;3,78;14,97;135,609;183,1481;0,070972964
2026-01-26 14:00:00;4,37;15,18;133,449;180,9881;0,056368757
2026-01-26 14:15:00;3,57;16,89;136,219;183,7581;0,039833445
2026-01-26 14:30:00;2,74;14,59;143,629;191,1681;0,024449894
2026-01-26 14:45:00;2,23;17,11;157,229;204,7681;0,011509527
2026-01-26 15:00:00;2,05;17,97;126,579;174,1181;0,003220747
2026-01-26 15:15:00;1,14;19,9;136,809;184,3481;0,000167464
2026-01-26 15:30:00;0,5;20,94;152,369;199,9081;0
2026-01-26 15:45:00;0,3;15,55;177,089;224,6281;0
2026-01-26 16:00:00;0,06;21,41;137,869;185,4081;0
2026-01-26 16:15:00;0,06;22,92;149,879;197,4181;0
2026-01-26 16:30:00;0,05;20,63;168,139;215,6781;0
2026-01-26 16:45:00;0,04;21,1;181,629;229,1681;0
2026-01-26 17:00:00;0,06;22,77;165,959;213,4981;0
2026-01-26 17:15:00;0,06;25,29;162,889;210,4281;0
2026-01-26 17:30:00;0,04;24,29;168,259;215,7981;0
2026-01-26 17:45:00;0,06;28,48;159,209;206,7481;0
2026-01-26 18:00:00;0,05;20,08;167,249;214,7881;0
2026-01-26 18:15:00;0,06;20,83;152,729;200,2681;0
2026-01-26 18:30:00;0,06;19,44;134,019;181,5581;0
2026-01-26 18:45:00;0,06;19,38;113,039;160,5781;0
2026-01-26 19:00:00;0,05;18,33;149,339;196,8781;0
2026-01-26 19:15:00;0,05;18,18;134,569;182,1081;0
2026-01-26 19:30:00;0,06;17,36;136,089;183,6281;0
2026-01-26 19:45:00;0,06;15,86;126,419;173,9581;0
2026-01-26 20:00:00;0,06;15,72;133,839;181,3781;0
2026-01-26 20:15:00;0,05;17,53;124,469;172,0081;0
2026-01-26 20:30:00;0,06;17,63;124,499;172,0381;0
2026-01-26 20:45:00;0,06;15,77;102,729;150,2681;0
2026-01-26 21:00:00;0,06;14,59;124,029;171,5681;0
2026-01-26 21:15:00;0,06;15,46;109,169;156,7081;0
2026-01-26 21:30:00;0,06;16,64;104,639;152,1781;0
2026-01-26 21:45:00;0,06;16,28;99,859;147,3981;0
2026-01-26 22:00:00;0,06;13,99;108,239;155,7781;0
2026-01-26 22:15:00;0,05;14,94;103,509;151,0481;0
2026-01-26 22:30:00;0,06;13,19;98,469;146,0081;0
2026-01-26 22:45:00;0,06;21,6;90,319;137,8581;0
2026-01-26 23:00:00;0,06;21,07;113,569;161,1081;0
2026-01-26 23:15:00;0,05;18,44;105,419;152,9581;0
2026-01-26 23:30:00;0,05;18,21;100,109;147,6481;0
2026-01-26 23:45:00;0,05;18,72;90,689;138,2281;0
2026-01-27 00:00:00;0,05;18,89;105,719;153,2581;0
2026-01-27 00:15:00;0,06;18,66;98,149;145,6881;0
2026-01-27 00:30:00;0,05;18,54;97,199;144,7381;0
2026-01-27 00:45:00;0,04;19,21;84,299;131,8381;0
2026-01-27 01:00:00;0,05;22,74;98,059;145,5981;0
2026-01-27 01:15:00;0,05;22,35;90,489;138,0281;0
2026-01-27 01:30:00;0,05;19,52;83,279;130,8181;0
2026-01-27 01:45:00;0,04;19,3;83,479;131,0181;0
2026-01-27 02:00:00;0,05;19,13;81,819;129,3581;0
2026-01-27 02:15:00;0,04;19,29;79,739;127,2781;0
2026-01-27 02:30:00;0,04;19,21;78,379;125,9181;0
2026-01-27 02:45:00;0,04;16,93;77,029;124,5681;0
2026-01-27 03:00:00;0,04;14,64;76,939;124,4781;0
2026-01-27 03:15:00;0,04;14,14;76,169;123,7081;0
2026-01-27 03:30:00;0,04;14,34;76,359;123,8981;0
2026-01-27 03:45:00;0,04;14,1;76,609;124,1481;0
2026-01-27 04:00:00;0,05;19,51;78,389;125,9281;0
2026-01-27 04:15:00;0,05;21,83;78,249;125,7881;0
2026-01-27 04:30:00;0,05;17,65;82,409;129,9481;0
2026-01-27 04:45:00;0,05;22,97;85,779;133,3181;0
2026-01-27 05:00:00;0,05;23,68;59,039;106,5781;0
2026-01-27 05:15:00;0,05;23,29;71,529;119,0681;0
2026-01-27 05:30:00;0,05;20,94;100,749;148,2881;0
2026-01-27 05:45:00;0,05;17,88;113,879;161,4181;0
2026-01-27 06:00:00;0,05;20,79;99,599;147,1381;0
2026-01-27 06:15:00;0,06;13,28;105,449;152,9881;3,49E-05
2026-01-27 06:30:00;0,06;13,39;107,209;154,7481;0,001182278
2026-01-27 06:45:00;0,06;10,8;131,359;178,8981;0,004456749
2026-01-27 07:00:00;0,05;11,2;117,469;165,0081;0,00894682
2026-01-27 07:15:00;0,05;11,24;114,649;162,1881;0,014378769
2026-01-27 07:30:00;0,05;11,03;112,179;159,7181;0,020591423
2026-01-27 07:45:00;0,12;11,33;107,479;155,0181;0,027140621
2026-01-27 08:00:00;0,83;17,47;140,749;188,2881;0,029970504
2026-01-27 08:15:00;1,21;18,86;130,479;178,0181;0,037510883
2026-01-27 08:30:00;1,17;16,64;123,539;171,0781;0,04466491
2026-01-27 08:45:00;2,55;14,65;111,209;158,7481;0,051194806
2026-01-27 09:00:00;4,55;20,52;139,969;187,5081;0,047355976
2026-01-27 09:15:00;5,72;18,13;129,289;176,8281;0,053530715
2026-01-27 09:30:00;10,03;11,82;119,829;167,3681;0,05888981
2026-01-27 09:45:00;6,85;14,46;118,689;166,2281;0,06334393
2026-01-27 10:00:00;6,89;14,08;124,609;172,1481;0,063168816
2026-01-27 10:15:00;4,58;16,46;118,899;166,4381;0,0661801
2026-01-27 10:30:00;5,62;15,24;118,709;166,2481;0,068469934
2026-01-27 10:45:00;9,44;11,72;113,459;160,9981;0,07009144
2026-01-27 11:00:00;13,04;9,88;122,329;169,8681;0,061526053
2026-01-27 11:15:00;15,49;7,74;118,289;165,8281;0,06296488
2026-01-27 11:30:00;14,76;6,7;112,509;160,0481;0,063885756
2026-01-27 11:45:00;12,15;9,45;106,549;154,0881;0,06320443
2026-01-27 12:00:00;11,15;11,46;107,199;154,7381;0,055238847
2026-01-27 12:15:00;18,75;4,64;105,869;153,4081;0,053510904
2026-01-27 12:30:00;10,61;12,64;102,869;150,4081;0,050698787
2026-01-27 12:45:00;9,51;13,69;103,439;150,9781;0,046470113
2026-01-27 13:00:00;9,05;14,31;107,259;154,7981;0,038101938
2026-01-27 13:15:00;5,83;15,81;113,209;160,7481;0,034491092
2026-01-27 13:30:00;3,61;16,03;115,159;162,6981;0,02997892
2026-01-27 13:45:00;2,92;15,49;121,639;169,1781;0,024739342
2026-01-27 14:00:00;2,25;16,45;116,469;164,0081;0,016291343
2026-01-27 14:15:00;1,7;16,61;114,319;161,8581;0,011859842
2026-01-27 14:30:00;1,57;16,96;114,199;161,7381;0,007896814
2026-01-27 14:45:00;0,92;17,59;114,229;161,7681;0,004496107
2026-01-27 15:00:00;0,76;18,19;121,249;168,7881;0,001734314
2026-01-27 15:15:00;0,78;18,26;113,829;161,3681;0,000212178
2026-01-27 15:30:00;0,71;20,46;108,929;156,4681;0
2026-01-27 15:45:00;0,18;15,05;121,089;168,6281;0
2026-01-27 16:00:00;0,05;13,97;116,149;163,6881;0
2026-01-27 16:15:00;0,05;20,08;126,339;173,8781;0
2026-01-27 16:30:00;0,07;19,85;131,689;179,2281;0
2026-01-27 16:45:00;0,05;20,95;135,199;182,7381;0
2026-01-27 17:00:00;0,05;20,61;123,919;171,4581;0
2026-01-27 17:15:00;0,05;21,24;126,519;174,0581;0
2026-01-27 17:30:00;0,06;22,38;135,939;183,4781;0
2026-01-27 17:45:00;0,05;25,24;143,799;191,3381;0
2026-01-27 18:00:00;0,06;19,12;140,559;188,0981;0
2026-01-27 18:15:00;0,05;15,33;130,939;178,4781;0
2026-01-27 18:30:00;0,06;15,8;127,089;174,6281;0
2026-01-27 18:45:00;0,05;20,51;124,369;171,9081;0
2026-01-27 19:00:00;0,05;25,06;127,189;174,7281;0
2026-01-27 19:15:00;0,05;30,21;115,599;163,1381;0
2026-01-27 19:30:00;0,05;25,99;107,799;155,3381;0
2026-01-27 19:45:00;0,05;24,28;104,919;152,4581;0
2026-01-27 20:00:00;0,05;22,85;108,859;156,3981;0
2026-01-27 20:15:00;0,06;24,9;109,159;156,6981;0
2026-01-27 20:30:00;0,06;25,58;112,159;159,6981;0
2026-01-27 20:45:00;0,06;25,37;105,239;152,7781;0
2026-01-27 21:00:00;0,05;24,11;110,959;158,4981;0
2026-01-27 21:15:00;0,06;20,03;107,169;154,7081;0
2026-01-27 21:30:00;0,05;14,79;113,109;160,6481;0
2026-01-27 21:45:00;0,06;15,42;108,469;156,0081;0
2026-01-27 22:00:00;0,05;14,95;108,719;156,2581;0
2026-01-27 22:15:00;0,05;14,57;101,329;148,8681;0
2026-01-27 22:30:00;0,05;13,12;100,689;148,2281;0
2026-01-27 22:45:00;0,05;22,35;95,769;143,3081;0
2026-01-27 23:00:00;0,04;24,94;101,949;149,4881;0
2026-01-27 23:15:00;0,05;21,72;100,029;147,5681;0
2026-01-27 23:30:00;0,05;21,18;91,349;138,8881;0
2026-01-27 23:45:00;0,05;23,66;88,919;136,4581;0
2026-01-28 00:00:00;0,05;26,73;100,159;147,6981;0
2026-01-28 00:15:00;0,06;27,37;95,759;143,2981;0
2026-01-28 00:30:00;0,05;26,22;93,499;141,0381;0
2026-01-28 00:45:00;0,05;26,62;90,719;138,2581;0
2026-01-28 01:00:00;0,04;25,38;97,559;145,0981;0
2026-01-28 01:15:00;0,05;25,65;96,359;143,8981;0
2026-01-28 01:30:00;0,05;26,23;93,289;140,8281;0
2026-01-28 01:45:00;0,05;24,56;91,629;139,1681;0
2026-01-28 02:00:00;0,05;25,57;92,579;140,1181;0
2026-01-28 02:15:00;0,05;23,13;90,789;138,3281;0
2026-01-28 02:30:00;0,05;23,53;90,679;138,2181;0
2026-01-28 02:45:00;0,05;20,32;89,229;136,7681;0
2026-01-28 03:00:00;0,05;14,77;91,649;139,1881;0
2026-01-28 03:15:00;0,05;16,12;91,919;139,4581;0
2026-01-28 03:30:00;0,05;15,48;93,129;140,6681;0
2026-01-28 03:45:00;0,05;15,17;94,929;142,4681;0
2026-01-28 04:00:00;0,06;13,99;95,299;142,8381;0
2026-01-28 04:15:00;0,06;16,34;96,929;144,4681;0
2026-01-28 04:30:00;0,05;15,87;97,519;145,0581;0
2026-01-28 04:45:00;0,05;15,45;96,359;143,8981;0
2026-01-28 05:00:00;0,05;22,8;97,089;144,6281;0
2026-01-28 05:15:00;0,06;22,32;101,599;149,1381;0
2026-01-28 05:30:00;0,06;20,83;112,099;159,6381;0
2026-01-28 05:45:00;0,06;19,35;119,909;167,4481;0
2026-01-28 06:00:00;0,06;17,79;127,219;174,7581;0
2026-01-28 06:15:00;0,06;17,3;133,039;180,5781;3,95E-05
2026-01-28 06:30:00;0,05;12,13;135,149;182,6881;0,000648604
2026-01-28 06:45:00;0,05;11,89;146,699;194,2381;0,002113275
2026-01-28 07:00:00;0,06;10,66;148,959;196,4981;0,004050925
2026-01-28 07:15:00;0,06;9,94;158,959;206,4981;0,006308202
2026-01-28 07:30:00;0,05;9,67;164,939;212,4781;0,008786072
2026-01-28 07:45:00;0,89;10,73;174,149;221,6881;0,011525339
2026-01-28 08:00:00;2,26;12,37;174,019;221,5581;0,01630741
2026-01-28 08:15:00;3,65;15,3;170,869;218,4081;0,018885164
2026-01-28 08:30:00;5,8;10,34;158,529;206,0681;0,02145994
2026-01-28 08:45:00;8,77;13,96;155,349;202,8881;0,023760911
2026-01-28 09:00:00;10,17;18,73;179,259;226,7981;0,028928997
2026-01-28 09:15:00;11,58;18,76;165,489;213,0281;0,030795584
2026-01-28 09:30:00;12,21;12,99;158,849;206,3881;0,03235249
2026-01-28 09:45:00;16,35;7,01;141,879;189,4181;0,033318337
2026-01-28 10:00:00;14,86;12,66;153,799;201,3381;0,044424508
2026-01-28 10:15:00;10,84;15,66;145,519;193,0581;0,043242313
2026-01-28 10:30:00;12,49;14,22;149,359;196,8981;0,04116321
2026-01-28 10:45:00;14,06;13,75;150,749;198,2881;0,03859447
2026-01-28 11:00:00;14,05;8,89;148,669;196,2081;0,04475527
2026-01-28 11:15:00;12;9,47;143,289;190,8281;0,040287554
2026-01-28 11:30:00;11,04;10,73;140,459;187,9981;0,03616531
2026-01-28 11:45:00;8,35;11,69;136,399;183,9381;0,031901352
2026-01-28 12:00:00;7,67;11,49;140,879;188,4181;0,037031442
2026-01-28 12:15:00;8,64;11,2;140,469;188,0081;0,031032838
2026-01-28 12:30:00;6,72;12,34;129,029;176,5681;0,02604301
2026-01-28 12:45:00;5,66;11,76;125,899;173,4381;0,021903846
2026-01-28 13:00:00;6,38;10,27;132,519;180,0581;0,016229628
2026-01-28 13:15:00;4,92;12,05;128,079;175,6181;0,013183316
2026-01-28 13:30:00;4,3;12,75;130,119;177,6581;0,010553793
2026-01-28 13:45:00;4,22;14,11;139,749;187,2881;0,008290651
2026-01-28 14:00:00;4,58;14,04;132,389;179,9281;0,005640727
2026-01-28 14:15:00;4,32;15,29;127,079;174,6181;0,004145028
2026-01-28 14:30:00;3,14;15,25;130,359;177,8981;0,002810163
2026-01-28 14:45:00;2,19;16,48;136,119;183,6581;0,001643866
2026-01-28 15:00:00;1,56;16,74;131,209;178,7481;0,000637298
2026-01-28 15:15:00;1,26;17,56;133,899;181,4381;9,25E-05
2026-01-28 15:30:00;0,96;17,15;138,849;186,3881;0
2026-01-28 15:45:00;0,56;15,6;147,549;195,0881;0
2026-01-28 16:00:00;0,12;20,85;138,969;186,5081;0
2026-01-28 16:15:00;0,06;21,09;159,149;206,6881;0
2026-01-28 16:30:00;0,06;21,94;159,239;206,7781;0
2026-01-28 16:45:00;0,05;22,59;160,749;208,2881;0
2026-01-28 17:00:00;0,05;25,85;164,309;211,8481;0
2026-01-28 17:15:00;0,05;22,78;162,249;209,7881;0
2026-01-28 17:30:00;0,05;25,03;159,149;206,6881;0
2026-01-28 17:45:00;0,06;20,22;158,989;206,5281;0
2026-01-28 18:00:00;0,06;22,53;160,479;208,0181;0
2026-01-28 18:15:00;0,06;15,64;157,549;205,0881;0
2026-01-28 18:30:00;0,06;16,75;151,949;199,4881;0
2026-01-28 18:45:00;0,06;18,38;137,919;185,4581;0
2026-01-28 19:00:00;0,05;17,78;136,009;183,5481;0
2026-01-28 19:15:00;0,06;16,52;127,869;175,4081;0
2026-01-28 19:30:00;0,05;14,77;124,789;172,3281;0
2026-01-28 19:45:00;0,06;14,21;111,699;159,2381;0
2026-01-28 20:00:00;0,06;13,92;122,749;170,2881;0
2026-01-28 20:15:00;0,05;12,75;111,799;159,3381;0
2026-01-28 20:30:00;0,06;15,93;103,849;151,3881;0
2026-01-28 20:45:00;0,06;15,98;100,659;148,1981;0
2026-01-28 21:00:00;0,05;11,9;114,499;162,0381;0
2026-01-28 21:15:00;0,06;15,46;106,469;154,0081;0
2026-01-28 21:30:00;0,06;12,65;109,299;156,8381;0
2026-01-28 21:45:00;0,06;14,32;104,969;152,5081;0
2026-01-28 22:00:00;0,05;13,77;109,979;157,5181;0
2026-01-28 22:15:00;0,05;13,41;101,949;149,4881;0
2026-01-28 22:30:00;0,05;11,08;100,869;148,4081;0
2026-01-28 22:45:00;0,05;23,93;94,759;142,2981;0
2026-01-28 23:00:00;0,04;21,73;108,519;156,0581;0
2026-01-28 23:15:00;0,05;22,21;97,209;144,7481;0
2026-01-28 23:30:00;0,05;20,36;94,569;142,1081;0
2026-01-28 23:45:00;0,05;20,61;92,659;140,1981;0
2026-01-29 00:00:00;0,05;19,91;96,549;144,0881;0
2026-01-29 00:15:00;0,06;19,5;94,779;142,3181;0
2026-01-29 00:30:00;0,04;19,61;95,739;143,2781;0
2026-01-29 00:45:00;0,05;19,93;93,179;140,7181;0
2026-01-29 01:00:00;0,06;24,88;95,249;142,7881;0
2026-01-29 01:15:00;0,06;23,35;94,829;142,3681;0
2026-01-29 01:30:00;0,05;25,48;92,699;140,2381;0
2026-01-29 01:45:00;0,05;22,1;90,979;138,5181;0
2026-01-29 02:00:00;0,06;21,7;90,779;138,3181;0
2026-01-29 02:15:00;0,05;23,24;90,749;138,2881;0
2026-01-29 02:30:00;0,05;22,03;89,229;136,7681;0
2026-01-29 02:45:00;0,05;18,26;87,339;134,8781;0
2026-01-29 03:00:00;0,05;14,17;89,099;136,6381;0
2026-01-29 03:15:00;0,05;15,57;88,299;135,8381;0
2026-01-29 03:30:00;0,05;14,75;88,969;136,5081;0
2026-01-29 03:45:00;0,05;14,65;92,469;140,0081;0
2026-01-29 04:00:00;0,06;25,03;91,529;139,0681;0
2026-01-29 04:15:00;0,05;23,65;92,099;139,6381;0
2026-01-29 04:30:00;0,05;23,51;98,269;145,8081;0
2026-01-29 04:45:00;0,06;24,27;97,599;145,1381;0
2026-01-29 05:00:00;0,06;24,33;94,649;142,1881;0
2026-01-29 05:15:00;0,06;22,71;103,289;150,8281;0
2026-01-29 05:30:00;0,05;18,81;114,659;162,1981;0
2026-01-29 05:45:00;0,05;19,67;130,689;178,2281;0
2026-01-29 06:00:00;0,06;17,46;123,219;170,7581;0
2026-01-29 06:15:00;0,05;13,96;140,249;187,7881;5,79E-05
2026-01-29 06:30:00;0,05;13,72;151,469;199,0081;0,00108622
2026-01-29 06:45:00;0,05;11,28;155,029;202,5681;0,003604893
2026-01-29 07:00:00;0,05;12,22;154,329;201,8681;0,006826065
2026-01-29 07:15:00;0,05;10,58;156,369;203,9081;0,010662602
2026-01-29 07:30:00;0,15;12,53;157,999;205,5381;0,015039275
2026-01-29 07:45:00;0,76;11,67;154,889;202,4281;0,019958122
2026-01-29 08:00:00;1,05;6,72;163,819;211,3581;0,029145088
2026-01-29 08:15:00;1,83;10,31;156,959;204,4981;0,034038175
2026-01-29 08:30:00;2,98;15,79;158,259;205,7981;0,039045345
2026-01-29 08:45:00;3,77;15,68;149,699;197,2381;0,043907747
2026-01-29 09:00:00;4,83;20,93;163,489;211,0281;0,068593025
2026-01-29 09:15:00;6,16;22,87;154,469;202,0081;0,071687624
2026-01-29 09:30:00;6,73;17,95;148,789;196,3281;0,07425611
2026-01-29 09:45:00;9,43;13,79;140,379;187,9181;0,075865716
2026-01-29 10:00:00;13,61;11,44;149,759;197,2981;0,08716171
2026-01-29 10:15:00;11,27;15,21;144,079;191,6181;0,08601556
2026-01-29 10:30:00;7,99;18,29;141,399;188,9381;0,08436778
2026-01-29 10:45:00;8,53;18,04;132,329;179,8681;0,08231699
2026-01-29 11:00:00;8,17;17,58;139,679;187,2181;0,07080109
2026-01-29 11:15:00;6,97;19,65;134,659;182,1981;0,0684424
2026-01-29 11:30:00;5,55;18,42;132,319;179,8581;0,066196255
2026-01-29 11:45:00;5,15;17,31;127,999;175,5381;0,061735597
2026-01-29 12:00:00;5,56;18,57;140,319;187,8581;0,054910205
2026-01-29 12:15:00;5,8;15,85;131,889;179,4281;0,050479215
2026-01-29 12:30:00;5,9;16,32;130,989;178,5281;0,045922242
2026-01-29 12:45:00;6,19;16,55;124,529;172,0681;0,041162957
2026-01-29 13:00:00;6,71;15,03;131,519;179,0581;0,037509523
2026-01-29 13:15:00;6,7;15,2;130,969;178,5081;0,032013737
2026-01-29 13:30:00;5,87;16,99;129,899;177,4381;0,026452744
2026-01-29 13:45:00;6,05;12,66;131,889;179,4281;0,020988066
2026-01-29 14:00:00;5,8;14,1;129,929;177,4681;0,015014707
2026-01-29 14:15:00;5,69;14,11;129,549;177,0881;0,011091887
2026-01-29 14:30:00;4,82;14,76;130,749;178,2881;0,007658964
2026-01-29 14:45:00;3,59;17,06;136,849;184,3881;0,004642489
2026-01-29 15:00:00;2,54;19,39;129,609;177,1481;0,002014752
2026-01-29 15:15:00;2;18,88;135,159;182,6981;0,000436086
2026-01-29 15:30:00;1,36;19,99;136,829;184,3681;0
2026-01-29 15:45:00;0,7;15,75;145,299;192,8381;0
2026-01-29 16:00:00;0,29;16,19;137,319;184,8581;0
2026-01-29 16:15:00;0,05;21,97;140,089;187,6281;0
2026-01-29 16:30:00;0,05;22,39;144,509;192,0481;0
2026-01-29 16:45:00;0,05;23,62;148,049;195,5881;0
2026-01-29 17:00:00;0,05;22,74;142,269;189,8081;0
2026-01-29 17:15:00;0,05;19,44;144,469;192,0081;0
2026-01-29 17:30:00;0,06;24,06;143,859;191,3981;0
2026-01-29 17:45:00;0,05;25,96;144,939;192,4781;0
2026-01-29 18:00:00;0,06;21,66;141,289;188,8281;0
2026-01-29 18:15:00;0,05;19,97;139,459;186,9981;0
2026-01-29 18:30:00;0,05;16,82;139,819;187,3581;0
2026-01-29 18:45:00;0,06;18,46;130,419;177,9581;0
2026-01-29 19:00:00;0,05;20,83;130,949;178,4881;0
2026-01-29 19:15:00;0,05;17,7;119,539;167,0781;0
2026-01-29 19:30:00;0,05;17,82;110,359;157,8981;0
2026-01-29 19:45:00;0,05;18,98;102,719;150,2581;0
2026-01-29 20:00:00;0,06;15,21;112,199;159,7381;0
2026-01-29 20:15:00;0,05;15,79;104,979;152,5181;0
2026-01-29 20:30:00;0,06;17,66;99,889;147,4281;0
2026-01-29 20:45:00;0,05;15,72;95,469;143,0081;0
2026-01-29 21:00:00;0,05;14,51;103,939;151,4781;0
2026-01-29 21:15:00;0,05;14,86;99,599;147,1381;0
2026-01-29 21:30:00;0,05;14,32;99,839;147,3781;0
2026-01-29 21:45:00;0,05;15,95;96,229;143,7681;0
2026-01-29 22:00:00;0,05;14,65;101,589;149,1281;0
2026-01-29 22:15:00;0,05;14,4;91,419;138,9581;0
2026-01-29 22:30:00;0,05;13,89;93,869;141,4081;0
2026-01-29 22:45:00;0,05;21,63;84,639;132,1781;0
2026-01-29 23:00:00;0,04;21,38;115,829;163,3681;0
2026-01-29 23:15:00;0,05;21,47;104,749;152,2881;0
2026-01-29 23:30:00;0,05;21,06;94,959;142,4981;0
2026-01-29 23:45:00;0,05;18,92;91,719;139,2581;0
2026-01-30 00:00:00;0,06;21,37;96,969;144,5081;0
2026-01-30 00:15:00;0,05;19,83;95,399;142,9381;0
2026-01-30 00:30:00;0,05;19,52;93,219;140,7581;0
2026-01-30 00:45:00;0,05;22,82;90,659;138,1981;0
2026-01-30 01:00:00;0,05;21,63;95,009;142,5481;0
2026-01-30 01:15:00;0,05;25,37;92,619;140,1581;0
2026-01-30 01:30:00;0,05;25;89,869;137,4081;0
2026-01-30 01:45:00;0,05;22,84;86,059;133,5981;0
2026-01-30 02:00:00;0,05;21,56;88,079;135,6181;0
2026-01-30 02:15:00;0,06;24,35;87,029;134,5681;0
2026-01-30 02:30:00;0,05;23,49;86,259;133,7981;0
2026-01-30 02:45:00;0,05;17,2;85,209;132,7481;0
2026-01-30 03:00:00;0,05;16,73;86,839;134,3781;0
2026-01-30 03:15:00;0,04;13,37;83,809;131,3481;0
2026-01-30 03:30:00;0,05;16,43;86,569;134,1081;0
2026-01-30 03:45:00;0,05;16,89;84,979;132,5181;0
2026-01-30 04:00:00;0,06;22,69;84,939;132,4781;0
2026-01-30 04:15:00;0,06;21,37;84,209;131,7481;0
2026-01-30 04:30:00;0,06;22,11;84,369;131,9081;0
2026-01-30 04:45:00;0,05;24,91;89,179;136,7181;0
2026-01-30 05:00:00;0,06;23,55;90,159;137,6981;0
2026-01-30 05:15:00;0,05;25,3;95,289;142,8281;0
2026-01-30 05:30:00;0,05;19,26;105,109;152,6481;0
2026-01-30 05:45:00;0,05;19,95;110,689;158,2281;0
2026-01-30 06:00:00;0,06;16,98;112,419;159,9581;0
2026-01-30 06:15:00;0,05;13,2;123,149;170,6881;0,000137626
2026-01-30 06:30:00;0,05;12,89;125,069;172,6081;0,00156481
2026-01-30 06:45:00;0,05;13,92;128,889;176,4281;0,004760479
2026-01-30 07:00:00;0,06;12,95;131,939;179,4781;0,008505548
2026-01-30 07:15:00;0,25;14,21;135,719;183,2581;0,013224885
2026-01-30 07:30:00;1,01;14,62;131,529;179,0681;0,01868667
2026-01-30 07:45:00;1,51;13,26;124,329;171,8681;0,024473185
2026-01-30 08:00:00;2,55;11,93;142,739;190,2781;0,025010938
2026-01-30 08:15:00;4,83;8,17;136,209;183,7481;0,031117588
2026-01-30 08:30:00;4,98;15,22;135,259;182,7981;0,03684987
2026-01-30 08:45:00;6,38;15,23;125,809;173,3481;0,042277142
2026-01-30 09:00:00;10,63;20,76;137,209;184,7481;0,039754644
2026-01-30 09:15:00;12,53;17,03;127,779;175,3181;0,045274153
2026-01-30 09:30:00;20,63;6,15;120,479;168,0181;0,050039645
2026-01-30 09:45:00;18,39;9,04;114,899;162,4381;0,053977683
2026-01-30 10:00:00;15,63;13,41;124,819;172,3581;0,048291903
2026-01-30 10:15:00;14,1;12,42;116,029;163,5681;0,05125253
2026-01-30 10:30:00;17,55;8,68;116,879;164,4181;0,0531339
2026-01-30 10:45:00;15,61;11,66;107,739;155,2781;0,054104596
2026-01-30 11:00:00;16,23;6,98;118,109;165,6481;0,044258147
2026-01-30 11:15:00;12,83;9,76;108,899;156,4381;0,04554847
2026-01-30 11:30:00;19,82;3,36;106,489;154,0281;0,04655359
2026-01-30 11:45:00;27,61;-3,26;103,899;151,4381;0,04702028
2026-01-30 12:00:00;51,75;-28,98;105,479;153,0181;0,04412953
2026-01-30 12:15:00;56,31;-33,7;101,759;149,2981;0,04403186
2026-01-30 12:30:00;21,01;0,95;97,139;144,6781;0,042943344
2026-01-30 12:45:00;23,3;1,56;96,239;143,7781;0,04084384
2026-01-30 13:00:00;19,61;5,57;100,689;148,2281;0,034280702
2026-01-30 13:15:00;16,33;5,98;98,729;146,2681;0,03181448
2026-01-30 13:30:00;5,95;15,64;100,009;147,5481;0,028383253
2026-01-30 13:45:00;3,74;16,7;98,849;146,3881;0,023909248
2026-01-30 14:00:00;3,68;20,12;99,389;146,9281;0,017493002
2026-01-30 14:15:00;3,28;18,21;100,049;147,5881;0,013367696
2026-01-30 14:30:00;2,2;17,63;101,979;149,5181;0,009460772
2026-01-30 14:45:00;6,11;12,81;106,969;154,5081;0,00592227
2026-01-30 15:00:00;10,09;11,03;101,099;148,6381;0,002601385
2026-01-30 15:15:00;4,34;14,24;103,909;151,4481;0,000639933
2026-01-30 15:30:00;1,97;17,32;107,959;155,4981;0
2026-01-30 15:45:00;0,38;14,24;109,779;157,3181;0
2026-01-30 16:00:00;0,15;14,23;109,389;156,9281;0
2026-01-30 16:15:00;0,04;21,94;114,749;162,2881;0
2026-01-30 16:30:00;0,06;22,4;120,349;167,8881;0
2026-01-30 16:45:00;0,06;21,28;117,749;165,2881;0
2026-01-30 17:00:00;0,05;20,21;120,179;167,7181;0
2026-01-30 17:15:00;0,06;21,75;116,979;164,5181;0
2026-01-30 17:30:00;0,05;22,75;115,929;163,4681;0
2026-01-30 17:45:00;0,05;26,03;107,629;155,1681;0
2026-01-30 18:00:00;0,04;22,78;108,339;155,8781;0
2026-01-30 18:15:00;0,05;16,48;107,319;154,8581;0
2026-01-30 18:30:00;0,06;15,2;109,019;156,5581;0
2026-01-30 18:45:00;0,05;16,05;104,099;151,6381;0
2026-01-30 19:00:00;0,05;14,94;111,189;158,7281;0
2026-01-30 19:15:00;0,06;16,85;102,459;149,9981;0
2026-01-30 19:30:00;0,06;15,32;104,029;151,5681;0
2026-01-30 19:45:00;0,05;16,61;96,809;144,3481;0
2026-01-30 20:00:00;0,05;13,37;103,009;150,5481;0
2026-01-30 20:15:00;0,05;16,01;98,089;145,6281;0
2026-01-30 20:30:00;0,06;16,76;90,409;137,9481;0
2026-01-30 20:45:00;0,05;16,07;86,959;134,4981;0
2026-01-30 21:00:00;0,06;14,88;98,329;145,8681;0
2026-01-30 21:15:00;0,06;14,83;95,059;142,5981;0
2026-01-30 21:30:00;0,06;15,45;96,209;143,7481;0
2026-01-30 21:45:00;0,06;12,98;90,029;137,5681;0
2026-01-30 22:00:00;0,05;15,92;95,089;142,6281;0
2026-01-30 22:15:00;0,05;13,72;90,889;138,4281;0
2026-01-30 22:30:00;0,05;12,99;87,219;134,7581;0
2026-01-30 22:45:00;0,05;21,45;83,199;130,7381;0
2026-01-30 23:00:00;0,05;23,6;99,389;146,9281;0
2026-01-30 23:15:00;0,05;20,34;87,509;135,0481;0
2026-01-30 23:30:00;0,05;23,39;83,269;130,8081;0
2026-01-30 23:45:00;0,05;21,9;81,309;128,8481;0
2026-01-31 00:00:00;0,05;20,94;90,449;137,9881;0
2026-01-31 00:15:00;0,05;21,72;86,609;134,1481;0
2026-01-31 00:30:00;0,05;27,82;90,569;138,1081;0
2026-01-31 00:45:00;0,05;27,64;86,459;133,9981;0
2026-01-31 01:00:00;0,05;27,19;98,109;145,6481;0
2026-01-31 01:15:00;0,05;26,65;83,279;130,8181;0
2026-01-31 01:30:00;0,05;25,45;90,259;137,7981;0
2026-01-31 01:45:00;0,04;25,82;88,029;135,5681;0
2026-01-31 02:00:00;0,05;24,76;94,779;142,3181;0
2026-01-31 02:15:00;0,05;25,53;85,749;133,2881;0
2026-01-31 02:30:00;0,05;26,5;84,939;132,4781;0
2026-01-31 02:45:00;0,05;19,24;85,499;133,0381;0
2026-01-31 03:00:00;0,05;14,69;83,969;131,5081;0
2026-01-31 03:15:00;0,05;15,86;84,439;131,9781;0
2026-01-31 03:30:00;0,05;16,89;84,569;132,1081;0
2026-01-31 03:45:00;0,05;16,14;84,969;132,5081;0
2026-01-31 04:00:00;0,05;14,24;90,749;138,2881;0
2026-01-31 04:15:00;0,05;16,97;98,269;145,8081;0
2026-01-31 04:30:00;0,06;16,84;85,229;132,7681;0
2026-01-31 04:45:00;0,05;16,69;90,749;138,2881;0
2026-01-31 05:00:00;0,06;22,17;87,969;135,5081;0
2026-01-31 05:15:00;0,05;23,56;94,009;141,5481;0
2026-01-31 05:30:00;0,06;22,26;90,059;137,5981;0
2026-01-31 05:45:00;0,06;21,78;99,379;146,9181;0
2026-01-31 06:00:00;0,06;19,1;97,049;144,5881;0
2026-01-31 06:15:00;0,06;20,21;99,969;147,5081;0,000535204
2026-01-31 06:30:00;0,05;15,35;103,779;151,3181;0,004549407
2026-01-31 06:45:00;0,05;13,26;110,179;157,7181;0,01383634
2026-01-31 07:00:00;0,05;15,15;94,499;142,0381;0,02721781
2026-01-31 07:15:00;0,06;15,01;97,709;145,2481;0,04304144
2026-01-31 07:30:00;0,18;16,07;99,929;147,4681;0,05914594
2026-01-31 07:45:00;0,82;14,35;100,999;148,5381;0,075009614
2026-01-31 08:00:00;1,34;10,38;118,619;166,1581;0,12339162
2026-01-31 08:15:00;1,85;11,22;111,869;159,4081;0,13667049
2026-01-31 08:30:00;3,4;8,95;104,889;152,4281;0,14884375
2026-01-31 08:45:00;5,7;6,4;103,019;150,5581;0,1585207
2026-01-31 09:00:00;10,38;16,79;113,099;160,6381;0,21439938
2026-01-31 09:15:00;16,17;13,03;107,579;155,1181;0,21937095
2026-01-31 09:30:00;16,2;9,03;106,299;153,8381;0,2213691
2026-01-31 09:45:00;14,09;13,28;100,229;147,7681;0,21746814
2026-01-31 10:00:00;19,71;5,73;111,579;159,1181;0,2179304
2026-01-31 10:15:00;23,49;3,17;104,889;152,4281;0,20884399
2026-01-31 10:30:00;48,91;-24,69;105,219;152,7581;0,19894792
2026-01-31 10:45:00;50,73;-25,37;100,559;148,0981;0,18881822
2026-01-31 11:00:00;70,88;-44,39;108,299;155,8381;0,1781427
2026-01-31 11:15:00;70,23;-44,32;101,639;149,1781;0,16657563
2026-01-31 11:30:00;56,91;-34,86;102,669;150,2081;0,15523398
2026-01-31 11:45:00;40,12;-17,43;101,019;148,5581;0,13946994
2026-01-31 12:00:00;51,53;-27,91;101,219;148,7581;0,12096637
2026-01-31 12:15:00;48,17;-24,09;99,289;146,8281;0,10623363
2026-01-31 12:30:00;46,61;-24,41;98,349;145,8881;0,09263812
2026-01-31 12:45:00;51,89;-29,27;97,989;145,5281;0,08044921
2026-01-31 13:00:00;22,84;-0,59;100,479;148,0181;0,064541936
2026-01-31 13:15:00;18,47;3,27;100,279;147,8181;0,056743216
2026-01-31 13:30:00;20,04;1,45;103,759;151,2981;0,048960138
2026-01-31 13:45:00;25,92;-4,03;103,949;151,4881;0,040632255
2026-01-31 14:00:00;14,56;4,47;100,069;147,6081;0,030369613
2026-01-31 14:15:00;13,69;5,75;104,659;152,1981;0,02285074
2026-01-31 14:30:00;13,93;4,47;106,599;154,1381;0,01566212
2026-01-31 14:45:00;19,33;1,07;111,189;158,7281;0,008919873
2026-01-31 15:00:00;24,39;-4,44;95,989;143,5281;0,00343726
2026-01-31 15:15:00;16,83;2,66;110,589;158,1281;0,000793286
2026-01-31 15:30:00;9,6;9,5;115,709;163,2481;1,28E-06
2026-01-31 15:45:00;4,82;10,64;121,109;168,6481;0
2026-01-31 16:00:00;1,96;13,91;118,409;165,9481;0
2026-01-31 16:15:00;0,73;20,8;122,229;169,7681;0
2026-01-31 16:30:00;0,13;20,15;130,749;178,2881;0
2026-01-31 16:45:00;0,06;21,25;135,629;183,1681;0
2026-01-31 17:00:00;0,06;19,89;134,349;181,8881;0
2026-01-31 17:15:00;0,06;20,8;134,959;182,4981;0
2026-01-31 17:30:00;0,06;21,57;133,729;181,2681;0
2026-01-31 17:45:00;0,06;24,23;128,299;175,8381;0
2026-01-31 18:00:00;0,05;19,01;137,229;184,7681;0
2026-01-31 18:15:00;0,05;21,61;129,399;176,9381;0
2026-01-31 18:30:00;0,05;18,36;124,149;171,6881;0
2026-01-31 18:45:00;0,05;17,88;118,799;166,3381;0
2026-01-31 19:00:00;0,07;18,63;125,019;172,5581;0
2026-01-31 19:15:00;0,05;19,75;119,799;167,3381;0
2026-01-31 19:30:00;0,06;16,31;115,819;163,3581;0
2026-01-31 19:45:00;0,04;15,94;105,089;152,6281;0
2026-01-31 20:00:00;0,05;13,38;115,159;162,6981;0
2026-01-31 20:15:00;0,05;15,03;108,889;156,4281;0
2026-01-31 20:30:00;0,05;14,36;105,579;153,1181;0
2026-01-31 20:45:00;0,06;17,07;98,889;146,4281;0
2026-01-31 21:00:00;0,05;13,33;113,769;161,3081;0
2026-01-31 21:15:00;0,05;12,82;106,379;153,9181;0
2026-01-31 21:30:00;0,05;12,29;108,749;156,2881;0
2026-01-31 21:45:00;0,06;14,5;97,579;145,1181;0
2026-01-31 22:00:00;0,04;12,23;102,649;150,1881;0
2026-01-31 22:15:00;0,05;11,25;102,679;150,2181;0
2026-01-31 22:30:00;0,06;12,49;104,419;151,9581;0
2026-01-31 22:45:00;0,05;27,41;91,289;138,8281;0
2026-01-31 23:00:00;0,05;24,51;128,869;176,4081;0
2026-01-31 23:15:00;0,05;24,63;110,839;158,3781;0
2026-01-31 23:30:00;0,05;26,04;91,249;138,7881;0
2026-01-31 23:45:00;0,05;23,55;90,679;138,2181;0
2026-02-01 00:00:00;0,06;21,01;129,649;177,1881;0
2026-02-01 00:15:00;0,05;20,98;104,699;152,2381;0
2026-02-01 00:30:00;0,05;22,77;100,049;147,5881;0
2026-02-01 00:45:00;0,05;21,96;89,249;136,7881;0
2026-02-01 01:00:00;0,06;22,98;100,069;147,6081;0
2026-02-01 01:15:00;0,05;25,47;90,799;138,3381;0
2026-02-01 01:30:00;0,05;26,09;91,109;138,6481;0
2026-02-01 01:45:00;0,06;22,73;89,459;136,9981;0
2026-02-01 02:00:00;0,05;21,42;85,189;132,7281;0
2026-02-01 02:15:00;0,05;23,74;88,669;136,2081;0
2026-02-01 02:30:00;0,06;21,03;87,069;134,6081;0
2026-02-01 02:45:00;0,05;20,01;89,489;137,0281;0
2026-02-01 03:00:00;0,05;13,09;89,599;137,1381;0
2026-02-01 03:15:00;0,06;13,82;89,439;136,9781;0
2026-02-01 03:30:00;0,05;13,61;88,749;136,2881;0
2026-02-01 03:45:00;0,05;15,55;88,459;135,9981;0
2026-02-01 04:00:00;0,06;23,57;88,459;135,9981;0
2026-02-01 04:15:00;0,06;22,28;86,159;133,6981;0
2026-02-01 04:30:00;0,06;22,03;90,639;138,1781;0
2026-02-01 04:45:00;0,06;24,13;90,629;138,1681;0
2026-02-01 05:00:00;0,06;24,72;85,219;132,7581;0
2026-02-01 05:15:00;0,06;24,26;87,429;134,9681;0
2026-02-01 05:30:00;0,06;26,8;86,469;134,0081;0
2026-02-01 05:45:00;0,06;26,58;88,809;136,3481;0
2026-02-01 06:00:00;0,06;23,14;88,369;135,9081;0
2026-02-01 06:15:00;0,06;18,55;87,969;135,5081;0,000352014
2026-02-01 06:30:00;0,05;18,64;93,069;140,6081;0,002886669
2026-02-01 06:45:00;0,06;19,22;95,099;142,6381;0,009042539
2026-02-01 07:00:00;0,05;19,25;94,629;142,1681;0,016315995
2026-02-01 07:15:00;0,05;20,17;96,549;144,0881;0,025991665
2026-02-01 07:30:00;0,48;18,48;99,139;146,6781;0,036304295
2026-02-01 07:45:00;0,98;17,34;97,659;145,1981;0,04674732
2026-02-01 08:00:00;1,32;16,35;102,449;149,9881;0,0535098
2026-02-01 08:15:00;2,16;14,22;101,329;148,8681;0,06411724
2026-02-01 08:30:00;4,27;12,14;100,469;148,0081;0,07419958
2026-02-01 08:45:00;9,24;10,08;100,699;148,2381;0,08314155
2026-02-01 09:00:00;11,75;19,24;106,179;153,7181;0,12036002
2026-02-01 09:15:00;10,51;17,73;101,409;148,9481;0,12669627
2026-02-01 09:30:00;9,3;16,3;100,609;148,1481;0,13258496
2026-02-01 09:45:00;7,87;16,69;98,199;145,7381;0,13741507
2026-02-01 10:00:00;12,98;12,4;100,499;148,0381;0,18126297
2026-02-01 10:15:00;19,91;7,11;99,799;147,3381;0,1828827
2026-02-01 10:30:00;20,21;8,27;99,259;146,7981;0,18399824
2026-02-01 10:45:00;17,95;14,14;98,669;146,2081;0,18516827
2026-02-01 11:00:00;26,35;1,1;101,439;148,9781;0,22642466
2026-02-01 11:15:00;19,9;7,16;97,039;144,5781;0,22186998
2026-02-01 11:30:00;20,75;4,41;98,729;146,2681;0,21793245
2026-02-01 11:45:00;20,18;3,37;95,859;143,3981;0,20651014
2026-02-01 12:00:00;14,72;9,2;93,559;141,0981;0,21671225
2026-02-01 12:15:00;24,03;0,25;90,559;138,0981;0,20468393
2026-02-01 12:30:00;27,74;-3,28;90,359;137,8981;0,19015129
2026-02-01 12:45:00;27,47;-3,61;89,659;137,1981;0,17340346
2026-02-01 13:00:00;24,08;-2,73;90,999;138,5381;0,14528517
2026-02-01 13:15:00;20,27;0,91;91,639;139,1781;0,12971461
2026-02-01 13:30:00;13,76;7,86;93,939;141,4781;0,11165929
2026-02-01 13:45:00;11,15;11,24;95,339;142,8781;0,09160469
2026-02-01 14:00:00;11,41;10,46;94,559;142,0981;0,07510431
2026-02-01 14:15:00;12,55;11,9;98,949;146,4881;0,05475091
2026-02-01 14:30:00;13,92;7,25;103,329;150,8681;0,036373917
2026-02-01 14:45:00;9,62;13,8;105,529;153,0681;0,020261936
2026-02-01 15:00:00;8,44;12,91;97,519;145,0581;0,009025452
2026-02-01 15:15:00;5,24;16,95;103,099;150,6381;0,001971228
2026-02-01 15:30:00;6,16;16,03;106,549;154,0881;2,57E-05
2026-02-01 15:45:00;3,67;12,8;116,549;164,0881;0
2026-02-01 16:00:00;2,61;12,03;114,769;162,3081;0
2026-02-01 16:15:00;0,31;22,52;117,299;164,8381;0
2026-02-01 16:30:00;0,06;21,13;123,269;170,8081;0
2026-02-01 16:45:00;0,05;23,89;127,329;174,8681;0
2026-02-01 17:00:00;0,06;23,08;125,949;173,4881;0
2026-02-01 17:15:00;0,05;23,3;126,679;174,2181;0
2026-02-01 17:30:00;0,05;22,75;137,729;185,2681;0
2026-02-01 17:45:00;0,05;26,71;133,779;181,3181;0
2026-02-01 18:00:00;0,06;22,69;135,579;183,1181;0
2026-02-01 18:15:00;0,05;21,51;129,569;177,1081;0
2026-02-01 18:30:00;0,06;20,28;129,989;177,5281;0
2026-02-01 18:45:00;0,06;19,07;125,579;173,1181;0
2026-02-01 19:00:00;0,05;19,3;129,549;177,0881;0
2026-02-01 19:15:00;0,05;18,81;130,039;177,5781;0
2026-02-01 19:30:00;0,05;17,59;120,039;167,5781;0
2026-02-01 19:45:00;0,06;19,26;110,599;158,1381;0
2026-02-01 20:00:00;0,06;16,9;112,899;160,4381;0
2026-02-01 20:15:00;0,06;17,88;109,249;156,7881;0
2026-02-01 20:30:00;0,06;17,87;102,669;150,2081;0
2026-02-01 20:45:00;0,06;17,69;93,489;141,0281;0
2026-02-01 21:00:00;0,06;15,58;108,229;155,7681;0
2026-02-01 21:15:00;0,06;15,28;104,169;151,7081;0
2026-02-01 21:30:00;0,06;15,28;106,149;153,6881;0
2026-02-01 21:45:00;0,06;15,17;99,769;147,3081;0
2026-02-01 22:00:00;0,06;15,67;105,999;153,5381;0
2026-02-01 22:15:00;0,05;16,49;96,969;144,5081;0
2026-02-01 22:30:00;0,05;13,33;99,419;146,9581;0
2026-02-01 22:45:00;0,05;22,55;92,219;139,7581;0
2026-02-01 23:00:00;0,05;26,25;92,239;139,7781;0
2026-02-01 23:15:00;0,06;25,05;93,849;141,3881;0
2026-02-01 23:30:00;0,05;22,22;91,589;139,1281;0
2026-02-01 23:45:00;0,05;23,86;87,509;135,0481;0
2026-02-02 00:00:00;0,05;20,93;91,339;138,8781;0
2026-02-02 00:15:00;0,06;21,58;86,129;133,6681;0
2026-02-02 00:30:00;0,06;23,02;90,779;138,3181;0
2026-02-02 00:45:00;0,05;21,95;89,309;136,8481;0
2026-02-02 01:00:00;0,05;22,54;87,689;135,2281;0
2026-02-02 01:15:00;0,06;22,01;86,949;134,4881;0
2026-02-02 01:30:00;0,06;21,48;85,819;133,3581;0
2026-02-02 01:45:00;0,05;22,09;85,099;132,6381;0
2026-02-02 02:00:00;0,06;21,18;83,949;131,4881;0
2026-02-02 02:15:00;0,06;22,11;81,509;129,0481;0
2026-02-02 02:30:00;0,06;25,25;81,399;128,9381;0
2026-02-02 02:45:00;0,06;19,11;81,059;128,5981;0
2026-02-02 03:00:00;0,07;14,59;82,489;130,0281;0
2026-02-02 03:15:00;0,06;13,17;82,679;130,2181;0
2026-02-02 03:30:00;0,07;14,31;82,979;130,5181;0
2026-02-02 03:45:00;0,06;15,57;83,329;130,8681;0
2026-02-02 04:00:00;0,06;19,01;85,499;133,0381;0
2026-02-02 04:15:00;0,06;24,52;81,629;129,1681;0
2026-02-02 04:30:00;0,05;23,55;86,879;134,4181;0
2026-02-02 04:45:00;0,06;23,77;89,229;136,7681;0
2026-02-02 05:00:00;0,06;24,04;81,779;129,3181;0
2026-02-02 05:15:00;0,06;24,18;95,099;142,6381;0
2026-02-02 05:30:00;0,05;22,33;104,829;152,3681;0
2026-02-02 05:45:00;0,05;20,31;111,799;159,3381;0
2026-02-02 06:00:00;0,06;20;108,249;155,7881;0
2026-02-02 06:15:00;0,06;19,37;113,739;161,2781;0,000585698
2026-02-02 06:30:00;0,06;16,41;130,579;178,1181;0,003133529
2026-02-02 06:45:00;0,05;15,47;125,819;173,3581;0,007755957
2026-02-02 07:00:00;0,05;14,29;126,219;173,7581;0,01420663
2026-02-02 07:15:00;0,06;14,78;132,329;179,8681;0,021948986
2026-02-02 07:30:00;0,26;21,99;131,339;178,8781;0,030293787
2026-02-02 07:45:00;0,92;21,88;127,969;175,5081;0,038768735
2026-02-02 08:00:00;1,68;17,24;145,119;192,6581;0,058021124
2026-02-02 08:15:00;2,51;15,15;133,839;181,3781;0,06594981
2026-02-02 08:30:00;3,06;16,75;127,109;174,6481;0,07243832
2026-02-02 08:45:00;4,53;14,73;118,919;166,4581;0,076773256
2026-02-02 09:00:00;5,4;24,46;123,999;171,5381;0,10020756
2026-02-02 09:15:00;7,66;24,16;119,889;167,4281;0,10209982
2026-02-02 09:30:00;9,4;23,03;115,179;162,7181;0,103321545
2026-02-02 09:45:00;10,25;17,78;106,389;153,9281;0,103432566
2026-02-02 10:00:00;13,84;12,83;116,899;164,4381;0,12012658
2026-02-02 10:15:00;16,75;10,96;108,889;156,4281;0,11763222
2026-02-02 10:30:00;19,95;7,74;103,369;150,9081;0,11481305
2026-02-02 10:45:00;18,06;7,57;101,999;149,5381;0,111831516
2026-02-02 11:00:00;14,46;11,62;105,239;152,7781;0,11223062
2026-02-02 11:15:00;12,92;11,72;102,319;149,8581;0,10808713
2026-02-02 11:30:00;15,12;9,96;104,789;152,3281;0,104164906
2026-02-02 11:45:00;18,07;6,88;103,359;150,8981;0,097922064
2026-02-02 12:00:00;24,44;1,45;104,179;151,7181;0,105961695
2026-02-02 12:15:00;30,6;-5,71;99,029;146,5681;0,09956262
2026-02-02 12:30:00;28,79;-5,82;98,269;145,8081;0,09200983
2026-02-02 12:45:00;44,48;-24,22;97,349;144,8881;0,08377341
2026-02-02 13:00:00;34,8;-14,05;95,309;142,8481;0,08142093
2026-02-02 13:15:00;36,88;-16,23;95,399;142,9381;0,0714479
2026-02-02 13:30:00;24,09;-3,95;96,799;144,3381;0,060758777
2026-02-02 13:45:00;19,68;1,35;99,209;146,7481;0,048799735
2026-02-02 14:00:00;16,38;2,11;93,939;141,4781;0,037296157
2026-02-02 14:15:00;12,35;7,61;97,149;144,6881;0,026915777
2026-02-02 14:30:00;8,95;10,73;101,219;148,7581;0,017842976
2026-02-02 14:45:00;8,09;12,9;103,689;151,2281;0,01033949
2026-02-02 15:00:00;7,25;12,22;94,259;141,7981;0,005093196
2026-02-02 15:15:00;2,58;18,01;99,759;147,2981;0,001398961
2026-02-02 15:30:00;2,9;17,14;106,119;153,6581;3,71E-05
2026-02-02 15:45:00;1,79;14,46;111,479;159,0181;0
2026-02-02 16:00:00;0,61;20,77;101,599;149,1381;0
2026-02-02 16:15:00;0,14;23,44;108,379;155,9181;0
2026-02-02 16:30:00;0,07;21;116,629;164,1681;0
2026-02-02 16:45:00;0,05;20,94;112,759;160,2981;0
2026-02-02 17:00:00;0,05;22,1;115,859;163,3981;0
2026-02-02 17:15:00;0,06;24,23;110,549;158,0881;0
2026-02-02 17:30:00;0,05;28,39;112,449;159,9881;0
2026-02-02 17:45:00;0,06;27,1;109,539;157,0781;0
2026-02-02 18:00:00;0,06;20,14;133,359;180,8981;0
2026-02-02 18:15:00;0,06;19,73;120,079;167,6181;0
2026-02-02 18:30:00;0,06;18,56;110,749;158,2881;0
2026-02-02 18:45:00;0,06;19,85;98,729;146,2681;0
2026-02-02 19:00:00;0,06;18,68;99,479;147,0181;0
2026-02-02 19:15:00;0,06;19,86;97,219;144,7581;0
2026-02-02 19:30:00;0,06;19,26;94,709;142,2481;0
2026-02-02 19:45:00;0,06;18,75;92,209;139,7481;0
2026-02-02 20:00:00;0,06;18,38;99,139;146,6781;0
2026-02-02 20:15:00;0,06;19,01;96,129;143,6681;0
2026-02-02 20:30:00;0,06;17,37;91,539;139,0781;0
2026-02-02 20:45:00;0,06;17,29;85,589;133,1281;0
2026-02-02 21:00:00;0,06;18,13;94,959;142,4981;0
2026-02-02 21:15:00;0,06;16,27;92,159;139,6981;0
2026-02-02 21:30:00;0,06;17,99;92,479;140,0181;0
2026-02-02 21:45:00;0,06;18,85;95,739;143,2781;0
2026-02-02 22:00:00;0,05;20,99;89,639;137,1781;0
2026-02-02 22:15:00;0,06;16,84;81,939;129,4781;0
2026-02-02 22:30:00;0,05;14,86;81,329;128,8681;0
2026-02-02 22:45:00;0,05;23,72;76,529;124,0681;0
2026-02-02 23:00:00;0,05;29,98;88,129;135,6681;0
2026-02-02 23:15:00;0,05;29,18;83,569;131,1081;0
2026-02-02 23:30:00;0,06;22,1;73,299;120,8381;0
2026-02-02 23:45:00;0,05;21,95;66,719;114,2581;0
2026-02-03 00:00:00;0,05;25,13;79,559;127,0981;0
2026-02-03 00:15:00;0,05;24,68;75,169;122,7081;0
2026-02-03 00:30:00;0,05;24,62;75,409;122,9481;0
2026-02-03 00:45:00;0,05;27,17;71,519;119,0581;0
2026-02-03 01:00:00;0,06;27,84;78,999;126,5381;0
2026-02-03 01:15:00;0,06;27,11;72,059;119,5981;0
2026-02-03 01:30:00;0,05;26,62;64,349;111,8881;0
2026-02-03 01:45:00;0,05;27,19;61,839;109,3781;0
2026-02-03 02:00:00;0,05;26,57;62,629;110,1681;0
2026-02-03 02:15:00;0,05;27,71;60,929;108,4681;0
2026-02-03 02:30:00;0,05;26,13;57,829;105,3681;0
2026-02-03 02:45:00;0,05;21,85;58,129;105,6681;0
2026-02-03 03:00:00;0,05;18,07;58,929;106,4681;0
2026-02-03 03:15:00;0,05;18,56;55,679;103,2181;0
2026-02-03 03:30:00;0,05;18,88;58,139;105,6781;0
2026-02-03 03:45:00;0,04;17,01;60,449;107,9881;0
2026-02-03 04:00:00;0,04;17,46;61,479;109,0181;0
2026-02-03 04:15:00;0,05;20,62;58,979;106,5181;0
2026-02-03 04:30:00;0,05;19,44;67,789;115,3281;0
2026-02-03 04:45:00;0,06;17,41;78,419;125,9581;0
2026-02-03 05:00:00;0,06;23,36;71,669;119,2081;0
2026-02-03 05:15:00;0,06;26,25;76,129;123,6681;0
2026-02-03 05:30:00;0,06;26,94;83,549;131,0881;0
2026-02-03 05:45:00;0,06;24,73;91,389;138,9281;0
2026-02-03 06:00:00;0,06;22,95;87,489;135,0281;6,80E-07
2026-02-03 06:15:00;0,06;22,71;91,669;139,2081;0,000917396
2026-02-03 06:30:00;0,05;17,81;94,509;142,0481;0,004589445
2026-02-03 06:45:00;0,05;16,87;99,339;146,8781;0,010806604
2026-02-03 07:00:00;0,05;19,25;101,839;149,3781;0,017476935
2026-02-03 07:15:00;0,05;18,07;102,349;149,8881;0,027142491
2026-02-03 07:30:00;0,31;20,34;102,509;150,0481;0,037674434
2026-02-03 07:45:00;1,13;19,89;98,459;145,9981;0,048528135
2026-02-03 08:00:00;1,78;16,41;113,289;160,8281;0,07190354
2026-02-03 08:15:00;2,16;17,56;104,039;151,5781;0,08262242
2026-02-03 08:30:00;2,06;21,83;100,739;148,2781;0,09216735
2026-02-03 08:45:00;2,73;21,86;90,439;137,9781;0,100540966
2026-02-03 09:00:00;2,92;28,54;102,779;150,3181;0,11306088
2026-02-03 09:15:00;3,17;25,81;94,019;141,5581;0,1194637
2026-02-03 09:30:00;3,17;28,47;93,329;140,8681;0,12469962
2026-02-03 09:45:00;5,82;23,93;88,149;135,6881;0,12814368
2026-02-03 10:00:00;7,71;21,28;119,929;167,4681;0,14947203
2026-02-03 10:15:00;8,33;21,13;115,179;162,7181;0,14827853
2026-02-03 10:30:00;10,34;20,4;101,139;148,6781;0,14520578
2026-02-03 10:45:00;16,1;11,11;90,749;138,2881;0,14111245
2026-02-03 11:00:00;35,25;-8,31;87,059;134,5981;0,13752677
2026-02-03 11:15:00;16,47;8,71;77,559;125,0981;0,13233393
2026-02-03 11:30:00;15,4;8,77;79,249;126,7881;0,12725103
2026-02-03 11:45:00;19,73;6,02;88,439;135,9781;0,12077366
2026-02-03 12:00:00;11,57;13,46;81,959;129,4981;0,10256328
2026-02-03 12:15:00;15,88;8,38;81,689;129,2281;0,09916351
2026-02-03 12:30:00;10,73;12,77;82,239;129,7781;0,09450742
2026-02-03 12:45:00;11,85;12,87;82,839;130,3781;0,08885504
2026-02-03 13:00:00;9,76;14,48;77,269;124,8081;0,07801342
2026-02-03 13:15:00;4,53;18,85;82,709;130,2481;0,07161664
2026-02-03 13:30:00;3,81;16,94;85,069;132,6081;0,06312333
2026-02-03 13:45:00;4,82;18,41;88,649;136,1881;0,052591726
2026-02-03 14:00:00;5,88;17,69;82,349;129,8881;0,03875428
2026-02-03 14:15:00;5,55;18,51;90,179;137,7181;0,029768273
2026-02-03 14:30:00;4,27;18,03;90,689;138,2281;0,020819496
2026-02-03 14:45:00;1,9;20,11;96,149;143,6881;0,01262907
2026-02-03 15:00:00;1,53;20,62;87,949;135,4881;0,006508904
2026-02-03 15:15:00;1,68;21,46;94,139;141,6781;0,002024357
2026-02-03 15:30:00;1,2;22,63;98,249;145,7881;0,000129126
2026-02-03 15:45:00;0,62;17,91;105,499;153,0381;0
2026-02-03 16:00:00;0,17;22,04;100,349;147,8881;0
2026-02-03 16:15:00;0,05;24,89;111,099;158,6381;0
2026-02-03 16:30:00;0,04;22,71;115,259;162,7981;0
2026-02-03 16:45:00;0,05;21,38;120,549;168,0881;0
2026-02-03 17:00:00;0,05;22,82;113,669;161,2081;0
2026-02-03 17:15:00;0,05;21,71;115,389;162,9281;0
2026-02-03 17:30:00;0,05;25,85;118,549;166,0881;0
2026-02-03 17:45:00;0,05;26,47;119,199;166,7381;0
2026-02-03 18:00:00;0,06;21,56;116,309;163,8481;0
2026-02-03 18:15:00;0,05;20,26;116,189;163,7281;0
2026-02-03 18:30:00;0,05;17,42;115,519;163,0581;0
2026-02-03 18:45:00;0,05;20,5;111,339;158,8781;0
2026-02-03 19:00:00;0,05;18,7;110,329;157,8681;0
2026-02-03 19:15:00;0,05;21,35;107,299;154,8381;0
2026-02-03 19:30:00;0,05;19,49;105,749;153,2881;0
2026-02-03 19:45:00;0,05;17,48;96,889;144,4281;0
2026-02-03 20:00:00;0,05;17,88;98,699;146,2381;0
2026-02-03 20:15:00;0,05;17,14;94,939;142,4781;0
2026-02-03 20:30:00;0,05;18,17;91,519;139,0581;0
2026-02-03 20:45:00;0,06;16,05;86,459;133,9981;0
2026-02-03 21:00:00;0,05;17,05;95,739;143,2781;0
2026-02-03 21:15:00;0,05;15,99;91,449;138,9881;0
2026-02-03 21:30:00;0,06;18,17;91,109;138,6481;0
2026-02-03 21:45:00;0,05;15,82;87,059;134,5981;0
2026-02-03 22:00:00;0,05;17,29;89,249;136,7881;0
2026-02-03 22:15:00;0,05;16,76;88,129;135,6681;0
2026-02-03 22:30:00;0,05;13,8;85,809;133,3481;0
2026-02-03 22:45:00;0,04;23,58;79,789;127,3281;0
2026-02-03 23:00:00;0,05;25,2;87,719;135,2581;0
2026-02-03 23:15:00;0,05;22,48;84,219;131,7581;0
2026-02-03 23:30:00;0,05;20,67;83,609;131,1481;0
2026-02-03 23:45:00;0,05;21,54;76,029;123,5681;0
2026-02-04 00:00:00;0,05;20,5;83,709;131,2481;0
2026-02-04 00:15:00;0,05;20,46;80,999;128,5381;0
2026-02-04 00:30:00;0,06;19,73;82,809;130,3481;0
2026-02-04 00:45:00;0,06;20,23;78,619;126,1581;0
2026-02-04 01:00:00;0,05;21,06;83,829;131,3681;0
2026-02-04 01:15:00;0,07;19,49;81,999;129,5381;0
2026-02-04 01:30:00;0,06;20,7;81,319;128,8581;0
2026-02-04 01:45:00;0,06;19,75;80,429;127,9681;0
2026-02-04 02:00:00;0,06;19,12;80,809;128,3481;0
2026-02-04 02:15:00;0,05;22,12;78,639;126,1781;0
2026-02-04 02:30:00;0,06;19,55;79,989;127,5281;0
2026-02-04 02:45:00;0,07;18,7;78,429;125,9681;0
2026-02-04 03:00:00;0,05;13,51;78,079;125,6181;0
2026-02-04 03:15:00;0,05;11,91;78,229;125,7681;0
2026-02-04 03:30:00;0,05;14,53;80,319;127,8581;0
2026-02-04 03:45:00;0,06;12,99;81,009;128,5481;0
2026-02-04 04:00:00;0,06;22,13;79,879;127,4181;0
2026-02-04 04:15:00;0,05;23,46;80,999;128,5381;0
2026-02-04 04:30:00;0,05;23,02;84,049;131,5881;0
2026-02-04 04:45:00;0,05;22,59;87,829;135,3681;0
2026-02-04 05:00:00;0,05;23,06;89,169;136,7081;0
2026-02-04 05:15:00;0,06;22,76;92,629;140,1681;0
2026-02-04 05:30:00;0,05;20,24;95,239;142,7781;0
2026-02-04 05:45:00;0,05;22,03;97,239;144,7781;0
2026-02-04 06:00:00;0,05;20,82;100,499;148,0381;1,62E-06
2026-02-04 06:15:00;0,05;13,99;105,249;152,7881;0,000326427
2026-02-04 06:30:00;0,05;13,33;113,019;160,5581;0,001379664
2026-02-04 06:45:00;0,05;15,13;118,839;166,3781;0,003014009
2026-02-04 07:00:00;0,07;12,84;124,489;172,0281;0,005151936
2026-02-04 07:15:00;0,86;14,09;128,879;176,4181;0,007384476
2026-02-04 07:30:00;3,31;10,28;122,479;170,0181;0,009735005
2026-02-04 07:45:00;7,7;4,11;112,579;160,1181;0,012274081
2026-02-04 08:00:00;12,25;0,51;128,319;175,8581;0,014464032
2026-02-04 08:15:00;21,19;-9,06;115,819;163,3581;0,017246058
2026-02-04 08:30:00;31,81;-7,11;109,529;157,0681;0,020752002
2026-02-04 08:45:00;40,44;-15,53;99,699;147,2381;0,026021758
2026-02-04 09:00:00;46,23;-17,06;107,849;155,3881;0,03580811
2026-02-04 09:15:00;53,87;-29,33;102,369;149,9081;0,041413385
2026-02-04 09:30:00;59,18;-35,99;96,099;143,6381;0,04773706
2026-02-04 09:45:00;62,73;-37,77;91,709;139,2481;0,05490621
2026-02-04 10:00:00;64,41;-40,57;92,789;140,3281;0,086787336
2026-02-04 10:15:00;65,46;-41,12;92,179;139,7181;0,09227735
2026-02-04 10:30:00;61,21;-37,55;88,009;135,5481;0,09498176
2026-02-04 10:45:00;62,96;-39,55;86,799;134,3381;0,09689798
2026-02-04 11:00:00;71,28;-46,55;86,599;134,1381;0,0990014
2026-02-04 11:15:00;76,8;-54,68;84,179;131,7181;0,09888502
2026-02-04 11:30:00;74,92;-51,69;82,539;130,0781;0,09890637
2026-02-04 11:45:00;71,74;-49,94;80,749;128,2881;0,08928493
2026-02-04 12:00:00;69,9;-47,7;82,939;130,4781;0,06152155
2026-02-04 12:15:00;67,27;-41,86;80,009;127,5481;0,061304774
2026-02-04 12:30:00;47,96;-25,96;76,359;123,8981;0,05712872
2026-02-04 12:45:00;35,53;-13,17;77,499;125,0381;0,049353383
2026-02-04 13:00:00;44,68;-22,64;78,799;126,3381;0,03793847
2026-02-04 13:15:00;15,84;2,44;79,359;126,8981;0,033313576
2026-02-04 13:30:00;16,4;2,38;84,589;132,1281;0,029061355
2026-02-04 13:45:00;17,56;-0,08;87,919;135,4581;0,024621014
2026-02-04 14:00:00;11,31;7,61;82,579;130,1181;0,018606849
2026-02-04 14:15:00;8,26;13,63;90,619;138,1581;0,014876996
2026-02-04 14:30:00;16,37;2,2;97,799;145,3381;0,011094608
2026-02-04 14:45:00;20,53;-2,79;95,049;142,5881;0,007298534
2026-02-04 15:00:00;15,98;0,95;91,269;138,8081;0,003598178
2026-02-04 15:15:00;8,65;8,08;98,829;146,3681;0,001284881
2026-02-04 15:30:00;5,63;13,84;103,959;151,4981;0,000114674
2026-02-04 15:45:00;4,96;14,62;110,139;157,6781;0
2026-02-04 16:00:00;2,25;17,15;104,919;152,4581;0
2026-02-04 16:15:00;1,05;19,31;107,279;154,8181;0
2026-02-04 16:30:00;0,32;18,05;111,269;158,8081;0
2026-02-04 16:45:00;0,08;18,73;114,039;161,5781;0
2026-02-04 17:00:00;0,06;23,77;106,879;154,4181;0
2026-02-04 17:15:00;0,06;22,57;107,839;155,3781;0
2026-02-04 17:30:00;0,05;21,59;109,499;157,0381;0
2026-02-04 17:45:00;0,05;20,33;108,909;156,4481;0
2026-02-04 18:00:00;0,05;22,94;113,289;160,8281;0
2026-02-04 18:15:00;0,05;31,45;98,289;145,8281;0
2026-02-04 18:30:00;0,05;27,26;90,739;138,2781;0
2026-02-04 18:45:00;0,06;24,73;85,979;133,5181;0
2026-02-04 19:00:00;0,05;24,08;100,549;148,0881;0
2026-02-04 19:15:00;0,06;25,1;93,859;141,3981;0
2026-02-04 19:30:00;0,06;24,38;90,749;138,2881;0
2026-02-04 19:45:00;0,06;24,92;82,199;129,7381;0
2026-02-04 20:00:00;0,05;27,3;89,679;137,2181;0
2026-02-04 20:15:00;0,05;25,2;86,369;133,9081;0
2026-02-04 20:30:00;0,06;22,62;81,819;129,3581;0
2026-02-04 20:45:00;0,06;21,43;74,249;121,7881;0
2026-02-04 21:00:00;0,06;23,31;86,129;133,6681;0
2026-02-04 21:15:00;0,05;21,42;83,499;131,0381;0
2026-02-04 21:30:00;0,05;21,02;84,459;131,9981;0
2026-02-04 21:45:00;0,05;22,1;78,689;126,2281;0
2026-02-04 22:00:00;0,05;21,19;79,389;126,9281;0
2026-02-04 22:15:00;0,05;22,98;72,229;119,7681;0
2026-02-04 22:30:00;0,05;21,4;75,839;123,3781;0
2026-02-04 22:45:00;0,05;16,36;70,509;118,0481;0
2026-02-04 23:00:00;0,05;23,71;77,919;125,4581;0
2026-02-04 23:15:00;0,06;21,55;72,269;119,8081;0
2026-02-04 23:30:00;0,05;20,91;74,889;122,4281;0
2026-02-04 23:45:00;0,05;22,57;69,929;117,4681;0
2026-02-05 00:00:00;0,05;22,15;74,929;122,4681;0
2026-02-05 00:15:00;0,06;15,72;71,089;118,6281;0
2026-02-05 00:30:00;0,05;13,6;73,459;120,9981;0
2026-02-05 00:45:00;0,05;14,9;70,529;118,0681;0
2026-02-05 01:00:00;0,05;14,78;70,969;118,5081;0
2026-02-05 01:15:00;0,05;12,01;70,399;117,9381;0
2026-02-05 01:30:00;0,05;12,97;71,649;119,1881;0
2026-02-05 01:45:00;0,05;13,93;65,149;112,6881;0
2026-02-05 02:00:00;0,05;13,1;64,189;111,7281;0
2026-02-05 02:15:00;0,05;14,49;64,079;111,6181;0
2026-02-05 02:30:00;0,05;11,63;60,889;108,4281;0
2026-02-05 02:45:00;0,04;7,55;58,579;106,1181;0
2026-02-05 03:00:00;0,06;4,29;58,129;105,6681;0
2026-02-05 03:15:00;0,05;4,33;61,279;108,8181;0
2026-02-05 03:30:00;0,05;6,01;64,519;112,0581;0
2026-02-05 03:45:00;0,06;8;64,609;112,1481;0
2026-02-05 04:00:00;0,06;15,17;68,319;115,8581;0
2026-02-05 04:15:00;0,06;11,17;69,689;117,2281;0
2026-02-05 04:30:00;0,06;13,43;71,939;119,4781;0
2026-02-05 04:45:00;0,05;15,41;72,809;120,3481;0
2026-02-05 05:00:00;0,05;16,37;79,209;126,7481;0
2026-02-05 05:15:00;0,06;15,7;92,049;139,5881;0
2026-02-05 05:30:00;0,05;12,75;88,139;135,6781;0
2026-02-05 05:45:00;0,06;10,19;96,249;143,7881;0
2026-02-05 06:00:00;0,05;6,79;82,769;130,3081;3,30E-05
2026-02-05 06:15:00;0,05;3,72;85,499;133,0381;0,003571401
2026-02-05 06:30:00;0,05;4,77;90,969;138,5081;0,02085452
2026-02-05 06:45:00;0,06;2,71;96,819;144,3581;0,05224728
2026-02-05 07:00:00;0,06;2,28;104,829;152,3681;0,08725903
2026-02-05 07:15:00;0,36;2,48;104,939;152,4781;0,12372681
2026-02-05 07:30:00;1,19;5,04;108,159;155,6981;0,15760797
2026-02-05 07:45:00;3,17;9,11;107,489;155,0281;0,19144621
2026-02-05 08:00:00;7,39;6,36;117,759;165,2981;0,21986091
2026-02-05 08:15:00;8,52;3,9;111,539;159,0781;0,2551645
2026-02-05 08:30:00;8,4;2,17;102,769;150,3081;0,28728765
2026-02-05 08:45:00;11,09;0,39;98,189;145,7281;0,31399092
2026-02-05 09:00:00;18,1;2,56;109,769;157,3081;0,34582818
2026-02-05 09:15:00;13,17;8,77;102,589;150,1281;0,36809686
2026-02-05 09:30:00;20,11;2,37;99,929;147,4681;0,3863435
2026-02-05 09:45:00;21,28;0,99;92,019;139,5581;0,40096858
2026-02-05 10:00:00;17,04;-0,69;108,569;156,1081;0,415437
2026-02-05 10:15:00;32,63;-9,11;101,469;149,0081;0,41916975
2026-02-05 10:30:00;18,08;4,44;100,029;147,5681;0,41616282
2026-02-05 10:45:00;10,63;9,47;95,199;142,7381;0,40826023
2026-02-05 11:00:00;12,85;4,85;95,149;142,6881;0,40428698
2026-02-05 11:15:00;11,45;4,59;92,709;140,2481;0,38513207
2026-02-05 11:30:00;16,87;-2,25;92,519;140,0581;0,36629394
2026-02-05 11:45:00;25,96;-10,96;90,899;138,4381;0,33326218
2026-02-05 12:00:00;32,95;-14,17;91,679;139,2181;0,25794688
2026-02-05 12:15:00;47,56;-25,96;92,019;139,5581;0,23130381
2026-02-05 12:30:00;32,67;-13,14;94,129;141,6681;0,20547773
2026-02-05 12:45:00;22,46;-6,58;95,639;143,1781;0,18120839
2026-02-05 13:00:00;16,26;2,05;93,209;140,7481;0,130856
2026-02-05 13:15:00;14,2;2,65;98,249;145,7881;0,11648233
2026-02-05 13:30:00;11,6;4,64;99,079;146,6181;0,102899656
2026-02-05 13:45:00;11,37;6,16;101,289;148,8281;0,089092135
2026-02-05 14:00:00;10,53;2,79;93,619;141,1581;0,07078553
2026-02-05 14:15:00;10,13;6,78;97,059;144,5981;0,056856614
2026-02-05 14:30:00;6,01;14,99;99,669;147,2081;0,04181071
2026-02-05 14:45:00;6,12;13,38;109,309;156,8481;0,02679719
2026-02-05 15:00:00;6,9;13,54;99,979;147,5181;0,012717052
2026-02-05 15:15:00;4,72;12,39;101,829;149,3681;0,004028653
2026-02-05 15:30:00;5,45;13,79;107,699;155,2381;0,000452237
2026-02-05 15:45:00;3,05;10,15;109,519;157,0581;0
2026-02-05 16:00:00;1,57;13,38;106,249;153,7881;0
2026-02-05 16:15:00;0,68;13,62;112,959;160,4981;0
2026-02-05 16:30:00;0,06;13,94;124,179;171,7181;0
2026-02-05 16:45:00;0,05;16,08;128,329;175,8681;0
2026-02-05 17:00:00;0,06;17,68;118,379;165,9181;0
2026-02-05 17:15:00;0,06;14,95;117,129;164,6681;0
2026-02-05 17:30:00;0,06;15,88;122,399;169,9381;0
2026-02-05 17:45:00;0,06;11,83;120,709;168,2481;0
2026-02-05 18:00:00;0,06;7,22;123,059;170,5981;0
2026-02-05 18:15:00;0,06;7,84;116,049;163,5881;0
2026-02-05 18:30:00;0,06;6,63;112,579;160,1181;0
2026-02-05 18:45:00;0,06;6,95;108,569;156,1081;0
2026-02-05 19:00:00;0,06;6,04;110,599;158,1381;0
2026-02-05 19:15:00;0,05;7,43;102,809;150,3481;0
2026-02-05 19:30:00;0,06;9,06;100,479;148,0181;0
2026-02-05 19:45:00;0,06;7,42;91,179;138,7181;0
2026-02-05 20:00:00;0,06;7,62;98,149;145,6881;0
2026-02-05 20:15:00;0,06;6,1;93,429;140,9681;0
2026-02-05 20:30:00;0,05;6,23;88,159;135,6981;0
2026-02-05 20:45:00;0,05;6,96;76,649;124,1881;0
2026-02-05 21:00:00;0,06;6,19;93,389;140,9281;0
2026-02-05 21:15:00;0,05;6,3;87,109;134,6481;0
2026-02-05 21:30:00;0,06;7,6;92,019;139,5581;0
2026-02-05 21:45:00;0,06;7,47;88,059;135,5981;0
2026-02-05 22:00:00;0,06;7,22;91,289;138,8281;0
2026-02-05 22:15:00;0,05;5,26;83,509;131,0481;0
2026-02-05 22:30:00;0,04;7,37;83,459;130,9981;0
2026-02-05 22:45:00;0,05;13,87;70,919;118,4581;0
2026-02-05 23:00:00;0,05;15,76;91,269;138,8081;0
2026-02-05 23:15:00;0,06;15,4;84,539;132,0781;0
2026-02-05 23:30:00;0,05;11,37;84,679;132,2181;0
2026-02-05 23:45:00;0,05;13,6;79,939;127,4781;0
2026-02-06 00:00:00;0,05;12,35;86,559;134,0981;0
2026-02-06 00:15:00;0,06;11,72;83,359;130,8981;0
2026-02-06 00:30:00;0,05;18,22;82,789;130,3281;0
2026-02-06 00:45:00;0,06;17,07;78,059;125,5981;0
2026-02-06 01:00:00;0,05;15,83;81,439;128,9781;0
2026-02-06 01:15:00;0,05;15,05;78,469;126,0081;0
2026-02-06 01:30:00;0,05;13,76;73,009;120,5481;0
2026-02-06 01:45:00;0,05;16,43;74,879;122,4181;0
2026-02-06 02:00:00;0,05;14,16;73,739;121,2781;0
2026-02-06 02:15:00;0,05;13,73;74,059;121,5981;0
2026-02-06 02:30:00;0,05;15,63;71,959;119,4981;0
2026-02-06 02:45:00;0,04;7,18;69,719;117,2581;0
2026-02-06 03:00:00;0,04;5,61;69,249;116,7881;0
2026-02-06 03:15:00;0,05;5,82;69,379;116,9181;0
2026-02-06 03:30:00;0,06;5,01;70,119;117,6581;0
2026-02-06 03:45:00;0,06;6,67;71,879;119,4181;0
2026-02-06 04:00:00;0,05;6,3;80,059;127,5981;0
2026-02-06 04:15:00;0,05;7,62;75,669;123,2081;0
2026-02-06 04:30:00;0,06;8,66;77,839;125,3781;0
2026-02-06 04:45:00;0,06;6,53;85,459;132,9981;0
2026-02-06 05:00:00;0,06;13,62;78,089;125,6281;0
2026-02-06 05:15:00;0,06;16,74;88,429;135,9681;0
2026-02-06 05:30:00;0,06;13,36;101,109;148,6481;0
2026-02-06 05:45:00;0,05;13,2;118,929;166,4681;0
2026-02-06 06:00:00;0,05;11,76;115,609;163,1481;4,50E-05
2026-02-06 06:15:00;0,07;10,14;125,749;173,2881;0,001529957
2026-02-06 06:30:00;0,06;9,78;127,939;175,4781;0,005809126
2026-02-06 06:45:00;0,05;6,2;126,999;174,5381;0,01256999
2026-02-06 07:00:00;0,06;5,22;120,239;167,7781;0,019048803
2026-02-06 07:15:00;0,06;6,17;118,659;166,1981;0,028160537
2026-02-06 07:30:00;0,28;10,59;117,119;164,6581;0,037544716
2026-02-06 07:45:00;1,02;11,94;111,849;159,3881;0,04678651
2026-02-06 08:00:00;2,12;10,31;132,079;179,6181;0,06060908
2026-02-06 08:15:00;3,36;16,62;125,579;173,1181;0,07045536
2026-02-06 08:30:00;3,44;12,27;121,929;169,4681;0,079505384
2026-02-06 08:45:00;5,09;9,89;117,309;164,8481;0,08839677
2026-02-06 09:00:00;7,32;15,47;126,429;173,9681;0,11153458
2026-02-06 09:15:00;8,32;13,55;120,309;167,8481;0,11890342
2026-02-06 09:30:00;8,92;10,65;118,119;165,6581;0,12402756
2026-02-06 09:45:00;9,17;20,06;113,239;160,7781;0,1238068
2026-02-06 10:00:00;11,72;14,61;120,969;168,5081;0,12102103
2026-02-06 10:15:00;21,98;9,02;114,209;161,7481;0,11753668
2026-02-06 10:30:00;11,94;14,25;112,219;159,7581;0,11315083
2026-02-06 10:45:00;15,24;5,55;102,309;149,8481;0,10845419
2026-02-06 11:00:00;19,41;4,52;121,919;169,4581;0,123786904
2026-02-06 11:15:00;23,09;3,47;109,049;156,5881;0,12101321
2026-02-06 11:30:00;17,5;3,62;110,749;158,2881;0,11833973
2026-02-06 11:45:00;20,41;0,45;101,149;148,6881;0,108951725
2026-02-06 12:00:00;13,9;10,08;111,409;158,9481;0,10689065
2026-02-06 12:15:00;11,67;12,14;104,589;152,1281;0,09845463
2026-02-06 12:30:00;12,05;14,73;102,749;150,2881;0,08862162
2026-02-06 12:45:00;10,72;13,03;98,079;145,6181;0,07752157
2026-02-06 13:00:00;12,89;14,34;95,829;143,3681;0,06680652
2026-02-06 13:15:00;9,39;17,84;100,729;148,2681;0,05868435
2026-02-06 13:30:00;9,75;13,72;105,329;152,8681;0,050388344
2026-02-06 13:45:00;10,29;12,71;111,109;158,6481;0,04154328
2026-02-06 14:00:00;12,24;8,55;97,769;145,3081;0,033232566
2026-02-06 14:15:00;9,54;11,24;103,709;151,2481;0,025268087
2026-02-06 14:30:00;12,41;5;108,329;155,8681;0,01788174
2026-02-06 14:45:00;10,76;1,07;118,569;166,1081;0,011396893
2026-02-06 15:00:00;14,44;-2,64;99,669;147,2081;0,006183922
2026-02-06 15:15:00;16,96;-5,57;106,529;154,0681;0,002429841
2026-02-06 15:30:00;4,03;11,15;108,869;156,4081;0,000404293
2026-02-06 15:45:00;0,99;16,17;111,579;159,1181;0
2026-02-06 16:00:00;0,39;25,31;105,249;152,7881;0
2026-02-06 16:15:00;0,05;23,31;115,439;162,9781;0
2026-02-06 16:30:00;0,06;23,73;119,209;166,7481;0
2026-02-06 16:45:00;0,06;24,95;128,129;175,6681;0
2026-02-06 17:00:00;0,06;23,81;122,789;170,3281;0
2026-02-06 17:15:00;0,06;22,67;120,719;168,2581;0
2026-02-06 17:30:00;0,06;27,21;114,899;162,4381;0
2026-02-06 17:45:00;0,06;20,02;115,679;163,2181;0
2026-02-06 18:00:00;0,06;11,44;122,479;170,0181;0
2026-02-06 18:15:00;0,06;6,78;114,049;161,5881;0
2026-02-06 18:30:00;0,07;6,57;118,389;165,9281;0
2026-02-06 18:45:00;0,06;6,46;105,709;153,2481;0
2026-02-06 19:00:00;0,06;6,35;109,359;156,8981;0
2026-02-06 19:15:00;0,08;5,9;97,679;145,2181;0
2026-02-06 19:30:00;0,07;6,71;96,239;143,7781;0
2026-02-06 19:45:00;0,06;6,22;90,119;137,6581;0
2026-02-06 20:00:00;0,06;3,92;97,099;144,6381;0
2026-02-06 20:15:00;0,06;5,1;96,529;144,0681;0
2026-02-06 20:30:00;0,06;5,46;92,159;139,6981;0
2026-02-06 20:45:00;0,06;7,07;83,579;131,1181;0
2026-02-06 21:00:00;0,07;5,86;91,649;139,1881;0
2026-02-06 21:15:00;0,06;5;88,749;136,2881;0
2026-02-06 21:30:00;0,06;6,17;94,779;142,3181;0
2026-02-06 21:45:00;0,07;6,79;90,039;137,5781;0
2026-02-06 22:00:00;0,06;6,41;94,729;142,2681;0
2026-02-06 22:15:00;0,06;10,32;86,529;134,0681;0
2026-02-06 22:30:00;0,06;9,06;92,289;139,8281;0
2026-02-06 22:45:00;0,05;16,2;85,329;132,8681;0
2026-02-06 23:00:00;0,05;12,8;95,389;142,9281;0
2026-02-06 23:15:00;0,06;14,62;91,779;139,3181;0
2026-02-06 23:30:00;0,06;19,72;81,129;128,6681;0
2026-02-06 23:45:00;0,06;19,21;80,079;127,6181;0
2026-02-07 00:00:00;0,06;13,62;84,529;132,0681;0
2026-02-07 00:15:00;0,06;14,05;80,749;128,2881;0
2026-02-07 00:30:00;0,06;13,84;87,869;135,4081;0
2026-02-07 00:45:00;0,06;12,63;81,249;128,7881;0
2026-02-07 01:00:00;0,06;13,19;81,479;129,0181;0
2026-02-07 01:15:00;0,06;14,36;79,209;126,7481;0
2026-02-07 01:30:00;0,06;10,85;78,379;125,9181;0
2026-02-07 01:45:00;0,04;11,45;73,559;121,0981;0
2026-02-07 02:00:00;0,06;9,77;79,359;126,8981;0
2026-02-07 02:15:00;0,05;9,22;73,539;121,0781;0
2026-02-07 02:30:00;0,06;9,81;71,529;119,0681;0
2026-02-07 02:45:00;0,05;5,74;68,319;115,8581;0
2026-02-07 03:00:00;0,05;4,41;72,359;119,8981;0
2026-02-07 03:15:00;0,05;5,84;71,529;119,0681;0
2026-02-07 03:30:00;0,06;3,89;68,349;115,8881;0
2026-02-07 03:45:00;0,06;4,01;68,049;115,5881;0
2026-02-07 04:00:00;0,06;11,4;71,379;118,9181;0
2026-02-07 04:15:00;0,05;9,77;72,259;119,7981;0
2026-02-07 04:30:00;0,05;10,46;74,029;121,5681;0
2026-02-07 04:45:00;0,06;15,29;74,959;122,4981;0
2026-02-07 05:00:00;0,05;13,71;70,499;118,0381;0
2026-02-07 05:15:00;0,07;14,24;77,669;125,2081;0
2026-02-07 05:30:00;0,06;11,59;78,949;126,4881;0
2026-02-07 05:45:00;0,06;10,22;84,489;132,0281;0
2026-02-07 06:00:00;0,06;11,94;86,149;133,6881;4,63E-05
2026-02-07 06:15:00;0,06;7,94;87,599;135,1381;0,000894529
2026-02-07 06:30:00;0,06;6,69;89,019;136,5581;0,002950084
2026-02-07 06:45:00;0,05;13,61;90,039;137,5781;0,005709583
2026-02-07 07:00:00;0,08;16,15;91,039;138,5781;0,008360867
2026-02-07 07:15:00;1,22;14,67;94,459;141,9981;0,011754942
2026-02-07 07:30:00;3,67;11,03;99,919;147,4581;0,015315633
2026-02-07 07:45:00;8,17;5,45;92,139;139,6781;0,018891029
2026-02-07 08:00:00;15,69;-3,01;103,739;151,2781;0,030245418
2026-02-07 08:15:00;19,35;0,31;95,279;142,8181;0,033564515
2026-02-07 08:30:00;14,87;4,86;98,869;146,4081;0,036744546
2026-02-07 08:45:00;17,78;4,07;88,099;135,6381;0,03999224
2026-02-07 09:00:00;17,34;11,23;100,229;147,7681;0,058287453
2026-02-07 09:15:00;21,8;9,56;87,429;134,9681;0,060476553
2026-02-07 09:30:00;45,05;-14,01;83,659;131,1981;0,06257946
2026-02-07 09:45:00;37,81;-10,07;71,409;118,9481;0,06455035
2026-02-07 10:00:00;22,1;5,22;83,869;131,4081;0,08097506
2026-02-07 10:15:00;28,28;0,35;74,679;122,2181;0,08112595
2026-02-07 10:30:00;58,87;-30,14;74,379;121,9181;0,08007407
2026-02-07 10:45:00;79,26;-50,23;70,869;118,4081;0,07863482
2026-02-07 11:00:00;72,4;-45,01;77,339;124,8781;0,09601434
2026-02-07 11:15:00;80,53;-55,54;71,309;118,8481;0,09382175
2026-02-07 11:30:00;75,59;-54,98;71,839;119,3781;0,09183761
2026-02-07 11:45:00;80,3;-59,69;68,059;115,5981;0,086177066
2026-02-07 12:00:00;76,99;-61,04;69,759;117,2981;0,10424888
2026-02-07 12:15:00;50,57;-33,13;67,939;115,4781;0,10196313
2026-02-07 12:30:00;61,37;-43,57;62,479;110,0181;0,09729124
2026-02-07 12:45:00;44,59;-26,48;62,629;110,1681;0,08918811
2026-02-07 13:00:00;38,5;-23,72;61,579;109,1181;0,09248264
2026-02-07 13:15:00;37,91;-24,33;64,569;112,1081;0,0838364
2026-02-07 13:30:00;24,4;-9,34;67,859;115,3981;0,07277044
2026-02-07 13:45:00;25,45;-12,88;74,619;122,1581;0,059236895
2026-02-07 14:00:00;21,59;-5,98;67,819;115,3581;0,0517471
2026-02-07 14:15:00;23,46;-6,53;71,449;118,9881;0,03804685
2026-02-07 14:30:00;19,25;-7,14;76,119;123,6581;0,02645385
2026-02-07 14:45:00;16,42;-3,93;83,279;130,8181;0,01692847
2026-02-07 15:00:00;23,56;-11,62;74,349;121,8881;0,009981356
2026-02-07 15:15:00;15,2;-3,71;84,839;132,3781;0,004034774
2026-02-07 15:30:00;12,1;2,7;96,029;143,5681;0,00078011
2026-02-07 15:45:00;5,83;9,46;105,439;152,9781;0
2026-02-07 16:00:00;2,37;12,47;101,239;148,7781;0
2026-02-07 16:15:00;0,82;18,17;106,519;154,0581;0
2026-02-07 16:30:00;0,23;15,05;112,609;160,1481;0
2026-02-07 16:45:00;0,05;14,55;119,859;167,3981;0
2026-02-07 17:00:00;0,05;15,59;116,199;163,7381;0
2026-02-07 17:15:00;0,06;16,17;118,289;165,8281;0
2026-02-07 17:30:00;0,06;14,75;118,609;166,1481;0
2026-02-07 17:45:00;0,06;7,11;118,469;166,0081;0
2026-02-07 18:00:00;0,06;7,26;118,389;165,9281;0
2026-02-07 18:15:00;0,07;7,26;115,929;163,4681;0
2026-02-07 18:30:00;0,06;7,67;110,119;157,6581;0
2026-02-07 18:45:00;0,07;7,38;102,609;150,1481;0
2026-02-07 19:00:00;0,06;7,32;106,239;153,7781;0
2026-02-07 19:15:00;0,06;5,72;96,819;144,3581;0
2026-02-07 19:30:00;0,07;5,86;94,729;142,2681;0
2026-02-07 19:45:00;0,07;5,41;89,439;136,9781;0
2026-02-07 20:00:00;0,06;6,63;95,059;142,5981;0
2026-02-07 20:15:00;0,06;5,15;91,749;139,2881;0
2026-02-07 20:30:00;0,07;6,1;89,369;136,9081;0
2026-02-07 20:45:00;0,06;7,37;83,649;131,1881;0
2026-02-07 21:00:00;0,06;5,64;95,859;143,3981;0
2026-02-07 21:15:00;0,07;7,33;93,329;140,8681;0
2026-02-07 21:30:00;0,06;5,47;93,519;141,0581;0
2026-02-07 21:45:00;0,06;8,67;90,719;138,2581;0
2026-02-07 22:00:00;0,06;6,55;93,309;140,8481;0
2026-02-07 22:15:00;0,05;5,75;89,379;136,9181;0
2026-02-07 22:30:00;0,06;7,9;86,859;134,3981;0
2026-02-07 22:45:00;0,06;17,08;82,549;130,0881;0
2026-02-07 23:00:00;0,05;11,67;98,589;146,1281;0
2026-02-07 23:15:00;0,05;11,46;91,879;139,4181;0
2026-02-07 23:30:00;0,06;14,58;86,649;134,1881;0
2026-02-07 23:45:00;0,06;14,42;80,339;127,8781;0
2026-02-08 00:00:00;0,06;12,82;85,379;132,9181;0
2026-02-08 00:15:00;0,06;13,56;87,109;134,6481;0
2026-02-08 00:30:00;0,06;9,11;87,849;135,3881;0
2026-02-08 00:45:00;0,06;11,16;85,109;132,6481;0
2026-02-08 01:00:00;0,06;10,11;86,879;134,4181;0
2026-02-08 01:15:00;0,06;11,09;83,629;131,1681;0
2026-02-08 01:30:00;0,06;12,07;79,329;126,8681;0
2026-02-08 01:45:00;0,06;14,93;77,549;125,0881;0
2026-02-08 02:00:00;0,06;11,99;80,369;127,9081;0
2026-02-08 02:15:00;0,06;10,28;78,609;126,1481;0
2026-02-08 02:30:00;0,06;11,18;77,439;124,9781;0
2026-02-08 02:45:00;0,06;7,28;78,099;125,6381;0
2026-02-08 03:00:00;0,06;3,51;76,429;123,9681;0
2026-02-08 03:15:00;0,06;5,85;76,979;124,5181;0
2026-02-08 03:30:00;0,06;5,06;77,029;124,5681;0
2026-02-08 03:45:00;0,06;5,13;76,279;123,8181;0
2026-02-08 04:00:00;0,06;14,22;79,329;126,8681;0
2026-02-08 04:15:00;0,06;15,89;78,139;125,6781;0
2026-02-08 04:30:00;0,06;15,11;75,879;123,4181;0
2026-02-08 04:45:00;0,06;15,83;77,369;124,9081;0
2026-02-08 05:00:00;0,06;16,39;70,989;118,5281;0
2026-02-08 05:15:00;0,06;17,6;74,159;121,6981;0
2026-02-08 05:30:00;0,06;19,07;77,169;124,7081;0
2026-02-08 05:45:00;0,05;17,91;82,959;130,4981;0
2026-02-08 06:00:00;0,06;9,43;76,549;124,0881;0,000324047
2026-02-08 06:15:00;0,06;9,64;79,279;126,8181;0,005081466
2026-02-08 06:30:00;0,06;7,33;84,099;131,6381;0,01928886
2026-02-08 06:45:00;0,06;6,3;88,169;135,7081;0,041402336
2026-02-08 07:00:00;0,26;10,3;83,809;131,3481;0,07048537
2026-02-08 07:15:00;2,13;7,85;87,379;134,9181;0,1006989
2026-02-08 07:30:00;5,66;2,62;89,639;137,1781;0,12922905
2026-02-08 07:45:00;11,71;-3,36;88,719;136,2581;0,15638617
2026-02-08 08:00:00;18,96;-11,73;89,429;136,9681;0,18950772
2026-02-08 08:15:00;20,19;-14,3;88,139;135,6781;0,21465059
2026-02-08 08:30:00;29,06;-22,9;87,869;135,4081;0,23508967
2026-02-08 08:45:00;37,44;-30,61;78,739;126,2781;0,2496292
2026-02-08 09:00:00;46,5;-31,91;87,949;135,4881;0,2601858
2026-02-08 09:15:00;52,48;-38,73;82,579;130,1181;0,27279377
2026-02-08 09:30:00;61,51;-47,1;78,429;125,9681;0,28411296
2026-02-08 09:45:00;66,28;-52,27;75,709;123,2481;0,293568
2026-02-08 10:00:00;67,98;-54,04;81,199;128,7381;0,29834425
2026-02-08 10:15:00;72,72;-57,14;76,239;123,7781;0,3008676
2026-02-08 10:30:00;74,06;-60,66;75,749;123,2881;0,30107313
2026-02-08 10:45:00;76,94;-63,5;73,399;120,9381;0,2991078
2026-02-08 11:00:00;74,14;-61,55;75,519;123,0581;0,33236152
2026-02-08 11:15:00;73,75;-61,52;73,439;120,9781;0,32621008
2026-02-08 11:30:00;69,1;-56,53;77,849;125,3881;0,32032102
2026-02-08 11:45:00;72,61;-61,26;73,929;121,4681;0,31262058
2026-02-08 12:00:00;59,58;-48,9;76,199;123,7381;0,3229743
2026-02-08 12:15:00;69,54;-57,2;73,429;120,9681;0,30360773
2026-02-08 12:30:00;70,72;-57,98;74,819;122,3581;0,28128174
2026-02-08 12:45:00;67,02;-55,11;70,759;118,2981;0,26029247
2026-02-08 13:00:00;62,26;-53,68;73,399;120,9381;0,22669089
2026-02-08 13:15:00;52,6;-41,34;72,919;120,4581;0,20390722
2026-02-08 13:30:00;52,95;-40,2;74,669;122,2081;0,17911534
2026-02-08 13:45:00;44,15;-35,24;76,749;124,2881;0,15286942
2026-02-08 14:00:00;27,6;-17,7;77,219;124,7581;0,12122768
2026-02-08 14:15:00;33,65;-25,38;82,599;130,1381;0,09845362
2026-02-08 14:30:00;21,76;-10,2;83,789;131,3281;0,07424897
2026-02-08 14:45:00;12,42;-0,99;90,819;138,3581;0,05018645
2026-02-08 15:00:00;11,87;-0,14;76,759;124,2981;0,026311208
2026-02-08 15:15:00;11,34;0,23;85,119;132,6581;0,010584566
2026-02-08 15:30:00;8,51;4,29;91,569;139,1081;0,001699801
2026-02-08 15:45:00;3,95;7,91;104,169;151,7081;2,55E-07
2026-02-08 16:00:00;3,93;12,97;96,049;143,5881;0
2026-02-08 16:15:00;1,72;12,97;105,729;153,2681;0
2026-02-08 16:30:00;0,53;15,08;111,309;158,8481;0
2026-02-08 16:45:00;0,05;14,09;115,969;163,5081;0
2026-02-08 17:00:00;0,06;13,91;115,359;162,8981;0
2026-02-08 17:15:00;0,07;13,95;118,159;165,6981;0
2026-02-08 17:30:00;0,06;15,06;123,299;170,8381;0
2026-02-08 17:45:00;0,06;11,64;120,589;168,1281;0
2026-02-08 18:00:00;0,07;7,49;123,709;171,2481;0
2026-02-08 18:15:00;0,06;6,22;120,309;167,8481;0
2026-02-08 18:30:00;0,06;6,1;115,839;163,3781;0
2026-02-08 18:45:00;0,06;5,98;110,759;158,2981;0
2026-02-08 19:00:00;0,06;6,75;112,569;160,1081;0
2026-02-08 19:15:00;0,06;8,87;104,339;151,8781;0
2026-02-08 19:30:00;0,05;5,4;100,089;147,6281;0
2026-02-08 19:45:00;0,06;5,91;92,699;140,2381;0
2026-02-08 20:00:00;0,06;4,96;99,509;147,0481;0
2026-02-08 20:15:00;0,06;4,92;95,339;142,8781;0
2026-02-08 20:30:00;0,06;6,3;90,569;138,1081;0
2026-02-08 20:45:00;0,06;6,55;88,979;136,5181;0
2026-02-08 21:00:00;0,06;7,52;93,839;141,3781;0
2026-02-08 21:15:00;0,06;6,73;92,139;139,6781;0
2026-02-08 21:30:00;0,06;3,76;94,889;142,4281;0
2026-02-08 21:45:00;0,06;6,79;91,769;139,3081;0
2026-02-08 22:00:00;0,06;8,01;91,929;139,4681;0
2026-02-08 22:15:00;0,06;8,44;92,459;139,9981;0
2026-02-08 22:30:00;0,06;4,73;91,029;138,5681;0
2026-02-08 22:45:00;0,06;13,35;83,599;131,1381;0
2026-02-08 23:00:00;0,06;12,42;90,629;138,1681;0
2026-02-08 23:15:00;0,06;13,41;88,149;135,6881;0
2026-02-08 23:30:00;0,06;11,54;80,019;127,5581;0
2026-02-08 23:45:00;0,05;10,77;75,479;123,0181;0
2026-02-09 00:00:00;0,06;9,11;85,189;132,7281;0
2026-02-09 00:15:00;0,06;13,14;81,679;129,2181;0
2026-02-09 00:30:00;0,06;14,45;81,799;129,3381;0
2026-02-09 00:45:00;0,05;13,5;78,249;125,7881;0
2026-02-09 01:00:00;0,06;13,88;83,719;131,2581;0
2026-02-09 01:15:00;0,04;13,67;80,139;127,6781;0
2026-02-09 01:30:00;0,06;14,28;79,789;127,3281;0
2026-02-09 01:45:00;0,05;13,17;72,949;120,4881;0
2026-02-09 02:00:00;0,05;13,23;76,899;124,4381;0
2026-02-09 02:15:00;0,05;14,27;76,129;123,6681;0
2026-02-09 02:30:00;0,05;12,03;75,899;123,4381;0
2026-02-09 02:45:00;0,04;8,44;74,119;121,6581;0
2026-02-09 03:00:00;0,05;5,38;73,449;120,9881;0
2026-02-09 03:15:00;0,06;5,21;74,399;121,9381;0
2026-02-09 03:30:00;0,04;6,51;74,629;122,1681;0
2026-02-09 03:45:00;0,05;7,71;80,609;128,1481;0
2026-02-09 04:00:00;0,06;7,67;79,389;126,9281;0
2026-02-09 04:15:00;0,06;8,34;83,439;130,9781;0
2026-02-09 04:30:00;0,05;7,54;88,329;135,8681;0
2026-02-09 04:45:00;0,06;9,02;98,359;145,8981;0
2026-02-09 05:00:00;0,05;15,32;88,669;136,2081;0
2026-02-09 05:15:00;0,05;15,98;102,469;150,0081;0
2026-02-09 05:30:00;0,05;11,55;116,389;163,9281;0
2026-02-09 05:45:00;0,05;10,88;141,479;189,0181;0
2026-02-09 06:00:00;0,05;13,12;114,779;162,3181;0,00066484
2026-02-09 06:15:00;0,06;11,28;137,539;185,0781;0,007243619
2026-02-09 06:30:00;0,05;8,31;143,849;191,3881;0,024170985
2026-02-09 06:45:00;0,05;7,79;149,119;196,6581;0,04866389
2026-02-09 07:00:00;0,06;1,66;161,039;208,5781;0,07303779
2026-02-09 07:15:00;0,36;6,81;143,879;191,4181;0,09873822
2026-02-09 07:30:00;1,3;5,29;153,439;200,9781;0,12313354
2026-02-09 07:45:00;2,44;4,85;135,729;183,2681;0,14712736
2026-02-09 08:00:00;3,2;0;171,839;219,3781;0,1931823
2026-02-09 08:15:00;3,79;3,84;159,009;206,5481;0,21664485
2026-02-09 08:30:00;5,34;3,95;135,339;182,8781;0,23952398
2026-02-09 08:45:00;5,92;4,56;129,999;177,5381;0,26029977
2026-02-09 09:00:00;6,91;10,19;142,909;190,4481;0,30775174
2026-02-09 09:15:00;7,19;8,06;138,009;185,5481;0,32472345
2026-02-09 09:30:00;7,85;5,64;130,099;177,6381;0,3395634
2026-02-09 09:45:00;9,14;2,34;120,479;168,0181;0,35318613
2026-02-09 10:00:00;10,19;1,52;126,939;174,4781;0,41209558
2026-02-09 10:15:00;11,68;2,29;123,459;170,9981;0,41991043
2026-02-09 10:30:00;11,43;2,71;121,559;169,0981;0,42414665
2026-02-09 10:45:00;14,64;0;114,699;162,2381;0,42551723
2026-02-09 11:00:00;14,93;-0,72;125,609;173,1481;0,4535809
2026-02-09 11:15:00;15,85;-2,46;117,229;164,7681;0,4481102
2026-02-09 11:30:00;23,78;-10,36;115,299;162,8381;0,44339466
2026-02-09 11:45:00;19,75;-6,29;106,639;154,1781;0,43050367
2026-02-09 12:00:00;18,63;-5,94;116,479;164,0181;0,41770747
2026-02-09 12:15:00;18,33;-7,76;112,749;160,2881;0,3984157
2026-02-09 12:30:00;27,29;-12,99;108,709;156,2481;0,3766767
2026-02-09 12:45:00;27,04;-14,31;102,909;150,4481;0,3513622
2026-02-09 13:00:00;21,79;-10,48;101,699;149,2381;0,3100962
2026-02-09 13:15:00;19,81;-8,67;109,529;157,0681;0,27990088
2026-02-09 13:30:00;17,14;-5,75;115,289;162,8281;0,24710082
2026-02-09 13:45:00;20,81;-10,61;123,039;170,5781;0,21207257
2026-02-09 14:00:00;14,23;-3,2;103,619;151,1581;0,1732808
2026-02-09 14:15:00;10,71;1,43;113,419;160,9581;0,14195885
2026-02-09 14:30:00;9,84;1,97;125,819;173,3581;0,10888594
2026-02-09 14:45:00;9,28;2,65;137,889;185,4281;0,07546108
2026-02-09 15:00:00;7,32;6,24;108,579;156,1181;0,042644035
2026-02-09 15:15:00;7,22;6,6;129,009;176,5481;0,016677445
2026-02-09 15:30:00;6,56;7,49;146,199;193,7381;0,003417028
2026-02-09 15:45:00;6,34;9,02;154,169;201,7081;1,62E-05
2026-02-09 16:00:00;7,31;8,27;117,039;164,5781;0
2026-02-09 16:15:00;3,18;12,04;135,829;183,3681;0
2026-02-09 16:30:00;1,04;14,12;139,799;187,3381;0
2026-02-09 16:45:00;0,09;10,5;161,569;209,1081;0
2026-02-09 17:00:00;0,05;16,75;159,569;207,1081;0
2026-02-09 17:15:00;0,06;20,45;153,209;200,7481;0
2026-02-09 17:30:00;0,06;15,49;152,109;199,6481;0
2026-02-09 17:45:00;0,05;7,99;161,469;209,0081;0
2026-02-09 18:00:00;0,06;6,35;170,639;218,1781;0
2026-02-09 18:15:00;0,05;12,64;147,669;195,2081;0
2026-02-09 18:30:00;0,06;9,41;135,999;183,5381;0
2026-02-09 18:45:00;0,06;10,25;121,899;169,4381;0
2026-02-09 19:00:00;0,05;11,36;136,349;183,8881;0
2026-02-09 19:15:00;0,06;9,28;124,519;172,0581;0
2026-02-09 19:30:00;0,06;10,85;117,849;165,3881;0
2026-02-09 19:45:00;0,06;9,63;107,149;154,6881;0
2026-02-09 20:00:00;0,06;7,82;123,659;171,1981;0
2026-02-09 20:15:00;0,06;8,14;118,399;165,9381;0
2026-02-09 20:30:00;0,06;8,1;105,039;152,5781;0
2026-02-09 20:45:00;0,04;7,56;88,279;135,8181;0
2026-02-09 21:00:00;0,06;7,92;102,829;150,3681;0
2026-02-09 21:15:00;0,06;8,91;95,929;143,4681;0
2026-02-09 21:30:00;0,06;6,48;104,849;152,3881;0
2026-02-09 21:45:00;0,06;8,15;94,689;142,2281;0
2026-02-09 22:00:00;0,06;9,36;96,219;143,7581;0
2026-02-09 22:15:00;0,04;8,09;83,099;130,6381;0
2026-02-09 22:30:00;0,06;8,08;88,879;136,4181;0
2026-02-09 22:45:00;0,05;15,74;76,139;123,6781;0
2026-02-09 23:00:00;0,05;13,76;92,579;140,1181;0
2026-02-09 23:15:00;0,05;11,71;79,879;127,4181;0
2026-02-09 23:30:00;0,05;11,31;74,019;121,5581;0
2026-02-09 23:45:00;0,05;11,48;69,589;117,1281;0
2026-02-10 00:00:00;0,05;10,39;81,569;129,1081;0
2026-02-10 00:15:00;0,05;10,58;74,589;122,1281;0
2026-02-10 00:30:00;0,05;11,91;79,489;127,0281;0
2026-02-10 00:45:00;0,04;10,86;74,319;121,8581;0
2026-02-10 01:00:00;0,04;10,36;81,819;129,3581;0
2026-02-10 01:15:00;0,04;11,48;74,899;122,4381;0
2026-02-10 01:30:00;0,05;12,42;74,509;122,0481;0
2026-02-10 01:45:00;0,05;13,09;75,329;122,8681;0
2026-02-10 02:00:00;0,04;12,19;73,749;121,2881;0
2026-02-10 02:15:00;0,05;11,3;73,249;120,7881;0
2026-02-10 02:30:00;0,04;10,36;72,359;119,8981;0
2026-02-10 02:45:00;0,05;7,14;73,649;121,1881;0
2026-02-10 03:00:00;0,05;4,81;70,049;117,5881;0
2026-02-10 03:15:00;0,06;5,74;68,579;116,1181;0
2026-02-10 03:30:00;0,07;5,61;74,119;121,6581;0
2026-02-10 03:45:00;0,05;6,91;79,429;126,9681;0
2026-02-10 04:00:00;0,06;11,63;80,359;127,8981;0
2026-02-10 04:15:00;0,04;17,36;78,509;126,0481;0
2026-02-10 04:30:00;0,06;16,74;83,529;131,0681;0
2026-02-10 04:45:00;0,06;16,81;89,639;137,1781;0
2026-02-10 05:00:00;0,05;16,17;80,679;128,2181;0
2026-02-10 05:15:00;0,05;17,15;90,749;138,2881;0
2026-02-10 05:30:00;0,05;14,13;105,269;152,8081;0
2026-02-10 05:45:00;0,05;10,75;117,019;164,5581;0
2026-02-10 06:00:00;0,06;14,81;102,809;150,3481;0,00054141
2026-02-10 06:15:00;0,06;5,35;110,079;157,6181;0,003852179
2026-02-10 06:30:00;0,05;10,25;120,159;167,6981;0,011524914
2026-02-10 06:45:00;0,05;12,08;126,689;174,2281;0,02272255
2026-02-10 07:00:00;0,06;10,92;127,139;174,6781;0,03723529
2026-02-10 07:15:00;0,1;9,82;124,269;171,8081;0,05139177
2026-02-10 07:30:00;0,53;8,7;124,969;172,5081;0,065498
2026-02-10 07:45:00;0,57;8,34;121,859;169,3981;0,07950308
2026-02-10 08:00:00;1,41;7,78;132,409;179,9481;0,07940685
2026-02-10 08:15:00;3,21;6,46;119,299;166,8381;0,09452561
2026-02-10 08:30:00;4,27;9,05;113,019;160,5581;0,109560885
2026-02-10 08:45:00;5,01;4,51;104,459;151,9981;0,12370223
2026-02-10 09:00:00;5,92;12,18;124,139;171,6781;0,12818645
2026-02-10 09:15:00;9;7,95;114,289;161,8281;0,14342777
2026-02-10 09:30:00;9,98;5,8;105,869;153,4081;0,15750656
2026-02-10 09:45:00;11,83;3,51;92,799;140,3381;0,17039694
2026-02-10 10:00:00;9,06;4,82;110,499;158,0381;0,12331791
2026-02-10 10:15:00;11,08;1,84;103,419;150,9581;0,13036934
2026-02-10 10:30:00;16,08;-3,06;97,469;145,0081;0,1376847
2026-02-10 10:45:00;13,94;-0,3;90,899;138,4381;0,14479409
2026-02-10 11:00:00;15,69;-0,73;98,059;145,5981;0,15030697
2026-02-10 11:15:00;18,57;-3,6;89,359;136,8981;0,15737343
2026-02-10 11:30:00;11,08;3,09;92,609;140,1481;0,16451938
2026-02-10 11:45:00;13,51;0,28;86,559;134,0981;0,16952358
2026-02-10 12:00:00;10,85;2,06;87,229;134,7681;0,16743699
2026-02-10 12:15:00;16,5;-0,75;81,369;128,9081;0,1681922
2026-02-10 12:30:00;15,55;-1,36;92,669;140,2081;0,16536537
2026-02-10 12:45:00;14,42;-1,03;89,459;136,9981;0,15826474
2026-02-10 13:00:00;23,79;-9,82;90,869;138,4081;0,12559186
2026-02-10 13:15:00;16,01;-2,77;92,469;140,0081;0,11838436
2026-02-10 13:30:00;7,6;7,79;94,889;142,4281;0,10862284
2026-02-10 13:45:00;9,54;5,9;97,519;145,0581;0,09696642
2026-02-10 14:00:00;5,97;11,44;95,529;143,0681;0,067848705
2026-02-10 14:15:00;18,26;-2,46;98,789;146,3281;0,054875273
2026-02-10 14:30:00;14,09;-0,67;109,869;157,4081;0,040890254
2026-02-10 14:45:00;14,43;0,17;109,019;156,5581;0,027427351
2026-02-10 15:00:00;12,46;4,27;99,309;146,8481;0,018696107
2026-02-10 15:15:00;8,05;6,23;101,379;148,9181;0,008289801
2026-02-10 15:30:00;3,2;11,47;99,199;146,7381;0,002038214
2026-02-10 15:45:00;7,7;4,34;105,119;152,6581;4,75E-05
2026-02-10 16:00:00;4,17;10,98;105,779;153,3181;0
2026-02-10 16:15:00;2,43;15,27;103,619;151,1581;0
2026-02-10 16:30:00;0,35;17,95;112,999;160,5381;0
2026-02-10 16:45:00;0,06;18,31;117,629;165,1681;0
2026-02-10 17:00:00;0,06;17,9;119,819;167,3581;0
2026-02-10 17:15:00;0,05;16,58;113,519;161,0581;0
2026-02-10 17:30:00;0,06;19,56;110,289;157,8281;0
2026-02-10 17:45:00;0,04;21,9;106,569;154,1081;0
2026-02-10 18:00:00;0,05;15,62;114,329;161,8681;0
2026-02-10 18:15:00;0,06;11,5;106,219;153,7581;0
2026-02-10 18:30:00;0,06;10,36;101,069;148,6081;0
2026-02-10 18:45:00;0,06;10,89;91,289;138,8281;0
2026-02-10 19:00:00;0,06;11,67;99,879;147,4181;0
2026-02-10 19:15:00;0,06;12,73;91,129;138,6681;0
2026-02-10 19:30:00;0,06;12,66;79,879;127,4181;0
2026-02-10 19:45:00;0,06;10,55;78,849;126,3881;0
2026-02-10 20:00:00;0,06;10,78;82,379;129,9181;0
2026-02-10 20:15:00;0,06;10,46;79,279;126,8181;0
2026-02-10 20:30:00;0,06;10,96;75,509;123,0481;0
2026-02-10 20:45:00;0,06;11,07;71,579;119,1181;0
2026-02-10 21:00:00;0,06;11,18;79,309;126,8481;0
2026-02-10 21:15:00;0,06;11,88;74,779;122,3181;0
2026-02-10 21:30:00;0,06;11,08;81,009;128,5481;0
2026-02-10 21:45:00;0,06;10,34;75,749;123,2881;0
2026-02-10 22:00:00;0,06;11,13;77,429;124,9681;0
2026-02-10 22:15:00;0,06;10,14;73,339;120,8781;0
2026-02-10 22:30:00;0,04;9,45;72,409;119,9481;0
2026-02-10 22:45:00;0,05;15,83;61,789;109,3281;0
2026-02-10 23:00:00;0,05;17,55;69,999;117,5381;0
2026-02-10 23:15:00;0,05;13,44;68,189;115,7281;0
2026-02-10 23:30:00;0,05;13,32;70,749;118,2881;0
2026-02-10 23:45:00;0,06;13,94;70,649;118,1881;0
2026-02-11 00:00:00;0,04;12,67;70,539;118,0781;0
2026-02-11 00:15:00;0,06;13,55;73,659;121,1981;0
2026-02-11 00:30:00;0,06;13,68;69,239;116,7781;0
2026-02-11 00:45:00;0,05;13,74;66,159;113,6981;0
2026-02-11 01:00:00;0,06;13,92;77,069;124,6081;0
2026-02-11 01:15:00;0,05;13,13;65,749;113,2881;0
2026-02-11 01:30:00;0,04;14,17;63,469;111,0081;0
2026-02-11 01:45:00;0,06;15,22;63,479;111,0181;0
2026-02-11 02:00:00;0,04;13,97;63,119;110,6581;0
2026-02-11 02:15:00;0,05;13,99;63,119;110,6581;0
2026-02-11 02:30:00;0,05;14,32;63,119;110,6581;0
2026-02-11 02:45:00;0,05;9,31;62,539;110,0781;0
2026-02-11 03:00:00;0,06;6,75;63,099;110,6381;0
2026-02-11 03:15:00;0,09;7,22;63,019;110,5581;0
2026-02-11 03:30:00;0,06;7,67;63,099;110,6381;0
2026-02-11 03:45:00;0,05;6,4;63,099;110,6381;0
2026-02-11 04:00:00;0,07;12,43;63,419;110,9581;0
2026-02-11 04:15:00;0,05;18,2;64,349;111,8881;0
2026-02-11 04:30:00;0,05;18,97;67,879;115,4181;0
2026-02-11 04:45:00;0,07;17,87;71,239;118,7781;0
2026-02-11 05:00:00;0,06;18,31;68,129;115,6681;0
2026-02-11 05:15:00;0,06;17,81;74,269;121,8081;0
2026-02-11 05:30:00;0,06;18,04;79,969;127,5081;0
2026-02-11 05:45:00;0,06;14,43;87,859;135,3981;0
2026-02-11 06:00:00;0,06;13,76;78,539;126,0781;0,000362215
2026-02-11 06:15:00;0,06;12,76;94,699;142,2381;0,002000896
2026-02-11 06:30:00;0,05;12,76;100,429;147,9681;0,004917402
2026-02-11 06:45:00;0,05;10,62;93,989;141,5281;0,008569814
2026-02-11 07:00:00;0,06;10,45;98,439;145,9781;0,01191722
2026-02-11 07:15:00;0,07;10,75;97,689;145,2281;0,016272217
2026-02-11 07:30:00;0,16;11,17;102,869;150,4081;0,020515937
2026-02-11 07:45:00;0,66;9,18;100,499;148,0381;0,02472387
2026-02-11 08:00:00;0,73;9,09;111,369;158,9081;0,03188129
2026-02-11 08:15:00;1,06;9;103,009;150,5481;0,037336875
2026-02-11 08:30:00;2,43;8,56;104,999;152,5381;0,043930445
2026-02-11 08:45:00;2,67;5,9;96,419;143,9581;0,052789792
2026-02-11 09:00:00;3,56;14,41;102,319;149,8581;0,07754953
2026-02-11 09:15:00;2,79;15,89;100,689;148,2281;0,08592511
2026-02-11 09:30:00;10,55;10,37;87,189;134,7281;0,094144605
2026-02-11 09:45:00;11,94;7,28;84,889;132,4281;0,100180954
2026-02-11 10:00:00;11,95;4,76;91,009;138,5481;0,11214001
2026-02-11 10:15:00;14,43;5;89,609;137,1481;0,11402759
2026-02-11 10:30:00;14,24;4,05;83,939;131,4781;0,11078635
2026-02-11 10:45:00;15,04;1,97;80,449;127,9881;0,10514163
2026-02-11 11:00:00;17,47;1,28;81,709;129,2481;0,10780362
2026-02-11 11:15:00;15,91;4,24;78,809;126,3481;0,100427315
2026-02-11 11:30:00;13,61;5,66;77,129;124,6681;0,09331639
2026-02-11 11:45:00;10,55;8,19;77,049;124,5881;0,08482393
2026-02-11 12:00:00;14,29;1,41;81,449;128,9881;0,09654189
2026-02-11 12:15:00;12,37;4,2;80,629;128,1681;0,09431666
2026-02-11 12:30:00;16,59;-0,8;79,079;126,6181;0,08959546
2026-02-11 12:45:00;24,02;-8,76;77,229;124,7681;0,08238695
2026-02-11 13:00:00;13,96;2,16;77,619;125,1581;0,07922452
2026-02-11 13:15:00;12,71;5,48;79,429;126,9681;0,071846165
2026-02-11 13:30:00;20,19;-4,69;79,959;127,4981;0,0642535
2026-02-11 13:45:00;8,63;7,2;81,289;128,8281;0,055511206
2026-02-11 14:00:00;9,02;6,97;79,399;126,9381;0,04711311
2026-02-11 14:15:00;9,97;6,07;79,529;127,0681;0,038914267
2026-02-11 14:30:00;9,74;7,05;83,789;131,3281;0,029765127
2026-02-11 14:45:00;4,42;9,38;85,839;133,3781;0,020138761
2026-02-11 15:00:00;7,86;8,18;81,759;129,2981;0,01159785
2026-02-11 15:15:00;4,04;10,91;86,429;133,9681;0,005956273
2026-02-11 15:30:00;0,35;13,03;94,219;141,7581;0,001778262
2026-02-11 15:45:00;1,19;10,1;91,539;139,0781;9,89E-05
2026-02-11 16:00:00;0,51;17,38;84,809;132,3481;0
2026-02-11 16:15:00;0,07;17,57;96,119;143,6581;0
2026-02-11 16:30:00;0,06;17;94,409;141,9481;0
2026-02-11 16:45:00;0,05;18,02;93,819;141,3581;0
2026-02-11 17:00:00;0,06;18,35;99,009;146,5481;0
2026-02-11 17:15:00;0,06;19,38;91,119;138,6581;0
2026-02-11 17:30:00;0,06;13,97;96,449;143,9881;0
2026-02-11 17:45:00;0,06;14,43;101,249;148,7881;0
2026-02-11 18:00:00;0,06;8,65;100,609;148,1481;0
2026-02-11 18:15:00;0,06;12,25;92,129;139,6681;0
2026-02-11 18:30:00;0,06;17,91;85,429;132,9681;0
2026-02-11 18:45:00;0,06;17,97;80,229;127,7681;0
2026-02-11 19:00:00;0,05;17,11;82,839;130,3781;0
2026-02-11 19:15:00;0,06;12,94;80,699;128,2381;0
2026-02-11 19:30:00;0,06;14,19;77,059;124,5981;0
2026-02-11 19:45:00;0,06;14,52;73,229;120,7681;0
2026-02-11 20:00:00;0,06;14,93;76,269;123,8081;0
2026-02-11 20:15:00;0,06;14,46;74,419;121,9581;0
2026-02-11 20:30:00;0,06;14,15;72,309;119,8481;0
2026-02-11 20:45:00;0,05;13,18;67,209;114,7481;0
2026-02-11 21:00:00;0,06;14,08;75,159;122,6981;0
2026-02-11 21:15:00;0,06;12,78;70,649;118,1881;0
2026-02-11 21:30:00;0,06;11,48;72,599;120,1381;0
2026-02-11 21:45:00;0,05;11,84;67,199;114,7381;0
2026-02-11 22:00:00;0,06;12,84;74,429;121,9681;0
2026-02-11 22:15:00;0,05;11,96;69,219;116,7581;0
2026-02-11 22:30:00;0,05;12,02;69,659;117,1981;0
2026-02-11 22:45:00;0,05;19,53;62,789;110,3281;0
2026-02-11 23:00:00;0,06;20,33;69,659;117,1981;0
2026-02-11 23:15:00;0,06;15,24;65,079;112,6181;0
2026-02-11 23:30:00;0,05;15,83;66,409;113,9481;0
2026-02-11 23:45:00;0,05;14,66;62,339;109,8781;0
2026-02-12 00:00:00;0,05;15,06;64,549;112,0881;0
2026-02-12 00:15:00;0,06;15,6;61,829;109,3681;0
2026-02-12 00:30:00;0,06;20,75;65,909;113,4481;0
2026-02-12 00:45:00;0,05;21,77;63,889;111,4281;0
2026-02-12 01:00:00;0,05;19,83;61,189;108,7281;0
2026-02-12 01:15:00;0,06;19,37;63,479;111,0181;0
2026-02-12 01:30:00;0,05;19;63,089;110,6281;0
2026-02-12 01:45:00;0,05;18,97;61,429;108,9681;0
2026-02-12 02:00:00;0,05;19,76;59,649;107,1881;0
2026-02-12 02:15:00;0,06;18,76;58,669;106,2081;0
2026-02-12 02:30:00;0,07;17,54;59,619;107,1581;0
2026-02-12 02:45:00;0,06;13,37;60,429;107,9681;0
2026-02-12 03:00:00;0,05;12,41;59,969;107,5081;0
2026-02-12 03:15:00;0,05;11,99;60,569;108,1081;0
2026-02-12 03:30:00;0,05;11,01;60,899;108,4381;0
2026-02-12 03:45:00;0,05;11,31;61,789;109,3281;0
2026-02-12 04:00:00;0,05;10,1;60,239;107,7781;0
2026-02-12 04:15:00;0,05;13,92;60,659;108,1981;0
2026-02-12 04:30:00;0,06;13,45;63,299;110,8381;0
2026-02-12 04:45:00;0,05;13,81;65,959;113,4981;0
2026-02-12 05:00:00;0,05;18,16;63,999;111,5381;0
2026-02-12 05:15:00;0,06;21,57;70,359;117,8981;0
2026-02-12 05:30:00;0,06;20,22;78,839;126,3781;0
2026-02-12 05:45:00;0,06;17,22;82,639;130,1781;1,70E-07
2026-02-12 06:00:00;0,06;17,05;73,849;121,3881;0,00030815
2026-02-12 06:15:00;0,06;14,92;85,319;132,8581;0,001498674
2026-02-12 06:30:00;0,07;14,44;98,499;146,0381;0,003477638
2026-02-12 06:45:00;0,06;8,24;99,499;147,0381;0,005873986
2026-02-12 07:00:00;0,06;10,04;95,119;142,6581;0,007894944
2026-02-12 07:15:00;0,54;9,49;94,519;142,0581;0,010543168
2026-02-12 07:30:00;1,88;10,56;96,829;144,3681;0,013401954
2026-02-12 07:45:00;4,71;12,22;96,609;144,1481;0,016514488
2026-02-12 08:00:00;6,31;11,18;107,419;154,9581;0,031138841
2026-02-12 08:15:00;5,08;11,89;102,099;149,6381;0,03504925
2026-02-12 08:30:00;5,52;8,3;94,719;142,2581;0,038271528
2026-02-12 08:45:00;4,49;8,25;87,329;134,8681;0,04086467
2026-02-12 09:00:00;7,31;13,92;100,529;148,0681;0,046791017
2026-02-12 09:15:00;10,35;10,86;95,039;142,5781;0,04938577
2026-02-12 09:30:00;13,41;5,38;92,769;140,3081;0,051833466
2026-02-12 09:45:00;15,15;5,16;90,459;137,9981;0,05341238
2026-02-12 10:00:00;6,37;11,3;91,219;138,7581;0,05609062
2026-02-12 10:15:00;5,28;12,1;89,429;136,9681;0,057115205
2026-02-12 10:30:00;6,58;11,7;84,659;132,1981;0,057580788
2026-02-12 10:45:00;14,29;3,27;80,319;127,8581;0,058866773
2026-02-12 11:00:00;11,15;6,79;82,109;129,6481;0,070289515
2026-02-12 11:15:00;17,64;1;77,989;125,5281;0,070360325
2026-02-12 11:30:00;26,93;-9,27;81,299;128,8381;0,07118438
2026-02-12 11:45:00;34,29;-16,64;77,269;124,8081;0,07000474
2026-02-12 12:00:00;20,3;-2,74;78,199;125,7381;0,07974969
2026-02-12 12:15:00;7,87;8,66;77,409;124,9481;0,07902262
2026-02-12 12:30:00;14,08;1,52;76,199;123,7381;0,07701629
2026-02-12 12:45:00;8,47;8,13;75,059;122,5981;0,07441737
2026-02-12 13:00:00;8,66;7,76;77,099;124,6381;0,07139477
2026-02-12 13:15:00;9,97;7,41;77,469;125,0081;0,06991191
2026-02-12 13:30:00;6,15;10,5;75,749;123,2881;0,06622745
2026-02-12 13:45:00;4,78;10,99;79,409;126,9481;0,05869234
2026-02-12 14:00:00;6,77;8,67;74,109;121,6481;0,04674596
2026-02-12 14:15:00;3,08;13,99;73,489;121,0281;0,039988667
2026-02-12 14:30:00;1,7;14,75;78,979;126,5181;0,031859107
2026-02-12 14:45:00;1,26;14,98;84,099;131,6381;0,022566903
2026-02-12 15:00:00;3,46;15,69;78,069;125,6081;0,013653999
2026-02-12 15:15:00;6,14;9,77;80,969;128,5081;0,007654373
2026-02-12 15:30:00;5,19;9,29;86,739;134,2781;0,002618387
2026-02-12 15:45:00;6,59;5,98;93,839;141,3781;0,000245075
2026-02-12 16:00:00;3,09;19,8;80,709;128,2481;0
2026-02-12 16:15:00;1,37;19,5;90,049;137,5881;0
2026-02-12 16:30:00;0,57;19,73;101,539;149,0781;0
2026-02-12 16:45:00;0,06;19,12;100,749;148,2881;0
2026-02-12 17:00:00;0,07;18,6;101,699;149,2381;0
2026-02-12 17:15:00;0,05;20,69;97,399;144,9381;0
2026-02-12 17:30:00;0,06;19,92;100,999;148,5381;0
2026-02-12 17:45:00;0,06;15,36;93,689;141,2281;0
2026-02-12 18:00:00;0,06;15,99;101,419;148,9581;0
2026-02-12 18:15:00;0,05;14,23;94,529;142,0681;0
2026-02-12 18:30:00;0,06;14,76;89,099;136,6381;0
2026-02-12 18:45:00;0,06;16,71;83,869;131,4081;0
2026-02-12 19:00:00;0,05;12,91;95,219;142,7581;0
2026-02-12 19:15:00;0,06;14,69;81,269;128,8081;0
2026-02-12 19:30:00;0,06;13,87;77,949;125,4881;0
2026-02-12 19:45:00;0,06;12,07;75,089;122,6281;0
2026-02-12 20:00:00;0,06;12,16;80,349;127,8881;0
2026-02-12 20:15:00;0,06;12,19;77,689;125,2281;0
2026-02-12 20:30:00;0,04;11,96;73,709;121,2481;0
2026-02-12 20:45:00;0,06;12,78;68,239;115,7781;0
2026-02-12 21:00:00;0,05;12,4;77,199;124,7381;0
2026-02-12 21:15:00;0,05;11,77;71,149;118,6881;0
2026-02-12 21:30:00;0,06;11,13;70,719;118,2581;0
2026-02-12 21:45:00;0,05;11,59;69,569;117,1081;0
2026-02-12 22:00:00;0,05;11,73;69,219;116,7581;0
2026-02-12 22:15:00;0,05;12,22;65,099;112,6381;0
2026-02-12 22:30:00;0,04;11,84;60,699;108,2381;0
2026-02-12 22:45:00;0,05;17,01;55,409;102,9481;0
2026-02-12 23:00:00;0,05;15,69;71,189;118,7281;0
2026-02-12 23:15:00;0,05;14,57;65,199;112,7381;0
2026-02-12 23:30:00;0,05;13,57;57,689;105,2281;0
2026-02-12 23:45:00;0,06;14,1;56,209;103,7481;0
2026-02-13 00:00:00;0,06;14,08;60,029;107,5681;0
2026-02-13 00:15:00;0,05;14,41;59,249;106,7881;0
2026-02-13 00:30:00;0,06;14,32;58,379;105,9181;0
2026-02-13 00:45:00;0,05;14,58;58,599;106,1381;0
2026-02-13 01:00:00;0,05;14,21;58,119;105,6581;0
2026-02-13 01:15:00;0,07;16,94;59,199;106,7381;0
2026-02-13 01:30:00;0,05;16,25;58,589;106,1281;0
2026-02-13 01:45:00;0,05;14,16;56,629;104,1681;0
2026-02-13 02:00:00;0,05;14,17;56,029;103,5681;0
2026-02-13 02:15:00;0,06;14,52;57,289;104,8281;0
2026-02-13 02:30:00;0,05;15,64;57,729;105,2681;0
2026-02-13 02:45:00;0,05;10,98;56,799;104,3381;0
2026-02-13 03:00:00;0,05;8,42;55,619;103,1581;0
2026-02-13 03:15:00;0,06;8,7;57,909;105,4481;0
2026-02-13 03:30:00;0,04;8,27;58,849;106,3881;0
2026-02-13 03:45:00;0,06;9,33;59,799;107,3381;0
2026-02-13 04:00:00;0,06;18,21;60,099;107,6381;0
2026-02-13 04:15:00;0,06;19,75;60,879;108,4181;0
2026-02-13 04:30:00;0,05;18,95;65,449;112,9881;0
2026-02-13 04:45:00;0,05;19,93;69,189;116,7281;0
2026-02-13 05:00:00;0,06;19,81;62,059;109,5981;0
2026-02-13 05:15:00;0,07;19,78;71,939;119,4781;0
2026-02-13 05:30:00;0,06;18,13;79,919;127,4581;0
2026-02-13 05:45:00;0,06;14,02;94,419;141,9581;1,96E-06
2026-02-13 06:00:00;0,06;15,63;78,459;125,9981;0,000856106
2026-02-13 06:15:00;0,06;9,35;99,909;147,4481;0,004186086
2026-02-13 06:30:00;0,06;10,27;102,149;149,6881;0,010015104
2026-02-13 06:45:00;0,06;9,56;108,519;156,0581;0,01806476
2026-02-13 07:00:00;0,72;8,03;100,739;148,2781;0,023595657
2026-02-13 07:15:00;1,08;7,63;106,699;154,2381;0,032691155
2026-02-13 07:30:00;1,16;8,72;109,179;156,7181;0,041624885
2026-02-13 07:45:00;1,41;9,63;111,189;158,7281;0,051233653
2026-02-13 08:00:00;2,13;13,5;119,019;166,5581;0,059643485
2026-02-13 08:15:00;2,3;14,87;108,629;156,1681;0,07412324
2026-02-13 08:30:00;2,67;12,74;100,279;147,8181;0,08664708
2026-02-13 08:45:00;2,64;17,6;92,529;140,0681;0,09673622
2026-02-13 09:00:00;5,59;20,01;101,599;149,1381;0,100117624
2026-02-13 09:15:00;6,28;14,75;94,439;141,9781;0,111072905
2026-02-13 09:30:00;5,4;17,57;88,469;136,0081;0,12227165
2026-02-13 09:45:00;6,25;17,49;84,459;131,9981;0,13211215
2026-02-13 10:00:00;7;19,83;89,239;136,7781;0,1421593
2026-02-13 10:15:00;13,47;12,97;86,659;134,1981;0,15007533
2026-02-13 10:30:00;17;8,5;86,239;133,7781;0,15386425
2026-02-13 10:45:00;15,07;10,02;86,249;133,7881;0,15628287
2026-02-13 11:00:00;12,74;10,48;85,609;133,1481;0,15210648
2026-02-13 11:15:00;8,71;14,01;83,199;130,7381;0,15559986
2026-02-13 11:30:00;12,6;11,56;83,929;131,4681;0,15894572
2026-02-13 11:45:00;21,16;2,72;80,789;128,3281;0,1603451
2026-02-13 12:00:00;27,27;-4,47;82,219;129,7581;0,18184797
2026-02-13 12:15:00;18,59;5,44;81,339;128,8781;0,1850112
2026-02-13 12:30:00;17,09;8,92;80,989;128,5281;0,18026735
2026-02-13 12:45:00;21,17;5,08;79,879;127,4181;0,16780822
2026-02-13 13:00:00;28,19;-4,21;83,749;131,2881;0,12661432
2026-02-13 13:15:00;20,46;3,22;83,959;131,4981;0,12029116
2026-02-13 13:30:00;17,37;2,86;86,949;134,4881;0,11150033
2026-02-13 13:45:00;18,48;0,72;89,589;137,1281;0,09940782
2026-02-13 14:00:00;23,01;-5,47;89,579;137,1181;0,06996929
2026-02-13 14:15:00;20,6;-2,95;94,299;141,8381;0,06157986
2026-02-13 14:30:00;20,07;-2,26;102,209;149,7481;0,050365478
2026-02-13 14:45:00;12,83;4,34;106,679;154,2181;0,036834396
2026-02-13 15:00:00;8,33;12,53;97,249;144,7881;0,021090416
2026-02-13 15:15:00;4,8;19,23;98,549;146,0881;0,012200294
2026-02-13 15:30:00;3,9;15,6;99,859;147,3981;0,0044746
2026-02-13 15:45:00;3,12;11,81;107,069;154,6081;0,000531039
2026-02-13 16:00:00;3,16;15,07;95,599;143,1381;0
2026-02-13 16:15:00;1,96;20,65;105,939;153,4781;0
2026-02-13 16:30:00;0,92;23,2;110,749;158,2881;0
2026-02-13 16:45:00;0,15;23,01;115,489;163,0281;0
2026-02-13 17:00:00;0,06;21,16;117,779;165,3181;0
2026-02-13 17:15:00;0,06;23,31;116,449;163,9881;0
2026-02-13 17:30:00;0,06;27,68;125,679;173,2181;0
2026-02-13 17:45:00;0,05;25,08;124,349;171,8881;0
2026-02-13 18:00:00;0,05;17,46;134,139;181,6781;0
2026-02-13 18:15:00;0,05;12,7;125,359;172,8981;0
2026-02-13 18:30:00;0,05;13,83;117,359;164,8981;0
2026-02-13 18:45:00;0,06;14,85;100,149;147,6881;0
2026-02-13 19:00:00;0,06;14,75;124,729;172,2681;0
2026-02-13 19:15:00;0,05;13,77;108,479;156,0181;0
2026-02-13 19:30:00;0,07;12,1;99,239;146,7781;0
2026-02-13 19:45:00;0,06;14,7;86,749;134,2881;0
2026-02-13 20:00:00;0,06;11,66;98,769;146,3081;0
2026-02-13 20:15:00;0,06;14,18;92,309;139,8481;0
2026-02-13 20:30:00;0,06;13,37;91,399;138,9381;0
2026-02-13 20:45:00;0,06;15,16;79,219;126,7581;0
2026-02-13 21:00:00;0,06;12,34;98,119;145,6581;0
2026-02-13 21:15:00;0,06;13,12;80,729;128,2681;0
2026-02-13 21:30:00;0,06;12,91;84,029;131,5681;0
2026-02-13 21:45:00;0,06;13,72;78,699;126,2381;0
2026-02-13 22:00:00;0,06;12,91;82,729;130,2681;0
2026-02-13 22:15:00;0,06;14,21;74,099;121,6381;0
2026-02-13 22:30:00;0,06;11,86;79,649;127,1881;0
2026-02-13 22:45:00;0,05;21,16;67,049;114,5881;0
2026-02-13 23:00:00;0,05;22,53;80,159;127,6981;0
2026-02-13 23:15:00;0,06;26,3;75,029;122,5681;0
2026-02-13 23:30:00;0,06;23,07;68,619;116,1581;0
2026-02-13 23:45:00;0,05;20,35;62,249;109,7881;0
2026-02-14 00:00:00;0,06;20,16;71,479;119,0181;0
2026-02-14 00:15:00;0,06;20,85;64,599;112,1381;0
2026-02-14 00:30:00;0,05;22,31;61,199;108,7381;0
2026-02-14 00:45:00;0,05;21,72;57,319;104,8581;0
2026-02-14 01:00:00;0,05;21,89;64,469;112,0081;0
2026-02-14 01:15:00;0,06;18,5;59,209;106,7481;0
2026-02-14 01:30:00;0,05;18,45;56,739;104,2781;0
2026-02-14 01:45:00;0,06;18,73;56,119;103,6581;0
2026-02-14 02:00:00;0,05;18,1;60,649;108,1881;0
2026-02-14 02:15:00;0,05;17,28;57,999;105,5381;0
2026-02-14 02:30:00;0,05;19,05;56,329;103,8681;0
2026-02-14 02:45:00;0,05;13,42;56,519;104,0581;0
2026-02-14 03:00:00;0,05;11,09;56,989;104,5281;0
2026-02-14 03:15:00;0,05;9,19;55,789;103,3281;0
2026-02-14 03:30:00;0,05;9,44;55,389;102,9281;0
2026-02-14 03:45:00;0,04;11,17;54,819;102,3581;0
2026-02-14 04:00:00;0,05;19,55;57,199;104,7381;0
2026-02-14 04:15:00;0,05;16,55;55,149;102,6881;0
2026-02-14 04:30:00;0,05;16,72;57,099;104,6381;0
2026-02-14 04:45:00;0,07;20,4;58,259;105,7981;0
2026-02-14 05:00:00;0,05;21,93;58,399;105,9381;0
2026-02-14 05:15:00;0,06;20,51;57,479;105,0181;0
2026-02-14 05:30:00;0,06;18,58;58,479;106,0181;0
2026-02-14 05:45:00;0,05;15,99;59,929;107,4681;1,46E-05
2026-02-14 06:00:00;0,05;14,76;61,379;108,9181;0,00078215
2026-02-14 06:15:00;0,04;9,51;59,759;107,2981;0,002964025
2026-02-14 06:30:00;0,04;10,8;62,709;110,2481;0,00616437
2026-02-14 06:45:00;0,05;11,24;64,949;112,4881;0,01003746
2026-02-14 07:00:00;0,05;13,46;66,749;114,2881;0,014974924
2026-02-14 07:15:00;0,06;12,79;69,189;116,7281;0,019918168
2026-02-14 07:30:00;0,07;13,65;70,679;118,2181;0,025205437
2026-02-14 07:45:00;0,77;14,44;71,299;118,8381;0,031039212
2026-02-14 08:00:00;1,49;9,09;80,749;128,2881;0,044997454
2026-02-14 08:15:00;3,04;9,1;77,689;125,2281;0,052028384
2026-02-14 08:30:00;5,59;13,33;73,979;121,5181;0,058115143
2026-02-14 08:45:00;7,34;14,02;71,039;118,5781;0,06237408
2026-02-14 09:00:00;8,81;23,17;76,109;123,6481;0,06786129
2026-02-14 09:15:00;11,36;17,59;70,749;118,2881;0,07180714
2026-02-14 09:30:00;15,4;11,26;69,199;116,7381;0,075865634
2026-02-14 09:45:00;15,25;11,1;65,839;113,3781;0,07994656
2026-02-14 10:00:00;19,59;7,05;69,989;117,5281;0,08871257
2026-02-14 10:15:00;20,23;3,66;66,119;113,6581;0,09184373
2026-02-14 10:30:00;19,86;5,23;65,139;112,6781;0,09177988
2026-02-14 10:45:00;28,6;-5,77;62,839;110,3781;0,08985643
2026-02-14 11:00:00;48,06;-24,6;66,249;113,7881;0,089111686
2026-02-14 11:15:00;77,09;-55,36;64,939;112,4781;0,086734034
2026-02-14 11:30:00;72,68;-50,6;65,069;112,6081;0,08498697
2026-02-14 11:45:00;58,47;-36,69;62,839;110,3781;0,082421035
2026-02-14 12:00:00;84,35;-61,43;64,529;112,0681;0,07717678
2026-02-14 12:15:00;81,23;-59,13;63,749;111,2881;0,07427881
2026-02-14 12:30:00;79,65;-57,48;59,709;107,2481;0,07043054
2026-02-14 12:45:00;62,3;-39,53;61,329;108,8681;0,06556303
2026-02-14 13:00:00;67,47;-44,12;59,859;107,3981;0,059919417
2026-02-14 13:15:00;69,84;-46,78;63,779;111,3181;0,05518895
2026-02-14 13:30:00;66,68;-46,51;65,369;112,9081;0,04969443
2026-02-14 13:45:00;60,97;-41,7;70,699;118,2381;0,042812094
2026-02-14 14:00:00;54,42;-34,43;65,029;112,5681;0,035020094
2026-02-14 14:15:00;48,89;-29,68;69,709;117,2481;0,029015535
2026-02-14 14:30:00;43,45;-22,03;71,409;118,9481;0,02258654
2026-02-14 14:45:00;37,7;-16,08;80,019;127,5581;0,015937034
2026-02-14 15:00:00;31,84;-9,79;68,259;115,7981;0,010004563
2026-02-14 15:15:00;25,13;-4,08;77,269;124,8081;0,005846359
2026-02-14 15:30:00;18,27;2,69;83,159;130,6981;0,002386658
2026-02-14 15:45:00;11,98;3,76;90,749;138,2881;0,00042087
2026-02-14 16:00:00;6,95;9,85;74,369;121,9081;0
2026-02-14 16:15:00;3,49;16;88,339;135,8781;0
2026-02-14 16:30:00;1,64;18,35;94,759;142,2981;0
2026-02-14 16:45:00;0,41;18,54;106,539;154,0781;0
2026-02-14 17:00:00;0,07;19,41;101,419;148,9581;0
2026-02-14 17:15:00;0,05;21,69;108,249;155,7881;0
2026-02-14 17:30:00;0,05;17,9;122,679;170,2181;0
2026-02-14 17:45:00;0,06;21,43;120,849;168,3881;0
2026-02-14 18:00:00;0,05;10,16;123,219;170,7581;0
2026-02-14 18:15:00;0,05;13,18;119,519;167,0581;0
2026-02-14 18:30:00;0,06;14,48;117,139;164,6781;0
2026-02-14 18:45:00;0,05;15,19;114,189;161,7281;0
2026-02-14 19:00:00;0,06;17,5;119,839;167,3781;0
2026-02-14 19:15:00;0,05;14,31;114,339;161,8781;0
2026-02-14 19:30:00;0,05;11,59;99,889;147,4281;0
2026-02-14 19:45:00;0,05;12,64;99,059;146,5981;0
2026-02-14 20:00:00;0,06;12,65;106,009;153,5481;0
2026-02-14 20:15:00;0,06;14,73;104,539;152,0781;0
2026-02-14 20:30:00;0,06;13,73;94,269;141,8081;0
2026-02-14 20:45:00;0,05;13,16;88,449;135,9881;0
2026-02-14 21:00:00;0,05;12,31;101,619;149,1581;0
2026-02-14 21:15:00;0,05;12,83;96,099;143,6381;0
2026-02-14 21:30:00;0,06;11,21;95,959;143,4981;0
2026-02-14 21:45:00;0,06;12,26;92,859;140,3981;0
2026-02-14 22:00:00;0,05;11,96;93,069;140,6081;0
2026-02-14 22:15:00;0,05;10,77;88,669;136,2081;0
2026-02-14 22:30:00;0,06;11,03;91,479;139,0181;0
2026-02-14 22:45:00;0,05;17,57;80,239;127,7781;0
2026-02-14 23:00:00;0,04;21,5;97,979;145,5181;0
2026-02-14 23:15:00;0,05;18,78;92,059;139,5981;0
2026-02-14 23:30:00;0,05;19,76;76,529;124,0681;0
2026-02-14 23:45:00;0,05;20,46;70,749;118,2881;0
2026-02-15 00:00:00;0,05;20,12;86,809;134,3481;0
2026-02-15 00:15:00;0,04;25,12;82,209;129,7481;0
2026-02-15 00:30:00;0,04;26,4;78,689;126,2281;0
2026-02-15 00:45:00;0,05;24,87;72,839;120,3781;0
2026-02-15 01:00:00;0,04;22,46;77,889;125,4281;0
2026-02-15 01:15:00;0,05;19,74;74,109;121,6481;0
2026-02-15 01:30:00;0,05;24,38;70,019;117,5581;0
2026-02-15 01:45:00;0,05;23,37;67,679;115,2181;0
2026-02-15 02:00:00;0,05;23,76;66,829;114,3681;0
2026-02-15 02:15:00;0,05;23,15;65,969;113,5081;0
2026-02-15 02:30:00;0,05;21,43;68,389;115,9281;0
2026-02-15 02:45:00;0,05;15,14;63,019;110,5581;0
2026-02-15 03:00:00;0,05;14,39;65,399;112,9381;0
2026-02-15 03:15:00;0,05;12,13;66,059;113,5981;0
2026-02-15 03:30:00;0,05;13,46;68,199;115,7381;0
2026-02-15 03:45:00;0,05;12,96;68,439;115,9781;0
2026-02-15 04:00:00;0,05;13,18;72,939;120,4781;0
2026-02-15 04:15:00;0,05;16,1;67,279;114,8181;0
2026-02-15 04:30:00;0,05;15,49;64,759;112,2981;0
2026-02-15 04:45:00;0,05;18,07;62,049;109,5881;0
2026-02-15 05:00:00;0,05;22,74;67,129;114,6681;0
2026-02-15 05:15:00;0,05;21,54;64,279;111,8181;0
2026-02-15 05:30:00;0,05;26,33;66,699;114,2381;0
2026-02-15 05:45:00;0,06;28,3;62,939;110,4781;4,33E-05
2026-02-15 06:00:00;0,05;19,82;69,089;116,6281;0,001408567
2026-02-15 06:15:00;0,05;12,1;63,089;110,6281;0,006039835
2026-02-15 06:30:00;0,05;15,67;66,149;113,6881;0,013877228
2026-02-15 06:45:00;0,14;14,81;63,899;111,4381;0,023917494
2026-02-15 07:00:00;1,77;12,75;74,279;121,8181;0,031924307
2026-02-15 07:15:00;4,73;11,19;68,359;115,8981;0,04276364
2026-02-15 07:30:00;10,28;6,07;67,799;115,3381;0,053280793
2026-02-15 07:45:00;13,85;1,5;61,979;109,5181;0,064623535
2026-02-15 08:00:00;25,43;-8,63;66,289;113,8281;0,05045431
2026-02-15 08:15:00;26,59;-12,64;62,589;110,1281;0,06400809
2026-02-15 08:30:00;32,37;-21,49;65,949;113,4881;0,07771351
2026-02-15 08:45:00;37,41;-23,83;61,909;109,4481;0,091258705
2026-02-15 09:00:00;56,44;-33,59;63,809;111,3481;0,08775684
2026-02-15 09:15:00;65,06;-40,89;56,899;104,4381;0,102251396
2026-02-15 09:30:00;62,03;-39,18;57,019;104,5581;0,116551444
2026-02-15 09:45:00;36,67;-13,38;47,429;94,9681;0,13092265
2026-02-15 10:00:00;74,15;-51,73;51,349;98,8881;0,13783883
2026-02-15 10:15:00;84,95;-60,29;48,819;96,3581;0,15267144
2026-02-15 10:30:00;73,02;-50,09;47,349;94,8881;0,16770756
2026-02-15 10:45:00;78,24;-55,49;42,739;90,2781;0,18284222
2026-02-15 11:00:00;89,34;-64,97;54,979;102,5181;0,21797775
2026-02-15 11:15:00;84,88;-62,03;52,519;100,0581;0,22907408
2026-02-15 11:30:00;53,29;-28,8;48,939;96,4781;0,23985898
2026-02-15 11:45:00;25,12;-4,95;41,719;89,2581;0,24707898
2026-02-15 12:00:00;14,07;5,06;53,069;100,6081;0,29683417
2026-02-15 12:15:00;13,95;3,55;42,269;89,8081;0,29350522
2026-02-15 12:30:00;10,84;7,79;42,329;89,8681;0,28659722
2026-02-15 12:45:00;12,31;5,06;37,819;85,3581;0,27513784
2026-02-15 13:00:00;12,18;6,62;46,399;93,9381;0,26922816
2026-02-15 13:15:00;13;4,41;40,239;87,7781;0,24609748
2026-02-15 13:30:00;9,99;9,35;46,289;93,8281;0,21893716
2026-02-15 13:45:00;4,42;14,5;46,199;93,7381;0,18721779
2026-02-15 14:00:00;2,86;16,86;40,409;87,9481;0,16352192
2026-02-15 14:15:00;2,9;16,6;43,569;91,1081;0,1303361
2026-02-15 14:30:00;2,61;18,28;49,869;97,4081;0,09966463
2026-02-15 14:45:00;1,59;18,59;58,469;106,0081;0,07216698
2026-02-15 15:00:00;0,36;18,57;48,199;95,7381;0,053069465
2026-02-15 15:15:00;0,51;19,77;57,619;105,1581;0,030269815
2026-02-15 15:30:00;0,03;16,81;62,559;110,0981;0,011896649
2026-02-15 15:45:00;0,05;16,81;67,209;114,7481;0,001940881
2026-02-15 16:00:00;0,04;18,79;67,159;114,6981;0
2026-02-15 16:15:00;0,05;20,98;71,639;119,1781;0
2026-02-15 16:30:00;0,06;19,58;78,649;126,1881;0
2026-02-15 16:45:00;0,04;20,19;74,359;121,8981;0
2026-02-15 17:00:00;0,04;19,2;73,829;121,3681;0
2026-02-15 17:15:00;0,05;23,58;77,109;124,6481;0
2026-02-15 17:30:00;0,04;21,94;72,159;119,6981;0
2026-02-15 17:45:00;0,06;16,37;67,379;114,9181;0
2026-02-15 18:00:00;0,05;15,82;69,969;117,5081;0
2026-02-15 18:15:00;0,04;17,61;67,519;115,0581;0
2026-02-15 18:30:00;0,05;18,77;64,819;112,3581;0
2026-02-15 18:45:00;0,05;17,23;60,069;107,6081;0
2026-02-15 19:00:00;0,05;16;64,449;111,9881;0
2026-02-15 19:15:00;0,05;16,37;62,139;109,6781;0
2026-02-15 19:30:00;0,05;15,39;59,479;107,0181;0
2026-02-15 19:45:00;0,05;14,72;51,949;99,4881;0
2026-02-15 20:00:00;0,05;14,56;62,749;110,2881;0
2026-02-15 20:15:00;0,05;15,15;59,779;107,3181;0
2026-02-15 20:30:00;0,05;13,14;56,879;104,4181;0
2026-02-15 20:45:00;0,04;13,52;50,419;97,9581;0
2026-02-15 21:00:00;0,06;14,21;60,829;108,3681;0
2026-02-15 21:15:00;0,04;12,39;54,629;102,1681;0
2026-02-15 21:30:00;0,04;12,09;53,199;100,7381;0
2026-02-15 21:45:00;0,05;11,16;45,269;92,8081;0
2026-02-15 22:00:00;0,05;13,03;50,949;98,4881;0
2026-02-15 22:15:00;0,04;11,88;49,169;96,7081;0
2026-02-15 22:30:00;0,05;13,22;47,609;95,1481;0
2026-02-15 22:45:00;0,05;21,2;37,839;85,3781;0
2026-02-15 23:00:00;0,05;22,09;63,529;111,0681;0
2026-02-15 23:15:00;0,05;20,22;60,049;107,5881;0
2026-02-15 23:30:00;0,05;22,06;53,449;100,9881;0
2026-02-15 23:45:00;0,05;21,34;48,969;96,5081;0
2026-02-16 00:00:00;0,04;21,8;58,389;105,9281;0
2026-02-16 00:15:00;0,04;19,49;50,909;98,4481;0
2026-02-16 00:30:00;0,04;18,95;48,749;96,2881;0
2026-02-16 00:45:00;0,04;18,56;45,629;93,1681;0
2026-02-16 01:00:00;0,04;21,42;55,009;102,5481;0
2026-02-16 01:15:00;0,04;16,97;52,749;100,2881;0
2026-02-16 01:30:00;0,05;18,26;48,399;95,9381;0
2026-02-16 01:45:00;0,05;16,87;46,369;93,9081;0
2026-02-16 02:00:00;0,05;17,3;49,509;97,0481;0
2026-02-16 02:15:00;0,06;17,55;46,429;93,9681;0
2026-02-16 02:30:00;0,05;17,33;47,019;94,5581;0
2026-02-16 02:45:00;0,05;12,78;46,039;93,5781;0
2026-02-16 03:00:00;0,05;9,98;45,489;93,0281;0
2026-02-16 03:15:00;0,04;9,66;44,059;91,5981;0
2026-02-16 03:30:00;0,05;10,85;45,909;93,4481;0
2026-02-16 03:45:00;0,05;11,34;50,069;97,6081;0
2026-02-16 04:00:00;0,05;21,04;39,179;86,7181;0
2026-02-16 04:15:00;0,05;15,56;45,069;92,6081;0
2026-02-16 04:30:00;0,05;18,92;52,299;99,8381;0
2026-02-16 04:45:00;0,05;20,71;55,749;103,2881;0
2026-02-16 05:00:00;0,04;19,8;42,749;90,2881;0
2026-02-16 05:15:00;0,04;21,38;55,219;102,7581;0
2026-02-16 05:30:00;0,05;19,22;61,649;109,1881;0
2026-02-16 05:45:00;0,05;17,31;75,749;123,2881;0,00029676
2026-02-16 06:00:00;0,05;17,05;62,369;109,9081;0,005541524
2026-02-16 06:15:00;0,05;12,86;66,629;114,1681;0,021809915
2026-02-16 06:30:00;0,05;10,67;76,599;124,1381;0,046505902
2026-02-16 06:45:00;0,34;9,97;72,819;120,3581;0,07505492
2026-02-16 07:00:00;1,77;7,15;78,439;125,9781;0,11319741
2026-02-16 07:15:00;7,22;4,98;82,399;129,9381;0,1437843
2026-02-16 07:30:00;12,14;-1,13;78,119;125,6581;0,1723248
2026-02-16 07:45:00;15,7;-2,46;73,949;121,4881;0,1981904
2026-02-16 08:00:00;19,86;-8,32;81,849;129,3881;0,24870993
2026-02-16 08:15:00;20,79;-4,69;79,949;127,4881;0,2666878
2026-02-16 08:30:00;4,32;13,62;86,209;133,7481;0,28223398
2026-02-16 08:45:00;9,16;10,14;87,729;135,2681;0,292435
2026-02-16 09:00:00;7,23;19,63;85,299;132,8381;0,3709356
2026-02-16 09:15:00;11,27;13,54;80,809;128,3481;0,3726908
2026-02-16 09:30:00;14,11;8,41;73,529;121,0681;0,37018844
2026-02-16 09:45:00;12,13;13,81;66,229;113,7681;0,36259854
2026-02-16 10:00:00;18,77;4,3;70,769;118,3081;0,35696638
2026-02-16 10:15:00;25,05;1,68;67,809;115,3481;0,3391959
2026-02-16 10:30:00;44,3;-19,62;67,039;114,5781;0,31763983
2026-02-16 10:45:00;37,13;-13,9;65,719;113,2581;0,29311574
2026-02-16 11:00:00;46,66;-25,72;65,029;112,5681;0,27734166
2026-02-16 11:15:00;28,85;-7,58;60,189;107,7281;0,24794257
2026-02-16 11:30:00;17,81;2;60,889;108,4281;0,21967253
2026-02-16 11:45:00;24,97;-3,19;60,739;108,2781;0,19036287
2026-02-16 12:00:00;83,82;-61,81;62,099;109,6381;0,10635426
2026-02-16 12:15:00;79,8;-57,9;61,789;109,3281;0,0877696
2026-02-16 12:30:00;90,59;-68,87;61,999;109,5381;0,07250871
2026-02-16 12:45:00;20,31;0,84;64,039;111,5781;0,0606118
2026-02-16 13:00:00;52,79;-33,8;59,799;107,3381;0,038445197
2026-02-16 13:15:00;11,22;7,79;62,149;109,6881;0,03306306
2026-02-16 13:30:00;7,38;10,9;66,369;113,9081;0,028250046
2026-02-16 13:45:00;40,37;-20,62;66,949;114,4881;0,023915028
2026-02-16 14:00:00;22,75;-4,99;63,699;111,2381;0,015992798
2026-02-16 14:15:00;35,01;-16,93;66,109;113,6481;0,013249536
2026-02-16 14:30:00;44,92;-25,64;72,819;120,3581;0,01039976
2026-02-16 14:45:00;26,84;-8,1;77,479;125,0181;0,007600819
2026-02-16 15:00:00;11,71;8,18;70,749;118,2881;0,003937016
2026-02-16 15:15:00;11,21;8,61;77,199;124,7381;0,002267563
2026-02-16 15:30:00;5,59;12,11;80,259;127,7981;0,000928362
2026-02-16 15:45:00;2,98;9,75;83,229;130,7681;0,000189566
2026-02-16 16:00:00;1,37;17,27;84,019;131,5581;0
2026-02-16 16:15:00;0,5;17,89;92,829;140,3681;0
2026-02-16 16:30:00;0,05;18,97;92,149;139,6881;0
2026-02-16 16:45:00;0,05;20,01;96,439;143,9781;0
2026-02-16 17:00:00;0,05;18,71;92,919;140,4581;0
2026-02-16 17:15:00;0,06;20,05;95,789;143,3281;0
2026-02-16 17:30:00;0,05;20,9;90,859;138,3981;0
2026-02-16 17:45:00;0,05;15,69;101,719;149,2581;0
2026-02-16 18:00:00;0,05;12,5;119,719;167,2581;0
2026-02-16 18:15:00;0,05;10,45;102,569;150,1081;0
2026-02-16 18:30:00;0,05;15,15;91,369;138,9081;0
2026-02-16 18:45:00;0,05;12,2;86,479;134,0181;0
2026-02-16 19:00:00;0,06;15,02;88,759;136,2981;0
2026-02-16 19:15:00;0,06;12,07;87,019;134,5581;0
2026-02-16 19:30:00;0,06;12,21;82,449;129,9881;0
2026-02-16 19:45:00;0,06;9,88;77,879;125,4181;0
2026-02-16 20:00:00;0,06;10,01;80,159;127,6981;0
2026-02-16 20:15:00;0,05;7,53;75,609;123,1481;0
2026-02-16 20:30:00;0,05;11,75;69,209;116,7481;0
2026-02-16 20:45:00;0,05;12,19;65,319;112,8581;0
2026-02-16 21:00:00;0,05;10,54;73,669;121,2081;0
2026-02-16 21:15:00;0,05;11,3;72,339;119,8781;0
2026-02-16 21:30:00;0,05;12,09;69,629;117,1681;0
2026-02-16 21:45:00;0,05;11,04;65,099;112,6381;0
2026-02-16 22:00:00;0,06;12,04;69,399;116,9381;0
2026-02-16 22:15:00;0,05;11,51;62,989;110,5281;0
2026-02-16 22:30:00;0,05;10,94;61,779;109,3181;0
2026-02-16 22:45:00;0,05;20,07;55,669;103,2081;0
2026-02-16 23:00:00;0,05;20,64;63,989;111,5281;0
2026-02-16 23:15:00;0,05;19,68;60,539;108,0781;0
2026-02-16 23:30:00;0,06;18,79;56,589;104,1281;0
2026-02-16 23:45:00;0,06;18,23;55,799;103,3381;0
2026-02-17 00:00:00;0,06;18,92;57,219;104,7581;0
2026-02-17 00:15:00;0,05;17,86;55,729;103,2681;0
2026-02-17 00:30:00;0,05;18,43;55,399;102,9381;0
2026-02-17 00:45:00;0,06;18,31;54,819;102,3581;0
2026-02-17 01:00:00;0,05;17,43;54,939;102,4781;0
2026-02-17 01:15:00;0,05;19,97;54,869;102,4081;0
2026-02-17 01:30:00;0,05;17,91;55,469;103,0081;0
2026-02-17 01:45:00;0,05;18,55;55,189;102,7281;0
2026-02-17 02:00:00;0,05;17,97;56,279;103,8181;0
2026-02-17 02:15:00;0,05;18,62;55,889;103,4281;0
2026-02-17 02:30:00;0,05;17,04;55,919;103,4581;0
2026-02-17 02:45:00;0,06;13,34;54,839;102,3781;0
2026-02-17 03:00:00;0,05;8,3;53,479;101,0181;0
2026-02-17 03:15:00;0,06;10,25;56,189;103,7281;0
2026-02-17 03:30:00;0,06;10,15;54,469;102,0081;0
2026-02-17 03:45:00;0,06;11;56,919;104,4581;0
2026-02-17 04:00:00;0,05;17,91;54,159;101,6981;0
2026-02-17 04:15:00;0,05;18,79;56,929;104,4681;0
2026-02-17 04:30:00;0,06;16,14;58,039;105,5781;0
2026-02-17 04:45:00;0,05;20,98;68,579;116,1181;0
2026-02-17 05:00:00;0,06;20,03;64,929;112,4681;0
2026-02-17 05:15:00;0,05;20,91;71,739;119,2781;0
2026-02-17 05:30:00;0,06;17,97;76,559;124,0981;0
2026-02-17 05:45:00;0,06;16,58;84,899;132,4381;0,000159133
2026-02-17 06:00:00;0,05;13,31;78,789;126,3281;0,003002704
2026-02-17 06:15:00;0,05;10,42;95,979;143,5181;0,009973535
2026-02-17 06:30:00;0,06;11,24;92,269;139,8081;0,019721717
2026-02-17 06:45:00;0,06;9,26;101,899;149,4381;0,031037768
2026-02-17 07:00:00;0,06;9,95;92,489;140,0281;0,051212743
2026-02-17 07:15:00;0,25;10,44;93,589;141,1281;0,0656341
2026-02-17 07:30:00;1,91;10,26;101,769;149,3081;0,07757096
2026-02-17 07:45:00;2,71;8,6;93,559;141,0981;0,08619875
2026-02-17 08:00:00;1,66;9,67;111,339;158,8781;0,10824515
2026-02-17 08:15:00;7,2;4,05;89,159;136,6981;0,11482283
2026-02-17 08:30:00;9,43;3,05;79,539;127,0781;0,11784585
2026-02-17 08:45:00;15,65;-3,92;66,979;114,5181;0,11739522
2026-02-17 09:00:00;12,83;15,21;72,329;119,8681;0,09251485
2026-02-17 09:15:00;16,17;12,56;69,329;116,8681;0,09391704
2026-02-17 09:30:00;36,08;-8,5;67,149;114,6881;0,09561422
2026-02-17 09:45:00;32,47;-7,74;65,989;113,5281;0,09739069
2026-02-17 10:00:00;28,98;-5,53;67,389;114,9281;0,16772915
2026-02-17 10:15:00;24,17;-0,74;64,559;112,0981;0,168368
2026-02-17 10:30:00;36,06;-13,49;60,359;107,8981;0,16964684
2026-02-17 10:45:00;58,79;-35,83;55,839;103,3781;0,17273787
2026-02-17 11:00:00;24,73;-1,72;59,629;107,1681;0,2104163
2026-02-17 11:15:00;26,63;-4,31;58,569;106,1081;0,21131626
2026-02-17 11:30:00;13,03;7,1;63,059;110,5981;0,21266814
2026-02-17 11:45:00;45,24;-23,88;55,979;103,5181;0,20730734
2026-02-17 12:00:00;53,06;-32,35;62,209;109,7481;0,2562003
2026-02-17 12:15:00;33,43;-11,87;58,659;106,1981;0,24926314
2026-02-17 12:30:00;31,93;-11,39;53,079;100,6181;0,23701908
2026-02-17 12:45:00;41,17;-18,04;53,969;101,5081;0,21847725
2026-02-17 13:00:00;82,98;-61,97;56,879;104,4181;0,21254002
2026-02-17 13:15:00;58,53;-37,42;58,689;106,2281;0,19654417
2026-02-17 13:30:00;68,94;-48,04;60,889;108,4281;0,17420083
2026-02-17 13:45:00;62,17;-41,74;65,589;113,1281;0,14566202
2026-02-17 14:00:00;10,05;7,99;60,559;108,0981;0,10977681
2026-02-17 14:15:00;32,94;-13,63;61,799;109,3381;0,09048498
2026-02-17 14:30:00;27,4;-8,6;70,119;117,6581;0,070353776
2026-02-17 14:45:00;37,02;-17,39;81,909;129,4481;0,050231762
2026-02-17 15:00:00;10,48;9,2;81,989;129,5281;0,029293424
2026-02-17 15:15:00;13,02;7,43;74,329;121,8681;0,016965535
2026-02-17 15:30:00;13,13;6,48;70,809;118,3481;0,007166518
2026-02-17 15:45:00;8,46;6,73;82,489;130,0281;0,001482608
2026-02-17 16:00:00;7,97;13,55;81,949;129,4881;2,81E-06
2026-02-17 16:15:00;4,55;13,33;87,009;134,5481;0
2026-02-17 16:30:00;2,73;16,4;104,149;151,6881;0
2026-02-17 16:45:00;1,03;17,37;111,769;159,3081;0
2026-02-17 17:00:00;0,07;20,27;111,489;159,0281;0
2026-02-17 17:15:00;0,06;20,44;113,009;160,5481;0
2026-02-17 17:30:00;0,04;18,25;123,259;170,7981;0
2026-02-17 17:45:00;0,05;13,53;125,949;173,4881;0
2026-02-17 18:00:00;0,06;11,34;125,309;172,8481;0
2026-02-17 18:15:00;0,06;9,19;122,619;170,1581;0
2026-02-17 18:30:00;0,06;9,87;116,459;163,9981;0
2026-02-17 18:45:00;0,06;10,49;116,609;164,1481;0
2026-02-17 19:00:00;0,06;8,9;112,339;159,8781;0
2026-02-17 19:15:00;0,06;10,01;105,489;153,0281;0
2026-02-17 19:30:00;0,06;8,31;101,239;148,7781;0
2026-02-17 19:45:00;0,05;9,91;96,939;144,4781;0
2026-02-17 20:00:00;0,05;8,93;103,039;150,5781;0
2026-02-17 20:15:00;0,06;9,19;97,289;144,8281;0
2026-02-17 20:30:00;0,06;9,64;88,489;136,0281;0
2026-02-17 20:45:00;0,06;9,35;77,369;124,9081;0
2026-02-17 21:00:00;0,05;10,22;87,259;134,7981;0
2026-02-17 21:15:00;0,06;9,56;83,309;130,8481;0
2026-02-17 21:30:00;0,06;9,83;79,809;127,3481;0
2026-02-17 21:45:00;0,06;10,88;76,929;124,4681;0
2026-02-17 22:00:00;0,06;9,18;80,379;127,9181;0
2026-02-17 22:15:00;0,06;11,42;76,059;123,5981;0
2026-02-17 22:30:00;0,06;10,28;77,739;125,2781;0
2026-02-17 22:45:00;0,05;21,08;67,239;114,7781;0
2026-02-17 23:00:00;0,06;19,85;78,409;125,9481;0
2026-02-17 23:15:00;0,05;19,81;78,119;125,6581;0
2026-02-17 23:30:00;0,05;19,47;71,069;118,6081;0
2026-02-17 23:45:00;0,06;19,21;70,709;118,2481;0
2026-02-18 00:00:00;0,06;18,35;71,199;118,7381;0
2026-02-18 00:15:00;0,05;18,86;67,119;114,6581;0
2026-02-18 00:30:00;0,04;24,07;71,839;119,3781;0
2026-02-18 00:45:00;0,05;24,86;67,679;115,2181;0
2026-02-18 01:00:00;0,05;23,4;73,729;121,2681;0
2026-02-18 01:15:00;0,06;22,21;70,749;118,2881;0
2026-02-18 01:30:00;0,06;24;71,289;118,8281;0
2026-02-18 01:45:00;0,05;23,86;66,579;114,1181;0
2026-02-18 02:00:00;0,05;23,37;68,789;116,3281;0
2026-02-18 02:15:00;0,05;22,56;66,729;114,2681;0
2026-02-18 02:30:00;0,05;23,85;64,759;112,2981;0
2026-02-18 02:45:00;0,05;15,8;65,659;113,1981;0
2026-02-18 03:00:00;0,05;12,88;66,129;113,6681;0
2026-02-18 03:15:00;0,05;14,42;69,359;116,8981;0
2026-02-18 03:30:00;0,05;11,49;66,649;114,1881;0
2026-02-18 03:45:00;0,04;15,83;67,499;115,0381;0
2026-02-18 04:00:00;0,05;12,49;71,269;118,8081;0
2026-02-18 04:15:00;0,06;14,32;70,909;118,4481;0
2026-02-18 04:30:00;0,05;17,28;73,029;120,5681;0
2026-02-18 04:45:00;0,05;14,9;79,569;127,1081;0
2026-02-18 05:00:00;0,03;17,12;71,309;118,8481;0
2026-02-18 05:15:00;0,05;22,92;83,229;130,7681;0
2026-02-18 05:30:00;0,05;19,44;94,119;141,6581;0
2026-02-18 05:45:00;0,05;15,42;112,319;159,8581;0,000243545
2026-02-18 06:00:00;0,06;21,12;75,479;123,0181;0,001958732
2026-02-18 06:15:00;0,05;14,5;85,909;133,4481;0,005899149
2026-02-18 06:30:00;0,06;8,99;116,969;164,5081;0,011759107
2026-02-18 06:45:00;0,06;9,8;132,419;179,9581;0,018870031
2026-02-18 07:00:00;0,31;3,23;146,089;193,6281;0,027783105
2026-02-18 07:15:00;2,34;10,59;123,839;171,3781;0,036355298
2026-02-18 07:30:00;4,5;7,54;104,959;152,4981;0,046501566
2026-02-18 07:45:00;6,08;5,76;68,099;115,6381;0,06009666
2026-02-18 08:00:00;8,78;0,43;108,139;155,6781;0,076025106
2026-02-18 08:15:00;12,42;-3,18;82,469;130,0081;0,09562527
2026-02-18 08:30:00;14,93;-0,08;92,449;139,9881;0,11214825
2026-02-18 08:45:00;18,7;-1,12;78,859;126,3981;0,12524554
2026-02-18 09:00:00;18,32;3,93;105,399;152,9381;0,14540657
2026-02-18 09:15:00;15,99;3,21;90,459;137,9981;0,15790261
2026-02-18 09:30:00;20,74;-0,69;80,839;128,3781;0,16929737
2026-02-18 09:45:00;34,19;-14,95;69,289;116,8281;0,17671092
2026-02-18 10:00:00;65,45;-47,08;78,239;125,7781;0,1794988
2026-02-18 10:15:00;80,98;-61,56;69,549;117,0881;0,18606746
2026-02-18 10:30:00;85,05;-66,97;72,589;120,1281;0,1903293
2026-02-18 10:45:00;93,94;-77,88;72,819;120,3581;0,19409367
2026-02-18 11:00:00;57,78;-40,78;74,429;121,9681;0,19486009
2026-02-18 11:15:00;56,97;-42,83;68,009;115,5481;0,20011021
2026-02-18 11:30:00;66,75;-50,2;66,599;114,1381;0,20541634
2026-02-18 11:45:00;91,37;-74,94;63,079;110,6181;0,2024161
2026-02-18 12:00:00;89,24;-72,86;63,599;111,1381;0,21425258
2026-02-18 12:15:00;88,99;-71,78;61,839;109,3781;0,22204219
2026-02-18 12:30:00;86,19;-69,61;60,629;108,1681;0,22225234
2026-02-18 12:45:00;84,74;-70,04;58,039;105,5781;0,21519183
2026-02-18 13:00:00;72,28;-59,74;57,899;105,4381;0,22018777
2026-02-18 13:15:00;55,48;-42,19;57,519;105,0581;0,20757867
2026-02-18 13:30:00;54,24;-42,49;63,029;110,5681;0,18986653
2026-02-18 13:45:00;42,13;-27,76;69,659;117,1981;0,16768149
2026-02-18 14:00:00;25,07;-11,79;57,839;105,3781;0,14180754
2026-02-18 14:15:00;22,6;-10,11;69,239;116,7781;0,11964748
2026-02-18 14:30:00;20,45;-4,96;73,249;120,7881;0,09570857
2026-02-18 14:45:00;15,76;-1,74;86,189;133,7281;0,071043774
2026-02-18 15:00:00;13,25;0,37;64,229;111,7681;0,046067778
2026-02-18 15:15:00;11,45;1,7;74,869;122,4081;0,028436383
2026-02-18 15:30:00;8,66;3,23;89,939;137,4781;0,013083687
2026-02-18 15:45:00;5,85;5,22;94,189;141,7281;0,00308346
2026-02-18 16:00:00;4,02;16,64;49,169;96,7081;5,49E-05
2026-02-18 16:15:00;2,92;14,99;91,019;138,5581;0
2026-02-18 16:30:00;1,29;14,03;93,019;140,5581;0
2026-02-18 16:45:00;0,28;11,64;102,619;150,1581;0
2026-02-18 17:00:00;0,05;15,07;101,429;148,9681;0
2026-02-18 17:15:00;0,05;14,44;93,589;141,1281;0
2026-02-18 17:30:00;0,06;18,25;89,409;136,9481;0
2026-02-18 17:45:00;0,05;15,04;99,019;146,5581;0
2026-02-18 18:00:00;0,05;13,81;97,209;144,7481;0
2026-02-18 18:15:00;0,05;11,82;95,919;143,4581;0
2026-02-18 18:30:00;0,06;10,16;88,739;136,2781;0
2026-02-18 18:45:00;0,05;10,09;83,999;131,5381;0
2026-02-18 19:00:00;0,06;9,86;85,189;132,7281;0
2026-02-18 19:15:00;0,05;11,89;75,239;122,7781;0
2026-02-18 19:30:00;0,05;10,91;70,669;118,2081;0
2026-02-18 19:45:00;0,05;12,7;66,529;114,0681;0
2026-02-18 20:00:00;0,06;9,12;77,489;125,0281;0
2026-02-18 20:15:00;0,07;8,21;73,409;120,9481;0
2026-02-18 20:30:00;0,06;9,63;62,629;110,1681;0
2026-02-18 20:45:00;0,06;11,16;60,339;107,8781;0
2026-02-18 21:00:00;0,06;8,02;72,989;120,5281;0
2026-02-18 21:15:00;0,05;9,9;64,299;111,8381;0
2026-02-18 21:30:00;0,06;8,81;68,429;115,9681;0
2026-02-18 21:45:00;0,06;9,78;64,389;111,9281;0
2026-02-18 22:00:00;0,05;8,68;68,379;115,9181;0
2026-02-18 22:15:00;0,05;9,98;62,249;109,7881;0
2026-02-18 22:30:00;0,05;10,12;64,859;112,3981;0
2026-02-18 22:45:00;0,05;14,59;52,399;99,9381;0
2026-02-18 23:00:00;0,05;14,32;59,289;106,8281;0
2026-02-18 23:15:00;0,05;12,63;59,479;107,0181;0
2026-02-18 23:30:00;0,05;11,64;54,639;102,1781;0
2026-02-18 23:45:00;0,05;11,09;51,909;99,4481;0
2026-02-19 00:00:00;0,04;11,59;58,579;106,1181;0
2026-02-19 00:15:00;0,05;11,67;53,949;101,4881;0
2026-02-19 00:30:00;0,06;13,11;56,869;104,4081;0
2026-02-19 00:45:00;0,04;15,32;49,309;96,8481;0
2026-02-19 01:00:00;0,04;13,81;55,979;103,5181;0
2026-02-19 01:15:00;0,04;13,97;52,289;99,8281;0
2026-02-19 01:30:00;0,04;11,69;51,639;99,1781;0
2026-02-19 01:45:00;0,04;11,13;50,629;98,1681;0
2026-02-19 02:00:00;0,05;11,96;53,309;100,8481;0
2026-02-19 02:15:00;0,04;13,83;51,329;98,8681;0
2026-02-19 02:30:00;0,05;12,36;51,239;98,7781;0
2026-02-19 02:45:00;0,05;8,35;51,469;99,0081;0
2026-02-19 03:00:00;0,06;7,52;46,799;94,3381;0
2026-02-19 03:15:00;0,06;7,37;48,339;95,8781;0
2026-02-19 03:30:00;0,04;6,59;50,189;97,7281;0
2026-02-19 03:45:00;0,04;7,88;52,339;99,8781;0
2026-02-19 04:00:00;0,06;14,35;50,629;98,1681;0
2026-02-19 04:15:00;0,05;17,73;52,589;100,1281;0
2026-02-19 04:30:00;0,05;12,04;58,789;106,3281;0
2026-02-19 04:45:00;0,05;16,97;58,179;105,7181;0
2026-02-19 05:00:00;0,05;16,87;55,029;102,5681;0
2026-02-19 05:15:00;0,05;18,84;59,009;106,5481;0
2026-02-19 05:30:00;0,05;17,87;60,069;107,6081;0
2026-02-19 05:45:00;0,06;16,21;66,869;114,4081;0,000686092
2026-02-19 06:00:00;0,05;14,52;64,429;111,9681;0,003733424
2026-02-19 06:15:00;0,06;6,26;73,709;121,2481;0,009321531
2026-02-19 06:30:00;0,06;7,08;70,629;118,1681;0,017059807
2026-02-19 06:45:00;0,06;8,53;73,199;120,7381;0,026947996
2026-02-19 07:00:00;0,05;7,53;73,499;121,0381;0,04425262
2026-02-19 07:15:00;0,32;5,82;76,289;123,8281;0,05623666
2026-02-19 07:30:00;0,79;6,31;77,849;125,3881;0,068568885
2026-02-19 07:45:00;1,18;14,89;71,889;119,4281;0,082252376
2026-02-19 08:00:00;1,73;14,45;86,689;134,2281;0,12979698
2026-02-19 08:15:00;3,37;9,57;83,609;131,1481;0,14466394
2026-02-19 08:30:00;3,69;6,63;82,589;130,1281;0,15688907
2026-02-19 08:45:00;3,13;8,47;80,749;128,2881;0,16388845
2026-02-19 09:00:00;4,34;15,07;82,199;129,7381;0,2567874
2026-02-19 09:15:00;5,84;12,64;83,299;130,8381;0,25811997
2026-02-19 09:30:00;7,42;8,81;84,259;131,7981;0,26127133
2026-02-19 09:45:00;12,13;3,82;84,469;132,0081;0,26637372
2026-02-19 10:00:00;17,53;-1;74,339;121,8781;0,37670785
2026-02-19 10:15:00;24,13;-9,3;74,819;122,3581;0,380433
2026-02-19 10:30:00;45,11;-30,91;72,259;119,7981;0,3834136
2026-02-19 10:45:00;42,21;-28,08;75,779;123,3181;0,38663104
2026-02-19 11:00:00;38,5;-24,09;72,979;120,5181;0,4696165
2026-02-19 11:15:00;48,52;-32,55;70,349;117,8881;0,4600885
2026-02-19 11:30:00;41,92;-26,9;72,329;119,8681;0,45181215
2026-02-19 11:45:00;46,82;-32,51;79,019;126,5581;0,42003497
2026-02-19 12:00:00;32,92;-17,42;74,719;122,2581;0,4634275
2026-02-19 12:15:00;33,37;-17,84;70,439;117,9781;0,4238891
2026-02-19 12:30:00;35,97;-23,83;66,659;114,1981;0,37692672
2026-02-19 12:45:00;26,34;-14,31;65,619;113,1581;0,32230985
2026-02-19 13:00:00;28,77;-16,82;75,539;123,0781;0,23408923
2026-02-19 13:15:00;18,56;-6,48;72,099;119,6381;0,19492061
2026-02-19 13:30:00;19,39;-7,17;69,749;117,2881;0,16178343
2026-02-19 13:45:00;21,43;-9,18;70,819;118,3581;0,13295695
2026-02-19 14:00:00;22,78;-10,41;66,999;114,5381;0,09576553
2026-02-19 14:15:00;26,15;-12,02;66,209;113,7481;0,076631285
2026-02-19 14:30:00;16,97;-0,2;72,289;119,8281;0,059295893
2026-02-19 14:45:00;22,31;-6,38;75,599;123,1381;0,0442635
2026-02-19 15:00:00;14,22;-0,4;69,659;117,1981;0,028464945
2026-02-19 15:15:00;13,13;-0,71;76,539;124,0781;0,017261785
2026-02-19 15:30:00;10,41;1,36;79,839;127,3781;0,007939062
2026-02-19 15:45:00;9,31;1,2;84,179;131,7181;0,00211506
2026-02-19 16:00:00;7,24;6,06;80,749;128,2881;7,71E-05
2026-02-19 16:15:00;6,09;9,59;83,009;130,5481;0
2026-02-19 16:30:00;2,63;12,72;89,299;136,8381;0
2026-02-19 16:45:00;0,93;14,32;96,039;143,5781;0
2026-02-19 17:00:00;0,3;14,58;79,859;127,3981;0
2026-02-19 17:15:00;0,05;15,41;92,369;139,9081;0
2026-02-19 17:30:00;0,06;16,6;114,819;162,3581;0
2026-02-19 17:45:00;0,06;11,91;120,259;167,7981;0
2026-02-19 18:00:00;0,05;9,09;122,369;169,9081;0
2026-02-19 18:15:00;0,05;6,23;115,389;162,9281;0
2026-02-19 18:30:00;0,06;9,97;98,469;146,0081;0
2026-02-19 18:45:00;0,06;10,46;92,199;139,7381;0
2026-02-19 19:00:00;0,06;10,3;96,419;143,9581;0
2026-02-19 19:15:00;0,06;10,45;87,569;135,1081;0
2026-02-19 19:30:00;0,06;10,07;84,759;132,2981;0
2026-02-19 19:45:00;0,06;8,13;80,749;128,2881;0
2026-02-19 20:00:00;0,06;8,55;90,759;138,2981;0
2026-02-19 20:15:00;0,06;9,21;83,879;131,4181;0
2026-02-19 20:30:00;0,06;9,86;86,179;133,7181;0
2026-02-19 20:45:00;0,06;10,62;80,749;128,2881;0
2026-02-19 21:00:00;0,06;10,34;81,309;128,8481;0
2026-02-19 21:15:00;0,05;10,09;75,149;122,6881;0
2026-02-19 21:30:00;0,06;9,97;70,159;117,6981;0
2026-02-19 21:45:00;0,06;9,18;62,059;109,5981;0
2026-02-19 22:00:00;0,05;10,7;73,389;120,9281;0
2026-02-19 22:15:00;0,05;9,56;67,919;115,4581;0
2026-02-19 22:30:00;0,06;8,62;67,529;115,0681;0
2026-02-19 22:45:00;0,05;15,61;63,229;110,7681;0
2026-02-19 23:00:00;0,05;14,36;65,469;113,0081;0
2026-02-19 23:15:00;0,06;12,89;63,069;110,6081;0
2026-02-19 23:30:00;0,06;12,24;63,359;110,8981;0
2026-02-19 23:45:00;0,06;11,84;62,479;110,0181;0
2026-02-20 00:00:00;0,06;13,06;63,839;111,3781;0
2026-02-20 00:15:00;0,06;11,79;64,999;112,5381;0
2026-02-20 00:30:00;0,06;12,18;67,369;114,9081;0
2026-02-20 00:45:00;0,06;12,3;65,589;113,1281;0
2026-02-20 01:00:00;0,06;12,24;67,839;115,3781;0
2026-02-20 01:15:00;0,05;15,19;64,549;112,0881;0
2026-02-20 01:30:00;0,06;14,03;62,289;109,8281;0
2026-02-20 01:45:00;0,05;12,42;63,159;110,6981;0
2026-02-20 02:00:00;0,05;12,74;63,039;110,5781;0
2026-02-20 02:15:00;0,06;13,05;62,229;109,7681;0
2026-02-20 02:30:00;0,06;13,12;59,839;107,3781;0
2026-02-20 02:45:00;0,05;7,9;59,739;107,2781;0
2026-02-20 03:00:00;0,06;7,85;58,609;106,1481;0
2026-02-20 03:15:00;0,05;7,75;59,759;107,2981;0
2026-02-20 03:30:00;0,06;7,62;59,839;107,3781;0
2026-02-20 03:45:00;0,06;9,94;60,749;108,2881;0
2026-02-20 04:00:00;0,05;17,46;60,169;107,7081;0
2026-02-20 04:15:00;0,06;17,77;62,479;110,0181;0
2026-02-20 04:30:00;0,05;18,96;70,499;118,0381;0
2026-02-20 04:45:00;0,06;18,22;76,539;124,0781;0
2026-02-20 05:00:00;0,06;17,45;66,459;113,9981;0
2026-02-20 05:15:00;0,06;18,54;82,009;129,5481;0
2026-02-20 05:30:00;0,05;15,92;86,499;134,0381;8,50E-08
2026-02-20 05:45:00;0,05;12,68;97,119;144,6581;0,000774074
2026-02-20 06:00:00;0,05;9;88,379;135,9181;0,003174673
2026-02-20 06:15:00;0,05;9,89;98,799;146,3381;0,007286208
2026-02-20 06:30:00;0,06;9,26;110,489;158,0281;0,012585801
2026-02-20 06:45:00;0,08;7,24;107,449;154,9881;0,01885711
2026-02-20 07:00:00;0,48;7,51;112,629;160,1681;0,026481647
2026-02-20 07:15:00;0,46;8,34;113,069;160,6081;0,03502434
2026-02-20 07:30:00;0,69;15,26;106,589;154,1281;0,044062205
2026-02-20 07:45:00;0,95;15,57;97,669;145,2081;0,053785395
2026-02-20 08:00:00;1,49;13,89;113,749;161,2881;0,07226677
2026-02-20 08:15:00;1,79;13,24;106,649;154,1881;0,08371212
2026-02-20 08:30:00;4,4;8,41;94,099;141,6381;0,08935251
2026-02-20 08:45:00;6,4;6,42;80,329;127,8681;0,0900386
2026-02-20 09:00:00;6,83;14,57;96,729;144,2681;0,114685625
2026-02-20 09:15:00;10,34;10,84;88,359;135,8981;0,11429281
2026-02-20 09:30:00;11,14;9,72;78,029;125,5681;0,114566445
2026-02-20 09:45:00;11,63;8,85;70,749;118,2881;0,11552125
2026-02-20 10:00:00;13,22;8,18;73,109;120,6481;0,13452882
2026-02-20 10:15:00;13,02;6,62;65,919;113,4581;0,134775
2026-02-20 10:30:00;19,73;1,39;73,459;120,9981;0,13417527
2026-02-20 10:45:00;26,44;-7,78;63,499;111,0381;0,13359298
2026-02-20 11:00:00;31,32;-10,92;63,629;111,1681;0,14698847
2026-02-20 11:15:00;33,78;-15,11;59,799;107,3381;0,14690065
2026-02-20 11:30:00;38,54;-17,36;59,959;107,4981;0,1468641
2026-02-20 11:45:00;37,3;-17,56;58,519;106,0581;0,14506671
2026-02-20 12:00:00;42,5;-22,56;60,559;108,0981;0,15852672
2026-02-20 12:15:00;22,72;-7,19;57,989;105,5281;0,1530424
2026-02-20 12:30:00;30,89;-13,3;59,549;107,0881;0,14582871
2026-02-20 12:45:00;50;-33,36;52,329;99,8681;0,13631363
2026-02-20 13:00:00;32,75;-15,88;56,699;104,2381;0,1440604
2026-02-20 13:15:00;18,62;-1,7;56,979;104,5181;0,13126846
2026-02-20 13:30:00;17,38;-0,91;61,299;108,8381;0,11757816
2026-02-20 13:45:00;12,64;5,15;60,969;108,5081;0,10264072
2026-02-20 14:00:00;14,11;-0,98;53,469;101,0081;0,088924155
2026-02-20 14:15:00;12,07;3,33;62,709;110,2481;0,07464773
2026-02-20 14:30:00;7,34;7,52;62,979;110,5181;0,057940964
2026-02-20 14:45:00;5,71;9,88;68,739;116,2781;0,041495845
2026-02-20 15:00:00;7,84;8,76;61,809;109,3481;0,029572926
2026-02-20 15:15:00;7,55;9,26;68,199;115,7381;0,017569678
2026-02-20 15:30:00;8,93;8,54;72,129;119,6681;0,008731327
2026-02-20 15:45:00;6,6;7,14;73,469;121,0081;0,002730341
2026-02-20 16:00:00;7,35;6,47;69,969;117,5081;0,000200022
2026-02-20 16:15:00;2,71;15,91;73,279;120,8181;0
2026-02-20 16:30:00;1,62;19,47;76,489;124,0281;0
2026-02-20 16:45:00;0,18;19,89;75,199;122,7381;0
2026-02-20 17:00:00;0,06;20,67;70,349;117,8881;0
2026-02-20 17:15:00;0,05;19,29;74,929;122,4681;0
2026-02-20 17:30:00;0,05;19,95;77,859;125,3981;0
2026-02-20 17:45:00;0,05;22,01;80,819;128,3581;0
2026-02-20 18:00:00;0,05;23,75;83,199;130,7381;0
2026-02-20 18:15:00;0,06;15,4;82,859;130,3981;0
2026-02-20 18:30:00;0,05;14,63;75,489;123,0281;0
2026-02-20 18:45:00;0,06;13,49;61,829;109,3681;0
2026-02-20 19:00:00;0,05;14,21;81,049;128,5881;0
2026-02-20 19:15:00;0,06;13,94;66,279;113,8181;0
2026-02-20 19:30:00;0,06;14,79;63,879;111,4181;0
2026-02-20 19:45:00;0,06;14,8;54,139;101,6781;0
2026-02-20 20:00:00;0,06;12,8;77,769;125,3081;0
2026-02-20 20:15:00;0,06;11,88;64,789;112,3281;0
2026-02-20 20:30:00;0,06;11,36;50,169;97,7081;0
2026-02-20 20:45:00;0,06;11,41;35,029;82,5681;0
2026-02-20 21:00:00;0,05;10,42;62,259;109,7981;0
2026-02-20 21:15:00;0,06;10,69;55,419;102,9581;0
2026-02-20 21:30:00;0,06;11,07;51,079;98,6181;0
2026-02-20 21:45:00;0,06;9,54;36,859;84,3981;0
2026-02-20 22:00:00;0,06;9,94;49,519;97,0581;0
2026-02-20 22:15:00;0,06;10,15;38,969;86,5081;0
2026-02-20 22:30:00;0,06;7,09;36,349;83,8881;0
2026-02-20 22:45:00;0,05;14,6;25,289;72,8281;0
2026-02-20 23:00:00;0,06;13,09;46,169;93,7081;0
2026-02-20 23:15:00;0,05;16,18;39,389;86,9281;0
2026-02-20 23:30:00;0,05;13,84;36,309;83,8481;0
2026-02-20 23:45:00;0,04;13,48;31,589;79,1281;0
2026-02-21 00:00:00;0,05;14,64;38,349;85,8881;0
2026-02-21 00:15:00;0,05;19,14;31,159;78,6981;0
2026-02-21 00:30:00;0,05;18,75;33,949;81,4881;0
2026-02-21 00:45:00;0,05;18,76;24,329;71,8681;0
2026-02-21 01:00:00;0,05;16,6;33,419;80,9581;0
2026-02-21 01:15:00;0,05;16,27;30,519;78,0581;0
2026-02-21 01:30:00;0,05;15,93;25,539;73,0781;0
2026-02-21 01:45:00;0,05;17,16;20,229;67,7681;0
2026-02-21 02:00:00;0,05;16,13;29,549;77,0881;0
2026-02-21 02:15:00;0,05;14,67;24,949;72,4881;0
2026-02-21 02:30:00;0,04;13,94;22,839;70,3781;0
2026-02-21 02:45:00;0,05;10,78;24,469;72,0081;0
2026-02-21 03:00:00;0,05;9,78;25,299;72,8381;0
2026-02-21 03:15:00;0,05;9,61;25,559;73,0981;0
2026-02-21 03:30:00;0,05;11,72;25,589;73,1281;0
2026-02-21 03:45:00;0,05;10,71;23,809;71,3481;0
2026-02-21 04:00:00;0,06;11,09;22,499;70,0381;0
2026-02-21 04:15:00;0,05;11,25;22,599;70,1381;0
2026-02-21 04:30:00;0,05;12,63;29,369;76,9081;0
2026-02-21 04:45:00;0,05;13,38;30,339;77,8781;0
2026-02-21 05:00:00;0,06;19,02;16,699;64,2381;0
2026-02-21 05:15:00;0,05;18,57;20,219;67,7581;0
2026-02-21 05:30:00;0,05;17,22;28,689;76,2281;1,70E-06
2026-02-21 05:45:00;0,06;18,2;39,679;87,2181;0,00085024
2026-02-21 06:00:00;0,05;13,9;27,829;75,3681;0,003541138
2026-02-21 06:15:00;0,05;11,05;29,099;76,6381;0,007824983
2026-02-21 06:30:00;0,06;9,99;41,409;88,9481;0,013294166
2026-02-21 06:45:00;0,06;10,1;47,329;94,8681;0,02000547
2026-02-21 07:00:00;0,77;7,45;47,659;95,1981;0,022914242
2026-02-21 07:15:00;1,44;7,8;47,159;94,6981;0,030066818
2026-02-21 07:30:00;1,98;6,26;49,829;97,3681;0,037204687
2026-02-21 07:45:00;2,43;5,59;50,979;98,5181;0,044482738
2026-02-21 08:00:00;3,98;4,97;50,259;97,7981;0,051725168
2026-02-21 08:15:00;5,25;10,89;43,839;91,3781;0,05948146
2026-02-21 08:30:00;6,32;12,39;44,089;91,6281;0,06662987
2026-02-21 08:45:00;6,65;9,07;40,749;88,2881;0,07369183
2026-02-21 09:00:00;7,24;13,4;46,329;93,8681;0,082975626
2026-02-21 09:15:00;4,86;14,09;44,959;92,4981;0,08986264
2026-02-21 09:30:00;5,12;14,81;39,419;86,9581;0,09637257
2026-02-21 09:45:00;5,33;12,73;33,159;80,6981;0,10172061
2026-02-21 10:00:00;6,22;11,59;43,779;91,3181;0,10937532
2026-02-21 10:15:00;11,15;8,19;37,039;84,5781;0,11237317
2026-02-21 10:30:00;17,77;0,83;34,859;82,3981;0,1124201
2026-02-21 10:45:00;18,17;-0,8;31,199;78,7381;0,11155464
2026-02-21 11:00:00;18,81;-0,13;42,619;90,1581;0,14888217
2026-02-21 11:15:00;12,99;5,58;35,139;82,6781;0,14397725
2026-02-21 11:30:00;8,04;7,97;31,669;79,2081;0,13937923
2026-02-21 11:45:00;10,93;5,15;29,919;77,4581;0,1296557
2026-02-21 12:00:00;12,3;6,95;32,999;80,5381;0,1272375
2026-02-21 12:15:00;16,39;2,84;33,549;81,0881;0,11738417
2026-02-21 12:30:00;18,41;0,03;34,349;81,8881;0,10629611
2026-02-21 12:45:00;22,38;-4,19;34,559;82,0981;0,09404056
2026-02-21 13:00:00;20,87;-1,87;33,369;80,9081;0,07619792
2026-02-21 13:15:00;41,36;-23,92;38,199;85,7381;0,068710335
2026-02-21 13:30:00;17,52;-1,88;44,159;91,6981;0,060821343
2026-02-21 13:45:00;17,26;-2,74;51,479;99,0181;0,052097157
2026-02-21 14:00:00;13,5;2,15;36,349;83,8881;0,047193952
2026-02-21 14:15:00;10,64;6,45;42,889;90,4281;0,038625497
2026-02-21 14:30:00;10,89;3,75;53,259;100,7981;0,030219575
2026-02-21 14:45:00;11,96;2,3;62,349;109,8881;0,022109905
2026-02-21 15:00:00;9,82;3,25;43,329;90,8681;0,016904159
2026-02-21 15:15:00;8,78;4,47;55,809;103,3481;0,010254739
2026-02-21 15:30:00;6,58;8,13;60,719;108,2581;0,00543042
2026-02-21 15:45:00;5,75;8,81;71,359;118,8981;0,001946151
2026-02-21 16:00:00;2,86;14,23;58,879;106,4181;0,000221953
2026-02-21 16:15:00;2,61;13,37;66,319;113,8581;0
2026-02-21 16:30:00;0,93;15,35;75,549;123,0881;0
2026-02-21 16:45:00;0,16;15,68;85,519;133,0581;0
2026-02-21 17:00:00;0,06;15,5;78,929;126,4681;0
2026-02-21 17:15:00;0,05;16,56;83,149;130,6881;0
2026-02-21 17:30:00;0,06;15,94;84,479;132,0181;0
2026-02-21 17:45:00;0,06;6,55;92,569;140,1081;0
2026-02-21 18:00:00;0,05;8,44;92,429;139,9681;0
2026-02-21 18:15:00;0,06;14,22;90,699;138,2381;0
2026-02-21 18:30:00;0,06;11,96;88,259;135,7981;0
2026-02-21 18:45:00;0,06;11,36;82,569;130,1081;0
2026-02-21 19:00:00;0,06;11,28;80,929;128,4681;0
2026-02-21 19:15:00;0,06;10,86;69,749;117,2881;0
2026-02-21 19:30:00;0,05;7,91;64,359;111,8981;0
2026-02-21 19:45:00;0,07;9,3;57,539;105,0781;0
2026-02-21 20:00:00;0,06;8,4;65,189;112,7281;0
2026-02-21 20:15:00;0,06;7,73;62,219;109,7581;0
2026-02-21 20:30:00;0,06;7,53;57,949;105,4881;0
2026-02-21 20:45:00;0,07;8,03;51,219;98,7581;0
2026-02-21 21:00:00;0,06;8,16;65,799;113,3381;0
2026-02-21 21:15:00;0,06;6,32;59,229;106,7681;0
2026-02-21 21:30:00;0,07;7,14;50,749;98,2881;0
2026-02-21 21:45:00;0,06;7,45;47,519;95,0581;0
2026-02-21 22:00:00;0,06;7,27;55,339;102,8781;0
2026-02-21 22:15:00;0,06;6,93;44,629;92,1681;0
2026-02-21 22:30:00;0,06;4,56;48,509;96,0481;0
2026-02-21 22:45:00;0,06;16,05;26,059;73,5981;0
2026-02-21 23:00:00;0,06;14,46;45,419;92,9581;0
2026-02-21 23:15:00;0,06;13,64;38,389;85,9281;0
2026-02-21 23:30:00;0,06;14,18;30,749;78,2881;0
2026-02-21 23:45:00;0,06;13,9;24,249;71,7881;0
2026-02-22 00:00:00;0,06;11,84;37,549;85,0881;0
2026-02-22 00:15:00;0,06;13,87;32,009;79,5481;0
2026-02-22 00:30:00;0,06;14,49;30,179;77,7181;0
2026-02-22 00:45:00;0,06;13,32;29,399;76,9381;0
2026-02-22 01:00:00;0,05;12,78;34,059;81,5981;0
2026-02-22 01:15:00;0,06;15,98;29,459;76,9981;0
2026-02-22 01:30:00;0,06;14,51;27,109;74,6481;0
2026-02-22 01:45:00;0,06;13,11;22,439;69,9781;0
2026-02-22 02:00:00;0,06;13,24;22,129;69,6681;0
2026-02-22 02:15:00;0,05;12,54;20,949;68,4881;0
2026-02-22 02:30:00;0,05;14,21;26,469;74,0081;0
2026-02-22 02:45:00;0,04;8,77;22,509;70,0481;0
2026-02-22 03:00:00;0,06;5,96;19,929;67,4681;0
2026-02-22 03:15:00;0,05;6,58;18,459;65,9981;0
2026-02-22 03:30:00;0,06;7,55;23,129;70,6681;0
2026-02-22 03:45:00;0,05;9,68;22,889;70,4281;0
2026-02-22 04:00:00;0,05;9,28;21,749;69,2881;0
2026-02-22 04:15:00;0,05;15,71;21,699;69,2381;0
2026-02-22 04:30:00;0,06;16,98;20,719;68,2581;0
2026-02-22 04:45:00;0,05;16,53;19,079;66,6181;0
2026-02-22 05:00:00;0,08;17,17;16,999;64,5381;0
2026-02-22 05:15:00;0,06;17,59;18,399;65,9381;0
2026-02-22 05:30:00;0,05;20,42;19,219;66,7581;1,21E-05
2026-02-22 05:45:00;0,05;19,24;20,779;68,3181;0,000701138
2026-02-22 06:00:00;0,06;19,78;20,909;68,4481;0,0023609
2026-02-22 06:15:00;0,05;13,75;25,029;72,5681;0,004887735
2026-02-22 06:30:00;0,06;9,21;21,719;69,2581;0,007964649
2026-02-22 06:45:00;0,06;10,01;23,159;70,6981;0,011479945
2026-02-22 07:00:00;0,09;11,35;25,609;73,1481;0,014685305
2026-02-22 07:15:00;1,04;9,97;24,299;71,8381;0,01855015
2026-02-22 07:30:00;1,47;10,19;26,429;73,9681;0,022923082
2026-02-22 07:45:00;1,65;9,68;30,689;78,2281;0,028018318
2026-02-22 08:00:00;2,1;6,67;30,419;77,9581;0,03690929
2026-02-22 08:15:00;1,99;5,57;32,939;80,4781;0,04281821
2026-02-22 08:30:00;3,93;5,26;31,359;78,8981;0,048255514
2026-02-22 08:45:00;4,84;3,51;31,669;79,2081;0,053572793
2026-02-22 09:00:00;5,26;11,79;35,839;83,3781;0,062049862
2026-02-22 09:15:00;5,2;10,44;34,219;81,7581;0,067660324
2026-02-22 09:30:00;5,21;10,4;32,089;79,6281;0,0740311
2026-02-22 09:45:00;4,83;11,13;28,879;76,4181;0,081543505
2026-02-22 10:00:00;6,33;7,91;31,219;78,7581;0,097882114
2026-02-22 10:15:00;4,69;9,06;31,799;79,3381;0,10631149
2026-02-22 10:30:00;6,67;9,36;30,439;77,9781;0,11175748
2026-02-22 10:45:00;14,35;1,63;28,069;75,6081;0,11578893
2026-02-22 11:00:00;11,97;4,88;29,079;76,6181;0,13172044
2026-02-22 11:15:00;11,29;4,23;32,049;79,5881;0,13377897
2026-02-22 11:30:00;16,49;-2,5;27,499;75,0381;0,13598219
2026-02-22 11:45:00;9,98;3,48;21,889;69,4281;0,13666937
2026-02-22 12:00:00;10,43;3,22;31,599;79,1381;0,1268379
2026-02-22 12:15:00;10,7;3,85;25,509;73,0481;0,1276101
2026-02-22 12:30:00;8,43;7,61;21,429;68,9681;0,12513095
2026-02-22 12:45:00;5,63;11,66;19,569;67,1081;0,118800476
2026-02-22 13:00:00;7,68;8,36;23,439;70,9781;0,1008878
2026-02-22 13:15:00;9,23;6,13;22,519;70,0581;0,09897377
2026-02-22 13:30:00;5,92;11,58;23,039;70,5781;0,093272865
2026-02-22 13:45:00;3,04;15,27;24,509;72,0481;0,08279583
2026-02-22 14:00:00;2,86;14,2;25,019;72,5581;0,057978623
2026-02-22 14:15:00;5,01;10,15;23,359;70,8981;0,051750243
2026-02-22 14:30:00;4,49;11,77;25,089;72,6281;0,043358095
2026-02-22 14:45:00;3,91;10,9;33,859;81,3981;0,033555508
2026-02-22 15:00:00;2,55;11,21;31,129;78,6681;0,020382477
2026-02-22 15:15:00;1,91;12,19;32,369;79,9081;0,013944894
2026-02-22 15:30:00;2,37;10,37;39,739;87,2781;0,007805601
2026-02-22 15:45:00;1,53;6,67;46,279;93,8181;0,002934613
2026-02-22 16:00:00;1,1;7,85;46,739;94,2781;0,000431836
2026-02-22 16:15:00;0,7;15,6;51,019;98,5581;0
2026-02-22 16:30:00;0,09;15,49;54,629;102,1681;0
2026-02-22 16:45:00;0,05;14,76;66,639;114,1781;0
2026-02-22 17:00:00;0,06;15,91;57,159;104,6981;0
2026-02-22 17:15:00;0,06;14,6;64,739;112,2781;0
2026-02-22 17:30:00;0,06;19,03;66,889;114,4281;0
2026-02-22 17:45:00;0,05;21,24;65,639;113,1781;0
2026-02-22 18:00:00;0,07;15,7;66,579;114,1181;0
2026-02-22 18:15:00;0,06;10,96;70,279;117,8181;0
2026-02-22 18:30:00;0,05;10,27;70,749;118,2881;0
2026-02-22 18:45:00;0,06;9,73;65,079;112,6181;0
2026-02-22 19:00:00;0,05;10,05;62,799;110,3381;0
2026-02-22 19:15:00;0,06;11,05;53,119;100,6581;0
2026-02-22 19:30:00;0,06;11,27;55,829;103,3681;0
2026-02-22 19:45:00;0,06;10,99;51,599;99,1381;0
2026-02-22 20:00:00;0,06;9,76;47,899;95,4381;0
2026-02-22 20:15:00;0,06;9,43;47,749;95,2881;0
2026-02-22 20:30:00;0,06;9,43;46,239;93,7781;0
2026-02-22 20:45:00;0,07;9,25;42,739;90,2781;0
2026-02-22 21:00:00;0,06;6,45;55,219;102,7581;0
2026-02-22 21:15:00;0,06;8,48;46,539;94,0781;0
2026-02-22 21:30:00;0,06;9,75;50,779;98,3181;0
2026-02-22 21:45:00;0,05;8,45;36,599;84,1381;0
2026-02-22 22:00:00;0,06;8,68;45,309;92,8481;0
2026-02-22 22:15:00;0,04;8,22;33,659;81,1981;0
2026-02-22 22:30:00;0,05;5,69;34,479;82,0181;0
2026-02-22 22:45:00;0,05;15,53;19,429;66,9681;0
2026-02-22 23:00:00;0,05;14,33;31,939;79,4781;0
2026-02-22 23:15:00;0,06;13,91;31,089;78,6281;0
2026-02-22 23:30:00;0,06;13,55;22,349;69,8881;0
2026-02-22 23:45:00;0,05;13,33;27,049;74,5881;0
2026-02-23 00:00:00;0,05;13,23;28,619;76,1581;0
2026-02-23 00:15:00;0,05;13,07;25,859;73,3981;0
2026-02-23 00:30:00;0,05;12,89;25,229;72,7681;0
2026-02-23 00:45:00;0,05;13,05;32,409;79,9481;0
2026-02-23 01:00:00;0,05;13,2;29,479;77,0181;0
2026-02-23 01:15:00;0,05;15,27;27,529;75,0681;0
2026-02-23 01:30:00;0,06;16,41;29,179;76,7181;0
2026-02-23 01:45:00;0,06;14,86;25,109;72,6481;0
2026-02-23 02:00:00;0,05;12,35;27,469;75,0081;0
2026-02-23 02:15:00;0,05;13,4;26,769;74,3081;0
2026-02-23 02:30:00;0,05;13,24;26,379;73,9181;0
2026-02-23 02:45:00;0,05;8,42;26,389;73,9281;0
2026-02-23 03:00:00;0,05;6,92;23,489;71,0281;0
2026-02-23 03:15:00;0,07;6,37;26,139;73,6781;0
2026-02-23 03:30:00;0,06;7,07;28,119;75,6581;0
2026-02-23 03:45:00;0,06;9,75;29,909;77,4481;0
2026-02-23 04:00:00;0,05;9,56;30,869;78,4081;0
2026-02-23 04:15:00;0,05;16,92;27,159;74,6981;0
2026-02-23 04:30:00;0,05;17,15;36,309;83,8481;0
2026-02-23 04:45:00;0,06;16,95;51,989;99,5281;0
2026-02-23 05:00:00;0,06;16,93;37,889;85,4281;0
2026-02-23 05:15:00;0,06;17,01;52,509;100,0481;0
2026-02-23 05:30:00;0,06;13,73;63,199;110,7381;2,81E-05
2026-02-23 05:45:00;0,06;11,97;67,089;114,6281;0,000610181
2026-02-23 06:00:00;0,06;11,6;69,669;117,2081;0,001970973
2026-02-23 06:15:00;0,05;6,23;75,929;123,4681;0,003827867
2026-02-23 06:30:00;0,06;8,25;80,719;128,2581;0,006046295
2026-02-23 06:45:00;0,45;5,55;84,179;131,7181;0,008526715
2026-02-23 07:00:00;3,55;2,02;90,669;138,2081;0,010536537
2026-02-23 07:15:00;3,51;1,78;83,589;131,1281;0,013033619
2026-02-23 07:30:00;2,21;3,84;77,009;124,5481;0,015363237
2026-02-23 07:45:00;5,25;2,55;68,829;116,3681;0,017407825
2026-02-23 08:00:00;10,74;-1,25;74,459;121,9981;0,023746459
2026-02-23 08:15:00;13,18;-6,45;68,509;116,0481;0,025148226
2026-02-23 08:30:00;12,71;-5,68;61,749;109,2881;0,026655655
2026-02-23 08:45:00;18,73;-3,18;44,209;91,7481;0,02816436
2026-02-23 09:00:00;22,28;4,49;59,279;106,8181;0,03372195
2026-02-23 09:15:00;28,39;-4,75;55,089;102,6281;0,034771107
2026-02-23 09:30:00;35,07;-15,81;37,079;84,6181;0,03555428
2026-02-23 09:45:00;41,98;-22,46;15,129;62,6681;0,035827402
2026-02-23 10:00:00;48,49;-29,83;36,029;83,5681;0,043790013
2026-02-23 10:15:00;41,83;-23,4;38,029;85,5681;0,04294904
2026-02-23 10:30:00;39,72;-21,47;26,419;73,9581;0,04218321
2026-02-23 10:45:00;37,7;-20,12;8,429;55,9681;0,04145045
2026-02-23 11:00:00;40,63;-22,14;9,779;57,3181;0,06264772
2026-02-23 11:15:00;35,99;-17,29;-2,681;44,8581;0,05900993
2026-02-23 11:30:00;31,76;-15,27;-4,201;43,3381;0,05563549
2026-02-23 11:45:00;27,05;-10,93;-5,201;42,3381;0,049977332
2026-02-23 12:00:00;27,46;-10,31;-4,271;43,2681;0,045381345
2026-02-23 12:15:00;39,32;-20,69;-5,011;42,5281;0,040170923
2026-02-23 12:30:00;21,85;-5,58;-5,001;42,5381;0,035689864
2026-02-23 12:45:00;40,75;-23,97;-1,471;46,0681;0,03186684
2026-02-23 13:00:00;54,12;-36,64;-0,381;47,1581;0,026730971
2026-02-23 13:15:00;36,98;-21,93;16,149;63,6881;0,02354304
2026-02-23 13:30:00;33,03;-18,15;26,089;73,6281;0,020512028
2026-02-23 13:45:00;45,04;-30,66;28,719;76,2581;0,017570954
2026-02-23 14:00:00;28,99;-13,34;7,259;54,7981;0,013720476
2026-02-23 14:15:00;20,24;-4,47;20,789;68,3281;0,011352944
2026-02-23 14:30:00;22,02;-7,84;48,739;96,2781;0,009010831
2026-02-23 14:45:00;15,92;-1,9;61,689;109,2281;0,006844681
2026-02-23 15:00:00;8,38;5,59;23,259;70,7981;0,004504268
2026-02-23 15:15:00;5,58;8,33;52,949;100,4881;0,003067479
2026-02-23 15:30:00;6,77;8,2;64,079;111,6181;0,001839722
2026-02-23 15:45:00;5,65;6,56;74,939;122,4781;0,000825843
2026-02-23 16:00:00;5,66;11,05;58,289;105,8281;0,000166784
2026-02-23 16:15:00;4,46;10,18;67,969;115,5081;0
2026-02-23 16:30:00;1,69;12,67;70,909;118,4481;0
2026-02-23 16:45:00;0,81;15,75;75,809;123,3481;0
2026-02-23 17:00:00;0,11;17,46;78,799;126,3381;0
2026-02-23 17:15:00;0,05;16,27;83,109;130,6481;0
2026-02-23 17:30:00;0,06;16,13;95,349;142,8881;0
2026-02-23 17:45:00;0,06;19,59;106,069;153,6081;0
2026-02-23 18:00:00;0,06;11,84;101,889;149,4281;0
2026-02-23 18:15:00;0,06;12,13;103,149;150,6881;0
2026-02-23 18:30:00;0,06;9,55;103,639;151,1781;0
2026-02-23 18:45:00;0,06;9,9;105,289;152,8281;0
2026-02-23 19:00:00;0,06;9,75;96,329;143,8681;0
2026-02-23 19:15:00;0,06;9,35;95,749;143,2881;0
2026-02-23 19:30:00;0,06;9,78;82,049;129,5881;0
2026-02-23 19:45:00;0,05;7,84;78,129;125,6681;0
2026-02-23 20:00:00;0,07;7,12;81,349;128,8881;0
2026-02-23 20:15:00;0,08;7,33;82,709;130,2481;0
2026-02-23 20:30:00;0,06;8,23;70,109;117,6481;0
2026-02-23 20:45:00;0,06;9,3;59,019;106,5581;0
2026-02-23 21:00:00;0,06;7,48;76,989;124,5281;0
2026-02-23 21:15:00;0,06;7,03;70,719;118,2581;0
2026-02-23 21:30:00;0,06;6,9;73,869;121,4081;0
2026-02-23 21:45:00;0,06;8,89;67,029;114,5681;0
2026-02-23 22:00:00;0,06;8,91;68,689;116,2281;0
2026-02-23 22:15:00;0,06;8,47;64,309;111,8481;0
2026-02-23 22:30:00;0,06;7,01;62,859;110,3981;0
2026-02-23 22:45:00;0,06;15,21;57,829;105,3681;0
2026-02-23 23:00:00;0,06;16,27;63,259;110,7981;0
2026-02-23 23:15:00;0,06;14,13;63,479;111,0181;0
2026-02-23 23:30:00;0,06;13,56;62,639;110,1781;0
2026-02-23 23:45:00;0,05;13,05;55,899;103,4381;0
2026-02-24 00:00:00;0,06;13,22;60,819;108,3581;0
2026-02-24 00:15:00;0,06;14,14;60,749;108,2881;0
2026-02-24 00:30:00;0,06;19,2;61,009;108,5481;0
2026-02-24 00:45:00;0,05;19,92;60,949;108,4881;0
2026-02-24 01:00:00;0,05;18,67;62,899;110,4381;0
2026-02-24 01:15:00;0,06;18,83;65,179;112,7181;0
2026-02-24 01:30:00;0,06;18,67;65,189;112,7281;0
2026-02-24 01:45:00;0,05;18,85;65,979;113,5181;0
2026-02-24 02:00:00;0,06;18,32;58,099;105,6381;0
2026-02-24 02:15:00;0,06;18,64;59,109;106,6481;0
2026-02-24 02:30:00;0,06;16,03;59,159;106,6981;0
2026-02-24 02:45:00;0,06;11,61;61,209;108,7481;0
2026-02-24 03:00:00;0,06;10,41;59,169;106,7081;0
2026-02-24 03:15:00;0,06;9,39;59,529;107,0681;0
2026-02-24 03:30:00;0,05;9,81;60,399;107,9381;0
2026-02-24 03:45:00;0,05;9,21;62,439;109,9781;0
2026-02-24 04:00:00;0,06;9,88;60,639;108,1781;0
2026-02-24 04:15:00;0,06;9,52;61,699;109,2381;0
2026-02-24 04:30:00;0,06;11,07;67,849;115,3881;0
2026-02-24 04:45:00;0,05;7,87;72,579;120,1181;0
2026-02-24 05:00:00;0,05;17,58;68,139;115,6781;0
2026-02-24 05:15:00;0,06;15,31;77,909;125,4481;0
2026-02-24 05:30:00;0,06;13,73;87,139;134,6781;0,000196451
2026-02-24 05:45:00;0,06;12,33;94,339;141,8781;0,002487306
2026-02-24 06:00:00;0,05;11,4;81,589;129,1281;0,007637712
2026-02-24 06:15:00;0,06;11,47;90,729;138,2681;0,015652515
2026-02-24 06:30:00;0,06;9,7;100,619;148,1581;0,02630772
2026-02-24 06:45:00;0,06;5,14;106,779;154,3181;0,038509037
2026-02-24 07:00:00;0,1;9,02;117,879;165,4181;0,05258603
2026-02-24 07:15:00;0,72;7,47;113,899;161,4381;0,063877605
2026-02-24 07:30:00;1,37;11,25;108,969;156,5081;0,07532558
2026-02-24 07:45:00;1,84;10,68;103,979;151,5181;0,087298654
2026-02-24 08:00:00;2,64;10,08;113,269;160,8081;0,11323081
2026-02-24 08:15:00;3,12;9,55;94,239;141,7781;0,12529968
2026-02-24 08:30:00;3,88;5,53;86,799;134,3381;0,13756706
2026-02-24 08:45:00;5,69;3,55;78,669;126,2081;0,15143153
2026-02-24 09:00:00;6,76;12,13;108,919;156,4581;0,18390116
2026-02-24 09:15:00;7,09;12,07;89,459;136,9981;0,19755432
2026-02-24 09:30:00;7,03;11,86;83,099;130,6381;0,21102937
2026-02-24 09:45:00;11,04;6,44;87,319;134,8581;0,22220159
2026-02-24 10:00:00;13,2;3,92;92,899;140,4381;0,2587905
2026-02-24 10:15:00;18,39;-0,97;79,239;126,7781;0,26511535
2026-02-24 10:30:00;17,66;-1,77;76,129;123,6681;0,26492944
2026-02-24 10:45:00;16,18;-0,03;70,279;117,8181;0,26147467
2026-02-24 11:00:00;16,9;-1,83;76,569;124,1081;0,23568505
2026-02-24 11:15:00;18,89;-2,38;70,849;118,3881;0,2300433
2026-02-24 11:30:00;21,92;-6,16;72,009;119,5481;0,22441524
2026-02-24 11:45:00;28,43;-13,19;65,959;113,4981;0,20496939
2026-02-24 12:00:00;18,92;-5,51;68,369;115,9081;0,16444857
2026-02-24 12:15:00;15,04;-1,74;67,969;115,5081;0,15388143
2026-02-24 12:30:00;15,09;-1,05;68,949;116,4881;0,1428357
2026-02-24 12:45:00;16,71;5,37;67,299;114,8381;0,13142513
2026-02-24 13:00:00;14,93;1,42;60,429;107,9681;0,114303686
2026-02-24 13:15:00;12,3;1,81;63,169;110,7081;0,10573855
2026-02-24 13:30:00;15,98;-2,53;64,299;111,8381;0,09711322
2026-02-24 13:45:00;14,44;-1,55;69,439;116,9781;0,08797463
2026-02-24 14:00:00;15,63;-2,63;65,749;113,2881;0,06817879
2026-02-24 14:15:00;11,91;0,97;71,199;118,7381;0,060641214
2026-02-24 14:30:00;11,39;1,72;74,429;121,9681;0,05094735
2026-02-24 14:45:00;9,98;2,92;85,759;133,2981;0,03989907
2026-02-24 15:00:00;8,14;6,14;65,749;113,2881;0,029904367
2026-02-24 15:15:00;5,54;8,2;79,779;127,3181;0,019609593
2026-02-24 15:30:00;5,02;8,8;75,909;123,4481;0,01075407
2026-02-24 15:45:00;3,91;9,17;96,049;143,5881;0,004484801
2026-02-24 16:00:00;3,14;14,22;59,439;106,9781;0,000941793
2026-02-24 16:15:00;2,72;12,32;90,609;138,1481;0
2026-02-24 16:30:00;1,4;9,77;121,949;169,4881;0
2026-02-24 16:45:00;0,57;11,19;172,719;220,2581;0
2026-02-24 17:00:00;0,07;16,43;115,749;163,2881;0
2026-02-24 17:15:00;0,07;18,41;114,939;162,4781;0
2026-02-24 17:30:00;0,06;17,85;108,519;156,0581;0
2026-02-24 17:45:00;0,06;18,7;111,799;159,3381;0
2026-02-24 18:00:00;0,06;13,14;110,019;157,5581;0
2026-02-24 18:15:00;0,05;13,24;109,249;156,7881;0
2026-02-24 18:30:00;0,06;10,09;105,429;152,9681;0
2026-02-24 18:45:00;0,06;9,72;94,039;141,5781;0
2026-02-24 19:00:00;0,06;9,23;112,909;160,4481;0
2026-02-24 19:15:00;0,06;9,55;105,529;153,0681;0
2026-02-24 19:30:00;0,06;7,73;93,839;141,3781;0
2026-02-24 19:45:00;0,05;7,38;81,659;129,1981;0
2026-02-24 20:00:00;0,07;7,01;91,779;139,3181;0
2026-02-24 20:15:00;0,06;7,39;83,889;131,4281;0
2026-02-24 20:30:00;0,06;7,28;79,519;127,0581;0
2026-02-24 20:45:00;0,06;9,35;68,999;116,5381;0
2026-02-24 21:00:00;0,06;6,49;80,489;128,0281;0
2026-02-24 21:15:00;0,07;6,59;77,299;124,8381;0
2026-02-24 21:30:00;0,07;6,59;74,949;122,4881;0
2026-02-24 21:45:00;0,06;5,39;71,139;118,6781;0
2026-02-24 22:00:00;0,06;6,09;73,769;121,3081;0
2026-02-24 22:15:00;0,07;4,07;72,269;119,8081;0
2026-02-24 22:30:00;0,06;5,52;68,709;116,2481;0
2026-02-24 22:45:00;0,06;14,79;63,779;111,3181;0
2026-02-24 23:00:00;0,06;13,8;71,579;119,1181;0
2026-02-24 23:15:00;0,06;14,5;66,229;113,7681;0
2026-02-24 23:30:00;0,05;14,23;62,799;110,3381;0
2026-02-24 23:45:00;0,06;12,91;60,429;107,9681;0
2026-02-25 00:00:00;0,05;13,04;63,879;111,4181;0
2026-02-25 00:15:00;0,06;13,25;62,259;109,7981;0
2026-02-25 00:30:00;0,05;12,29;59,119;106,6581;0
2026-02-25 00:45:00;0,06;12,53;56,709;104,2481;0
2026-02-25 01:00:00;0,06;12,6;60,779;108,3181;0
2026-02-25 01:15:00;0,06;13,09;58,569;106,1081;0
2026-02-25 01:30:00;0,04;14,82;56,189;103,7281;0
2026-02-25 01:45:00;0,06;14,79;54,759;102,2981;0
2026-02-25 02:00:00;0,05;13,7;59,749;107,2881;0
2026-02-25 02:15:00;0,05;13,13;59,009;106,5481;0
2026-02-25 02:30:00;0,07;12,24;59,129;106,6681;0
2026-02-25 02:45:00;0,05;7,89;58,589;106,1281;0
2026-02-25 03:00:00;0,07;6,55;58,979;106,5181;0
2026-02-25 03:15:00;0,07;6,8;58,099;105,6381;0
2026-02-25 03:30:00;0,06;7,48;59,979;107,5181;0
2026-02-25 03:45:00;0,06;8,35;60,739;108,2781;0
2026-02-25 04:00:00;0,07;15,31;58,289;105,8281;0
2026-02-25 04:15:00;0,06;17,38;60,469;108,0081;0
2026-02-25 04:30:00;0,06;17,06;66,069;113,6081;0
2026-02-25 04:45:00;0,06;16,89;69,969;117,5081;0
2026-02-25 05:00:00;0,05;17,4;68,539;116,0781;0
2026-02-25 05:15:00;0,06;15,37;78,639;126,1781;0
2026-02-25 05:30:00;0,06;12,64;87,429;134,9681;0,000140007
2026-02-25 05:45:00;0,06;12,03;97,879;145,4181;0,001418427
2026-02-25 06:00:00;0,06;8,55;80,049;127,5881;0,004071752
2026-02-25 06:15:00;0,05;5,07;94,319;141,8581;0,007542164
2026-02-25 06:30:00;0,1;7,48;114,129;161,6681;0,011596234
2026-02-25 06:45:00;2,04;2,88;112,509;160,0481;0,016202
2026-02-25 07:00:00;5,17;-4,35;123,049;170,5881;0,01896116
2026-02-25 07:15:00;10,1;-4,62;108,219;155,7581;0,024699558
2026-02-25 07:30:00;17,21;-10,64;97,829;145,3681;0,030792693
2026-02-25 07:45:00;25,36;-16,08;82,399;129,9381;0,037311967
2026-02-25 08:00:00;34,1;-25,47;100,569;148,1081;0,04565991
2026-02-25 08:15:00;43,43;-34,49;88,049;135,5881;0,0515923
2026-02-25 08:30:00;52,3;-38,91;74,659;122,1981;0,056878205
2026-02-25 08:45:00;59,94;-46,56;62,509;110,0481;0,06097529
2026-02-25 09:00:00;66,22;-48,15;70,749;118,2881;0,07133561
2026-02-25 09:15:00;71,72;-57,33;71,639;119,1781;0,07476547
2026-02-25 09:30:00;76,59;-61,99;58,279;105,8181;0,077983834
2026-02-25 09:45:00;80,84;-65,36;51,859;99,3981;0,08094514
2026-02-25 10:00:00;84,53;-69,63;57,149;104,6881;0,10135422
2026-02-25 10:15:00;87;-71,83;54,529;102,0681;0,10223489
2026-02-25 10:30:00;89,02;-74,53;53,409;100,9481;0,10248235
2026-02-25 10:45:00;90,63;-77,33;40,099;87,6381;0,102280974
2026-02-25 11:00:00;92,06;-78,79;54,839;102,3781;0,12934653
2026-02-25 11:15:00;92,48;-78,6;44,599;92,1381;0,12669644
2026-02-25 11:30:00;92,67;-78,71;34,699;82,2381;0,124261156
2026-02-25 11:45:00;92,01;-78,2;28,729;76,2681;0,12032873
2026-02-25 12:00:00;91,61;-76,89;40,749;88,2881;0,11095042
2026-02-25 12:15:00;89,86;-73,14;36,299;83,8381;0,107595704
2026-02-25 12:30:00;88,27;-73,82;35,249;82,7881;0,103178054
2026-02-25 12:45:00;86,34;-74,5;32,919;80,4581;0,09770589
2026-02-25 13:00:00;81,72;-71,66;24,729;72,2681;0,08213201
2026-02-25 13:15:00;78,75;-68,22;40,509;88,0481;0,07825484
2026-02-25 13:30:00;74,13;-62,75;47,719;95,2581;0,07300642
2026-02-25 13:45:00;69,02;-58,68;54,969;102,5081;0,06626995
2026-02-25 14:00:00;63,22;-52,66;42,599;90,1381;0,05286171
2026-02-25 14:15:00;57,39;-46,43;46,219;93,7581;0,047702715
2026-02-25 14:30:00;51,4;-40,66;55,989;103,5281;0,040359892
2026-02-25 14:45:00;44,76;-33,85;63,399;110,9381;0,031370826
2026-02-25 15:00:00;37,83;-26,35;50,029;97,5681;0,020454818
2026-02-25 15:15:00;30,48;-19,17;62,979;110,5181;0,014206206
2026-02-25 15:30:00;23,67;-9,78;80,719;128,2581;0,008714496
2026-02-25 15:45:00;16,17;-2,82;102,979;150,5181;0,004319377
2026-02-25 16:00:00;10,61;1,84;80,749;128,2881;0,001109682
2026-02-25 16:15:00;6,62;9,59;89,729;137,2681;2,47E-06
2026-02-25 16:30:00;3,91;11,51;101,819;149,3581;0
2026-02-25 16:45:00;2,34;9,29;123,309;170,8481;0
2026-02-25 17:00:00;1,02;9,82;110,449;157,9881;0
2026-02-25 17:15:00;0,12;19,41;103,079;150,6181;0
2026-02-25 17:30:00;0,06;20,67;102,759;150,2981;0
2026-02-25 17:45:00;0,04;14,69;107,449;154,9881;0
2026-02-25 18:00:00;0,06;18,35;103,759;151,2981;0
2026-02-25 18:15:00;0,06;12,02;101,439;148,9781;0
2026-02-25 18:30:00;0,06;10,94;96,569;144,1081;0
2026-02-25 18:45:00;0,06;10,21;94,899;142,4381;0
2026-02-25 19:00:00;0,06;6,18;104,019;151,5581;0
2026-02-25 19:15:00;0,06;10,18;90,809;138,3481;0
2026-02-25 19:30:00;0,06;7,61;81,599;129,1381;0
2026-02-25 19:45:00;0,06;6,89;71,249;118,7881;0
2026-02-25 20:00:00;0,07;7,59;80,979;128,5181;0
2026-02-25 20:15:00;0,06;7,71;74,449;121,9881;0
2026-02-25 20:30:00;0,07;7,38;71,369;118,9081;0
2026-02-25 20:45:00;0,07;7,26;63,909;111,4481;0
2026-02-25 21:00:00;0,06;6,85;76,349;123,8881;0
2026-02-25 21:15:00;0,06;6,78;66,499;114,0381;0
2026-02-25 21:30:00;0,06;6,32;65,979;113,5181;0
2026-02-25 21:45:00;0,06;6,1;60,839;108,3781;0
2026-02-25 22:00:00;0,06;4,64;68,229;115,7681;0
2026-02-25 22:15:00;0,05;3,68;62,709;110,2481;0
2026-02-25 22:30:00;0,05;3,25;59,849;107,3881;0
2026-02-25 22:45:00;0,05;11,21;48,979;96,5181;0
2026-02-25 23:00:00;0,06;9,84;64,309;111,8481;0
2026-02-25 23:15:00;0,05;9,09;59,399;106,9381;0
2026-02-25 23:30:00;0,04;7,27;56,999;104,5381;0
2026-02-25 23:45:00;0,05;6,99;52,749;100,2881;0
2026-02-26 00:00:00;0,06;6,88;60,019;107,5581;0
2026-02-26 00:15:00;0,05;6,5;53,439;100,9781;0
2026-02-26 00:30:00;0,05;8,39;51,699;99,2381;0
2026-02-26 00:45:00;0,05;8,38;47,809;95,3481;0
2026-02-26 01:00:00;0,05;9,09;50,929;98,4681;0
2026-02-26 01:15:00;0,05;10,75;49,549;97,0881;0
2026-02-26 01:30:00;0,05;11,36;47,849;95,3881;0
2026-02-26 01:45:00;0,05;9,7;48,379;95,9181;0
2026-02-26 02:00:00;0,05;9,88;49,159;96,6981;0
2026-02-26 02:15:00;0,05;7,7;48,729;96,2681;0
2026-02-26 02:30:00;0,05;8,68;49,569;97,1081;0
2026-02-26 02:45:00;0,03;6,04;43,479;91,0181;0
2026-02-26 03:00:00;0,05;7,45;44,869;92,4081;0
2026-02-26 03:15:00;0,05;7,03;45,989;93,5281;0
2026-02-26 03:30:00;0,05;8,17;47,879;95,4181;0
2026-02-26 03:45:00;0,05;7,72;49,789;97,3281;0
2026-02-26 04:00:00;0,06;16,15;45,459;92,9981;0
2026-02-26 04:15:00;0,05;16,9;49,439;96,9781;0
2026-02-26 04:30:00;0,04;14,77;55,299;102,8381;0
2026-02-26 04:45:00;0,05;15,15;66,399;113,9381;0
2026-02-26 05:00:00;0,04;14,54;53,119;100,6581;0
2026-02-26 05:15:00;0,06;16,44;73,719;121,2581;0
2026-02-26 05:30:00;0,04;14,01;82,659;130,1981;0,000670621
2026-02-26 05:45:00;0,05;13,33;86,139;133,6781;0,008072523
2026-02-26 06:00:00;0,04;9,4;87,339;134,8781;0,02565538
2026-02-26 06:15:00;0,05;5,12;93,669;141,2081;0,055687513
2026-02-26 06:30:00;0,06;5,4;95,019;142,5581;0,088677466
2026-02-26 06:45:00;2,7;2,11;90,749;138,2881;0,12503217
2026-02-26 07:00:00;5,78;-0,46;98,989;146,5281;0,17821734
2026-02-26 07:15:00;9,12;-2,85;92,029;139,5681;0,21312232
2026-02-26 07:30:00;14,18;-5,7;80,779;128,3181;0,24981442
2026-02-26 07:45:00;22,57;-13,55;69,129;116,6681;0,28540644
2026-02-26 08:00:00;28,68;-20,17;86,259;133,7981;0,3394516
2026-02-26 08:15:00;33,82;-20,73;66,139;113,6781;0,37183252
2026-02-26 08:30:00;45;-28,89;51,389;98,9281;0,4008534
2026-02-26 08:45:00;60,29;-47,13;43,269;90,8081;0,42326906
2026-02-26 09:00:00;58,84;-39,36;65,929;113,4681;0,44996104
2026-02-26 09:15:00;66,04;-50,17;56,139;103,6781;0,4694787
2026-02-26 09:30:00;68,76;-54,02;51,779;99,3181;0,4867846
2026-02-26 09:45:00;77,56;-62,02;42,289;89,8281;0,50249964
2026-02-26 10:00:00;63,81;-44,1;52,509;100,0481;0,530978
2026-02-26 10:15:00;68,95;-46,72;41,299;88,8381;0,5403355
2026-02-26 10:30:00;85,87;-65,47;31,639;79,1781;0,54574937
2026-02-26 10:45:00;85,99;-65,63;12,409;59,9481;0,5476651
2026-02-26 11:00:00;86,4;-65,41;25,139;72,6781;0,55378836
2026-02-26 11:15:00;87,46;-72,4;5,629;53,1681;0,548236
2026-02-26 11:30:00;89,5;-75,25;-2,591;44,9481;0,54285747
2026-02-26 11:45:00;88,86;-74,58;-3,651;43,8881;0,5315909
2026-02-26 12:00:00;88,69;-72,38;-0,721;46,8181;0,52262646
2026-02-26 12:15:00;84,88;-65,1;-1,671;45,8681;0,50448805
2026-02-26 12:30:00;81,73;-63,69;0,589;48,1281;0,4843162
2026-02-26 12:45:00;83,22;-64,73;7,109;54,6481;0,46232834
2026-02-26 13:00:00;71,19;-53,33;0,929;48,4681;0,43228135
2026-02-26 13:15:00;76,78;-57,98;20,889;68,4281;0,39921072
2026-02-26 13:30:00;73,4;-55,94;33,119;80,6581;0,36073375
2026-02-26 13:45:00;68,57;-51,95;42,469;90,0081;0,31587017
2026-02-26 14:00:00;63,61;-45,6;31,799;79,3381;0,26837894
2026-02-26 14:15:00;57,36;-40,53;40,489;88,0281;0,22168407
2026-02-26 14:30:00;52,2;-34,73;46,469;94,0081;0,17822702
2026-02-26 14:45:00;34,63;-22,3;60,909;108,4481;0,1403716
2026-02-26 15:00:00;20,68;-7,38;39,969;87,5081;0,10767416
2026-02-26 15:15:00;32,1;-14,77;59,509;107,0481;0,07454488
2026-02-26 15:30:00;23,53;-1,5;73,109;120,6481;0,04401069
2026-02-26 15:45:00;17,44;0,03;78,089;125,6281;0,018686417
2026-02-26 16:00:00;11,69;4,52;70,649;118,1881;0,00392112
2026-02-26 16:15:00;7,3;11,18;72,129;119,6681;3,80E-05
2026-02-26 16:30:00;4,59;12,15;78,339;125,8781;0
2026-02-26 16:45:00;3,08;8,95;95,629;143,1681;0
2026-02-26 17:00:00;1,1;14,09;77,569;125,1081;0
2026-02-26 17:15:00;0,08;14,61;80,919;128,4581;0
2026-02-26 17:30:00;0,05;19,43;85,069;132,6081;0
2026-02-26 17:45:00;0,04;15,84;95,989;143,5281;0
2026-02-26 18:00:00;0,05;17,08;100,129;147,6681;0
2026-02-26 18:15:00;0,05;13,17;98,539;146,0781;0
2026-02-26 18:30:00;0,05;8,37;93,339;140,8781;0
2026-02-26 18:45:00;0,06;11,66;79,159;126,6981;0
2026-02-26 19:00:00;0,06;11,75;88,639;136,1781;0
2026-02-26 19:15:00;0,06;10,79;70,669;118,2081;0
2026-02-26 19:30:00;0,06;8,18;73,209;120,7481;0
2026-02-26 19:45:00;0,06;8,1;63,179;110,7181;0
2026-02-26 20:00:00;0,06;8;80,169;127,7081;0
2026-02-26 20:15:00;0,05;7,69;71,019;118,5581;0
2026-02-26 20:30:00;0,06;7,64;66,289;113,8281;0
2026-02-26 20:45:00;0,06;7,93;53,369;100,9081;0
2026-02-26 21:00:00;0,05;7,05;70,989;118,5281;0
2026-02-26 21:15:00;0,05;7,15;58,299;105,8381;0
2026-02-26 21:30:00;0,05;6,45;53,399;100,9381;0
2026-02-26 21:45:00;0,05;6,03;48,679;96,2181;0
2026-02-26 22:00:00;0,05;4,18;58,359;105,8981;0
2026-02-26 22:15:00;0,04;3,85;49,379;96,9181;0
2026-02-26 22:30:00;0,05;3,87;48,909;96,4481;0
2026-02-26 22:45:00;0,05;11,48;40,619;88,1581;0
2026-02-26 23:00:00;0,05;11,71;34,889;82,4281;0
2026-02-26 23:15:00;0,05;11,99;35,609;83,1481;0
2026-02-26 23:30:00;0,05;10,37;33,789;81,3281;0
2026-02-26 23:45:00;0,05;10,5;34,209;81,7481;0
2026-02-27 00:00:00;0,05;9,35;38,959;86,4981;0
2026-02-27 00:15:00;0,05;12,45;37,769;85,3081;0
2026-02-27 00:30:00;0,04;14,17;34,069;81,6081;0
2026-02-27 00:45:00;0,04;13,5;31,199;78,7381;0
2026-02-27 01:00:00;0,04;13,76;37,289;84,8281;0
2026-02-27 01:15:00;0,05;14,28;36,329;83,8681;0
2026-02-27 01:30:00;0,04;13,36;36,789;84,3281;0
2026-02-27 01:45:00;0,04;12,98;36,119;83,6581;0
2026-02-27 02:00:00;0,05;13,29;38,109;85,6481;0
2026-02-27 02:15:00;0,05;12,05;35,709;83,2481;0
2026-02-27 02:30:00;0,04;10,28;36,079;83,6181;0
2026-02-27 02:45:00;0,05;9,26;37,969;85,5081;0
2026-02-27 03:00:00;0,05;10,3;33,739;81,2781;0
2026-02-27 03:15:00;0,05;9,69;36,949;84,4881;0
2026-02-27 03:30:00;0,05;9,8;40,049;87,5881;0
2026-02-27 03:45:00;0,05;10,04;43,189;90,7281;0
2026-02-27 04:00:00;0,05;9,64;38,669;86,2081;0
2026-02-27 04:15:00;0,05;10,67;40,149;87,6881;0
2026-02-27 04:30:00;0,06;8,11;45,729;93,2681;0
2026-02-27 04:45:00;0,06;8,16;49,669;97,2081;0
2026-02-27 05:00:00;0,05;18,64;42,969;90,5081;0
2026-02-27 05:15:00;0,05;17,63;55,229;102,7681;0
2026-02-27 05:30:00;0,05;15,03;59,619;107,1581;0,001612498
2026-02-27 05:45:00;0,05;13,3;61,749;109,2881;0,010979169
2026-02-27 06:00:00;0,05;12,79;60,749;108,2881;0,03300245
2026-02-27 06:15:00;0,05;11,84;65,099;112,6381;0,06315224
2026-02-27 06:30:00;0,3;8;70,019;117,5581;0,09589108
2026-02-27 06:45:00;2,07;3,66;63,579;111,1181;0,1297119
2026-02-27 07:00:00;5,57;0,48;69,919;117,4581;0,15857713
2026-02-27 07:15:00;11,11;-4,29;60,819;108,3581;0,19242088
2026-02-27 07:30:00;18,9;-11,71;54,689;102,2281;0,22808696
2026-02-27 07:45:00;35,7;-26,58;39,539;87,0781;0,26604727
2026-02-27 08:00:00;32,84;-20,14;60,509;108,0481;0,28995398
2026-02-27 08:15:00;26,85;-11,14;47,849;95,3881;0,32667693
2026-02-27 08:30:00;35,17;-19,1;38,809;86,3481;0,35932368
2026-02-27 08:45:00;50,04;-36,15;28,959;76,4981;0,38377547
2026-02-27 09:00:00;37,72;-20,05;42,279;89,8181;0,41825464
2026-02-27 09:15:00;55,04;-38,61;28,429;75,9681;0,43797335
2026-02-27 09:30:00;22,88;-7,85;12,689;60,2281;0,45442405
2026-02-27 09:45:00;16,29;0,38;-0,951;46,5881;0,4680852
2026-02-27 10:00:00;18,01;-1,87;9,309;56,8481;0,4841012
2026-02-27 10:15:00;23,33;-8,52;0,429;47,9681;0,4906786
2026-02-27 10:30:00;18,87;-5,37;-2,251;45,2881;0,493855
2026-02-27 10:45:00;23,69;-10,32;-4,601;42,9381;0,4934411
2026-02-27 11:00:00;25,65;-12,54;-2,041;45,4981;0,50663066
2026-02-27 11:15:00;25,46;-12,5;-2,251;45,2881;0,49778756
2026-02-27 11:30:00;23,3;-10,75;-0,161;47,3781;0,48912862
2026-02-27 11:45:00;16,87;-4,32;3,789;51,3281;0,47650862
2026-02-27 12:00:00;14,07;-0,97;-2,251;45,2881;0,4690161
2026-02-27 12:15:00;18,07;-5,15;5,739;53,2781;0,44392732
2026-02-27 12:30:00;13,32;-0,05;12,899;60,4381;0,4192366
2026-02-27 12:45:00;17,03;-3,26;15,619;63,1581;0,3951932
2026-02-27 13:00:00;11,11;7,11;10,369;57,9081;0,378962
2026-02-27 13:15:00;12,99;-0,21;16,819;64,3581;0,33943453
2026-02-27 13:30:00;16,84;-2,11;19,389;66,9281;0,29996082
2026-02-27 13:45:00;12,29;5,03;30,159;77,6981;0,26083115
2026-02-27 14:00:00;8,89;7,98;17,469;65,0081;0,23657721
2026-02-27 14:15:00;7,97;7;41,199;88,7381;0,19634338
2026-02-27 14:30:00;5,72;3,57;56,119;103,6581;0,15894046
2026-02-27 14:45:00;6,27;5,16;66,409;113,9481;0,12501237
2026-02-27 15:00:00;8,41;2,61;43,009;90,5481;0,10108229
2026-02-27 15:15:00;9,95;1,18;59,439;106,9781;0,06853735
2026-02-27 15:30:00;6,95;3,26;70,759;118,2981;0,03998629
2026-02-27 15:45:00;5,67;7,11;80,739;128,2781;0,017377393
2026-02-27 16:00:00;3,77;11,35;65,209;112,7481;0,004239046
2026-02-27 16:15:00;1,18;14,11;73,839;121,3781;0,000120795
2026-02-27 16:30:00;1,8;13,72;84,799;132,3381;0
2026-02-27 16:45:00;1,59;10,58;92,549;140,0881;0
2026-02-27 17:00:00;0,52;16,04;85,529;133,0681;0
2026-02-27 17:15:00;0,04;22,61;84,839;132,3781;0
2026-02-27 17:30:00;0,05;22,24;85,259;132,7981;0
2026-02-27 17:45:00;0,05;10,83;85,559;133,0981;0
2026-02-27 18:00:00;0,06;11,76;89,669;137,2081;0
2026-02-27 18:15:00;0,05;11,98;89,249;136,7881;0
2026-02-27 18:30:00;0,05;12,14;83,939;131,4781;0
2026-02-27 18:45:00;0,05;10,98;78,729;126,2681;0
2026-02-27 19:00:00;0,05;10,39;78,629;126,1681;0
2026-02-27 19:15:00;0,05;9,05;71,329;118,8681;0
2026-02-27 19:30:00;0,06;8,57;66,609;114,1481;0
2026-02-27 19:45:00;0,05;8,49;64,029;111,5681;0
2026-02-27 20:00:00;0,04;8,22;66,169;113,7081;0
2026-02-27 20:15:00;0,06;8,16;61,759;109,2981;0
2026-02-27 20:30:00;0,05;8,83;60,309;107,8481;0
2026-02-27 20:45:00;0,05;8,21;55,299;102,8381;0
2026-02-27 21:00:00;0,05;7,79;67,839;115,3781;0
2026-02-27 21:15:00;0,06;7,96;62,219;109,7581;0
2026-02-27 21:30:00;0,05;9,4;63,659;111,1981;0
2026-02-27 21:45:00;0,05;7,12;60,749;108,2881;0
2026-02-27 22:00:00;0,05;4,98;62,549;110,0881;0
2026-02-27 22:15:00;0,05;5,23;60,049;107,5881;0
2026-02-27 22:30:00;0,06;6,28;57,339;104,8781;0
2026-02-27 22:45:00;0,05;10,51;54,589;102,1281;0
2026-02-27 23:00:00;0,05;11,11;58,469;106,0081;0
2026-02-27 23:15:00;0,05;11,22;56,829;104,3681;0
2026-02-27 23:30:00;0,04;10,29;53,489;101,0281;0
2026-02-27 23:45:00;0,05;9,71;50,069;97,6081;0
2026-02-28 00:00:00;0,05;9,86;52,019;99,5581;0
2026-02-28 00:15:00;0,05;9,83;50,659;98,1981;0
2026-02-28 00:30:00;0,04;10,86;48,859;96,3981;0
2026-02-28 00:45:00;0,05;10,71;43,729;91,2681;0
2026-02-28 01:00:00;0,05;10,74;51,669;99,2081;0
2026-02-28 01:15:00;0,05;9,23;46,529;94,0681;0
2026-02-28 01:30:00;0,05;7,74;44,879;92,4181;0
2026-02-28 01:45:00;0,05;7,89;44,019;91,5581;0
2026-02-28 02:00:00;0,05;7,88;45,409;92,9481;0
2026-02-28 02:15:00;0,05;7,95;44,389;91,9281;0
2026-02-28 02:30:00;0,05;7,44;43,739;91,2781;0
2026-02-28 02:45:00;0,04;7,16;40,439;87,9781;0
2026-02-28 03:00:00;0,05;5,1;43,899;91,4381;0
2026-02-28 03:15:00;0,05;5;43,849;91,3881;0
2026-02-28 03:30:00;0,05;5,63;43,209;90,7481;0
2026-02-28 03:45:00;0,05;6,45;43,279;90,8181;0
2026-02-28 04:00:00;0,05;12,99;43,269;90,8081;0
2026-02-28 04:15:00;0,06;15,36;42,619;90,1581;0
2026-02-28 04:30:00;0,05;15,74;43,599;91,1381;0
2026-02-28 04:45:00;0,05;15,52;45,799;93,3381;0
2026-02-28 05:00:00;0,05;15,31;42,649;90,1881;0
2026-02-28 05:15:00;0,06;15,21;46,069;93,6081;2,98E-06
2026-02-28 05:30:00;0,05;13;47,939;95,4781;0,002487136
2026-02-28 05:45:00;0,05;14,78;49,429;96,9681;0,014012899
2026-02-28 06:00:00;0,06;12,28;51,149;98,6881;0,036070354
2026-02-28 06:15:00;0,05;6,54;51,469;99,0081;0,06478343
2026-02-28 06:30:00;0,09;8,09;48,069;95,6081;0,095617786
2026-02-28 06:45:00;0,64;4,78;39,589;87,1281;0,1270363
2026-02-28 07:00:00;1,71;4,22;52,319;99,8581;0,16625081
2026-02-28 07:15:00;2,02;3,59;40,849;88,3881;0,19645397
2026-02-28 07:30:00;4,67;5,63;26,659;74,1981;0,22342943
2026-02-28 07:45:00;3,21;5,5;12,309;59,8481;0,24567279
2026-02-28 08:00:00;7,94;2,56;33,219;80,7581;0,26301396
2026-02-28 08:15:00;12,02;-1,03;8,979;56,5181;0,2780314
2026-02-28 08:30:00;15,67;0,72;-5,291;42,2481;0,2875926
2026-02-28 08:45:00;12,83;2,39;-9,241;38,2981;0,28910443
2026-02-28 09:00:00;13,2;7,36;-7,871;39,6681;0,31314406
2026-02-28 09:15:00;13,25;4,17;-9,251;38,2881;0,31199816
2026-02-28 09:30:00;12,37;3,79;-9,251;38,2881;0,30953848
2026-02-28 09:45:00;9,68;7,48;-9,291;38,2481;0,30663696
2026-02-28 10:00:00;14,98;1,77;-9,251;38,2881;0,31372738
2026-02-28 10:15:00;20,34;-2,09;-9,261;38,2781;0,30936602
2026-02-28 10:30:00;17,42;-0,6;-9,261;38,2781;0,30476052
2026-02-28 10:45:00;17,69;-4,21;-9,301;38,2381;0,30004892
2026-02-28 11:00:00;15,83;-2,73;-9,261;38,2781;0,30117628
2026-02-28 11:15:00;21,17;-7,47;-9,241;38,2981;0,29258853
2026-02-28 11:30:00;15,29;-2,3;-9,141;38,3981;0,2842252
2026-02-28 11:45:00;15,57;-2,86;-8,971;38,5681;0,26715237
2026-02-28 12:00:00;18,66;-5,43;-9,151;38,3881;0,21868493
2026-02-28 12:15:00;20,68;-7,56;-9,041;38,4981;0,20244458
2026-02-28 12:30:00;11,97;2,93;-9,221;38,3181;0,18609
2026-02-28 12:45:00;9,39;6,42;-9,241;38,2981;0,16970651
2026-02-28 13:00:00;3,83;9,33;-9,271;38,2681;0,14710672
2026-02-28 13:15:00;10,24;0,28;-9,261;38,2781;0,13073163
2026-02-28 13:30:00;13,36;-2,84;-9,251;38,2881;0,11372445
2026-02-28 13:45:00;10,6;-0,16;-9,231;38,3081;0,09637638
2026-02-28 14:00:00;15,12;-4,15;-9,251;38,2881;0,07594698
2026-02-28 14:15:00;13,22;-0,98;-9,181;38,3581;0,062882505
2026-02-28 14:30:00;13,76;1,84;0,669;48,2081;0,05110419
2026-02-28 14:45:00;10,63;3,25;26,309;73,8481;0,040889487
2026-02-28 15:00:00;8,24;2,65;15,279;62,8181;0,0291881
2026-02-28 15:15:00;8,11;3,35;33,109;80,6481;0,020636307
2026-02-28 15:30:00;1,78;7,67;53,059;100,5981;0,012498924
2026-02-28 15:45:00;9,65;-0,05;62,289;109,8281;0,005778608
2026-02-28 16:00:00;4,97;8,69;47,959;95,4981;0,001417577
2026-02-28 16:15:00;2,85;12,21;56,779;104,3181;4,80E-05
2026-02-28 16:30:00;4,96;10,25;69,329;116,8681;0
2026-02-28 16:45:00;4,42;11,32;76,599;124,1381;0
2026-02-28 17:00:00;1,46;14,78;65,919;113,4581;0
2026-02-28 17:15:00;0,41;18,26;71,469;119,0081;0
2026-02-28 17:30:00;0,05;18,36;75,269;122,8081;0
2026-02-28 17:45:00;0,04;21,92;81,209;128,7481;0
2026-02-28 18:00:00;0,05;18,33;83,859;131,3981;0
2026-02-28 18:15:00;0,05;15,58;81,379;128,9181;0
2026-02-28 18:30:00;0,04;12,82;80,379;127,9181;0
2026-02-28 18:45:00;0,05;11,14;77,279;124,8181;0
2026-02-28 19:00:00;0,05;10,14;75,239;122,7781;0
2026-02-28 19:15:00;0,04;10,74;68,059;115,5981;0
2026-02-28 19:30:00;0,05;10,36;59,769;107,3081;0
2026-02-28 19:45:00;0,05;8,71;59,269;106,8081;0
2026-02-28 20:00:00;0,06;8,07;62,709;110,2481;0
2026-02-28 20:15:00;0,06;9,32;65,199;112,7381;0
2026-02-28 20:30:00;0,05;7,99;64,059;111,5981;0
2026-02-28 20:45:00;0,06;8,09;55,209;102,7481;0
2026-02-28 21:00:00;0,06;8,15;69,279;116,8181;0
2026-02-28 21:15:00;0,05;7,99;63,839;111,3781;0
2026-02-28 21:30:00;0,05;8,42;61,599;109,1381;0
2026-02-28 21:45:00;0,06;8,39;58,599;106,1381;0
2026-02-28 22:00:00;0,05;9,29;70,189;117,7281;0
2026-02-28 22:15:00;0,05;8,41;58,869;106,4081;0
2026-02-28 22:30:00;0,05;4,85;53,869;101,4081;0
2026-02-28 22:45:00;0,04;12,21;45,709;93,2481;0
2026-02-28 23:00:00;0,05;13,02;67,919;115,4581;0
2026-02-28 23:15:00;0,06;9,39;69,039;116,5781;0
2026-02-28 23:30:00;0,05;8,99;68,389;115,9281;0
2026-02-28 23:45:00;0,05;10,32;51,359;98,8981;0
2026-03-01 00:00:00;0,05;8,62;77,989;125,5281;0
2026-03-01 00:15:00;0,05;9,34;60,399;107,9381;0
2026-03-01 00:30:00;0,05;8,58;56,819;104,3581;0
2026-03-01 00:45:00;0,05;9,82;49,589;97,1281;0
2026-03-01 01:00:00;0,05;9,49;64,289;111,8281;0
2026-03-01 01:15:00;0,05;8,79;53,589;101,1281;0
2026-03-01 01:30:00;0,04;13,75;49,549;97,0881;0
2026-03-01 01:45:00;0,06;12,01;51,689;99,2281;0
2026-03-01 02:00:00;0,05;10,56;47,369;94,9081;0
2026-03-01 02:15:00;0,05;10,37;48,679;96,2181;0
2026-03-01 02:30:00;0,05;9,86;48,849;96,3881;0
2026-03-01 02:45:00;0,05;6,27;53,019;100,5581;0
2026-03-01 03:00:00;0,05;8,13;42,339;89,8781;0
2026-03-01 03:15:00;0,05;7,72;45,479;93,0181;0
2026-03-01 03:30:00;0,06;5,32;51,729;99,2681;0
2026-03-01 03:45:00;0,05;6,89;51,709;99,2481;0
2026-03-01 04:00:00;0,05;15;45,729;93,2681;0
2026-03-01 04:15:00;0,05;17,08;45,689;93,2281;0
2026-03-01 04:30:00;0,04;16,84;46,159;93,6981;0
2026-03-01 04:45:00;0,05;20,47;47,069;94,6081;0
2026-03-01 05:00:00;0,05;22,49;43,209;90,7481;0
2026-03-01 05:15:00;0,05;20,36;46,009;93,5481;1,95E-05
2026-03-01 05:30:00;0,04;21,52;47,709;95,2481;0,001605103
2026-03-01 05:45:00;0,05;22,48;47,839;95,3781;0,006065592
2026-03-01 06:00:00;0,04;20,49;47,409;94,9481;0,014204931
2026-03-01 06:15:00;0,12;13,42;47,719;95,2581;0,02436276
2026-03-01 06:30:00;0,9;11,75;46,519;94,0581;0,036328692
2026-03-01 06:45:00;2,97;11,81;37,479;85,0181;0,049137298
2026-03-01 07:00:00;7,02;7,7;46,469;94,0081;0,054578174
2026-03-01 07:15:00;13,22;1,71;38,259;85,7981;0,068011664
2026-03-01 07:30:00;20,35;-6,1;29,109;76,6481;0,079897344
2026-03-01 07:45:00;28,65;-15,05;21,179;68,7181;0,08997664
2026-03-01 08:00:00;33,56;-21,27;27,829;75,3681;0,0899428
2026-03-01 08:15:00;30,56;-17,88;8,299;55,8381;0,100609735
2026-03-01 08:30:00;54,13;-41,53;-2,251;45,2881;0,108019374
2026-03-01 08:45:00;54,4;-41,97;-9,181;38,3581;0,111444816
2026-03-01 09:00:00;73,42;-52,39;-8,381;39,1581;0,10457378
2026-03-01 09:15:00;76,14;-58,38;-9,251;38,2881;0,10792306
2026-03-01 09:30:00;82,8;-66,54;-9,311;38,2281;0,110347286
2026-03-01 09:45:00;86,7;-71,28;-10,061;37,4781;0,11129639
2026-03-01 10:00:00;90,16;-74,61;-9,241;38,2981;0,11178042
2026-03-01 10:15:00;94,05;-78,2;-9,251;38,2881;0,11218438
2026-03-01 10:30:00;96,74;-81,17;-9,261;38,2781;0,11157946
2026-03-01 10:45:00;94,07;-77,72;-9,351;38,1881;0,11071783
2026-03-01 11:00:00;69,3;-52,4;-9,351;38,1881;0,11134646
2026-03-01 11:15:00;68,17;-54,78;-9,361;38,1781;0,109667405
2026-03-01 11:30:00;69,61;-57,81;-9,501;38,0381;0,10781315
2026-03-01 11:45:00;64,95;-54,19;-10,251;37,2881;0,10276806
2026-03-01 12:00:00;50,78;-38,87;-10,261;37,2781;0,07997981
2026-03-01 12:15:00;65,61;-53,68;-10,281;37,2581;0,07862564
2026-03-01 12:30:00;54,42;-41,29;-10,251;37,2881;0,076880194
2026-03-01 12:45:00;36,08;-24,1;-9,361;38,1781;0,0748407
2026-03-01 13:00:00;43,46;-30,12;-10,251;37,2881;0,07522791
2026-03-01 13:15:00;34,75;-20,88;-9,311;38,2281;0,07308701
2026-03-01 13:30:00;27,75;-14,65;-9,251;38,2881;0,07046752
2026-03-01 13:45:00;20,33;-7,35;-8,211;39,3281;0,06689127
2026-03-01 14:00:00;20,08;-8,22;-9,271;38,2681;0,06393115
2026-03-01 14:15:00;23,21;-11,35;-9,171;38,3681;0,058593307
2026-03-01 14:30:00;19,2;-7,21;14,869;62,4081;0,05025029
2026-03-01 14:45:00;23,55;-10,54;41,209;88,7481;0,039608773
2026-03-01 15:00:00;31,2;-18,83;17,309;64,8481;0,035803176
2026-03-01 15:15:00;18,08;-5,58;36,789;84,3281;0,023506401
2026-03-01 15:30:00;12,39;0,82;58,679;106,2181;0,014194644
2026-03-01 15:45:00;9,99;0,41;73,839;121,3781;0,007432505
2026-03-01 16:00:00;8,99;6,23;56,689;104,2281;0,00301775
2026-03-01 16:15:00;9,37;7,74;74,669;122,2081;0,000292339
2026-03-01 16:30:00;9,77;9,19;76,579;124,1181;0
2026-03-01 16:45:00;4,73;14,86;78,799;126,3381;0
2026-03-01 17:00:00;0,95;17,13;72,459;119,9981;0
2026-03-01 17:15:00;0,21;18,63;71,749;119,2881;0
2026-03-01 17:30:00;0,06;19,2;81,009;128,5481;0
2026-03-01 17:45:00;0,05;21,99;87,399;134,9381;0
2026-03-01 18:00:00;0,05;18,2;81,559;129,0981;0
2026-03-01 18:15:00;0,05;14,05;81,889;129,4281;0
2026-03-01 18:30:00;0,06;12,45;77,829;125,3681;0
2026-03-01 18:45:00;0,06;12,8;72,989;120,5281;0
2026-03-01 19:00:00;0,06;12,47;71,629;119,1681;0
2026-03-01 19:15:00;0,05;14,43;70,839;118,3781;0
2026-03-01 19:30:00;0,05;14,04;66,749;114,2881;0
2026-03-01 19:45:00;0,05;12,5;62,129;109,6681;0
2026-03-01 20:00:00;0,05;11,82;65,709;113,2481;0
2026-03-01 20:15:00;0,05;13,21;60,719;108,2581;0
2026-03-01 20:30:00;0,05;10,41;58,839;106,3781;0
2026-03-01 20:45:00;0,05;12;54,799;102,3381;0
2026-03-01 21:00:00;0,05;11,72;60,029;107,5681;0
2026-03-01 21:15:00;0,05;10,53;55,479;103,0181;0
2026-03-01 21:30:00;0,05;10,2;53,339;100,8781;0
2026-03-01 21:45:00;0,05;10,76;47,129;94,6681;0
2026-03-01 22:00:00;0,06;10,34;51,629;99,1681;0
2026-03-01 22:15:00;0,05;10,03;47,819;95,3581;0
2026-03-01 22:30:00;0,06;8,6;45,929;93,4681;0
2026-03-01 22:45:00;0,05;13,62;35,379;82,9181;0
2026-03-01 23:00:00;0,04;13,08;48,309;95,8481;0
2026-03-01 23:15:00;0,05;11,43;45,179;92,7181;0
2026-03-01 23:30:00;0,05;10,59;43,679;91,2181;0
2026-03-01 23:45:00;0,04;11,21;39,779;87,3181;0
2026-03-02 00:00:00;0,05;10,59;43,089;90,6281;0
2026-03-02 00:15:00;0,05;16,09;41,299;88,8381;0
2026-03-02 00:30:00;0,06;17,46;43,359;90,8981;0
2026-03-02 00:45:00;0,05;15,41;44,069;91,6081;0
2026-03-02 01:00:00;0,04;16,45;48,299;95,8381;0
2026-03-02 01:15:00;0,05;15,9;44,949;92,4881;0
2026-03-02 01:30:00;0,05;15,49;45,059;92,5981;0
2026-03-02 01:45:00;0,04;16,36;44,289;91,8281;0
2026-03-02 02:00:00;0,04;15,82;45,949;93,4881;0
2026-03-02 02:15:00;0,05;15,72;43,759;91,2981;0
2026-03-02 02:30:00;0,05;14,61;43,399;90,9381;0
2026-03-02 02:45:00;0,05;11,48;45,909;93,4481;0
2026-03-02 03:00:00;0,05;12,56;44,089;91,6281;0
2026-03-02 03:15:00;0,05;12,58;44,819;92,3581;0
2026-03-02 03:30:00;0,05;10,56;49,999;97,5381;0
2026-03-02 03:45:00;0,04;12;52,919;100,4581;0
2026-03-02 04:00:00;0,04;12,49;49,949;97,4881;0
2026-03-02 04:15:00;0,04;10,89;53,059;100,5981;0
2026-03-02 04:30:00;0,04;12,35;58,469;106,0081;0
2026-03-02 04:45:00;0,05;12,64;67,729;115,2681;0
2026-03-02 05:00:00;0,05;19,16;61,989;109,5281;0
2026-03-02 05:15:00;0,05;18,89;66,449;113,9881;0,000131336
2026-03-02 05:30:00;0,05;18,73;77,829;125,3681;0,004255537
2026-03-02 05:45:00;0,05;18,48;84,479;132,0181;0,01770263
2026-03-02 06:00:00;0,05;18,74;90,879;138,4181;0,039026644
2026-03-02 06:15:00;0,19;17,01;119,909;167,4481;0,06663276
2026-03-02 06:30:00;1,39;16,6;105,259;152,7981;0,09655702
2026-03-02 06:45:00;4,04;13,34;94,819;142,3581;0,12709385
2026-03-02 07:00:00;8,75;4,44;145,289;192,8281;0,17519924
2026-03-02 07:15:00;15,31;-2,79;94,009;141,5481;0,2046071
2026-03-02 07:30:00;22,54;-11,06;79,629;127,1681;0,23425797
2026-03-02 07:45:00;30,81;-19,85;58,449;105,9881;0,26400083
2026-03-02 08:00:00;41,03;-27,51;82,979;130,5181;0,338117
2026-03-02 08:15:00;50,72;-38,44;71,859;119,3981;0,3640817
2026-03-02 08:30:00;59,25;-47,37;60,359;107,8981;0,38563636
2026-03-02 08:45:00;66,57;-54,86;38,319;85,8581;0,39856017
2026-03-02 09:00:00;72,81;-56,5;59,769;107,3081;0,43066663
2026-03-02 09:15:00;78,03;-64,42;47,009;94,5481;0,43849647
2026-03-02 09:30:00;82,75;-68,75;42,019;89,5581;0,4420502
2026-03-02 09:45:00;86,74;-72,51;29,759;77,2981;0,44109038
2026-03-02 10:00:00;89,98;-74,99;55,969;103,5081;0,45945913
2026-03-02 10:15:00;92,63;-82,96;39,829;87,3681;0,44749343
2026-03-02 10:30:00;94,74;-86,5;26,679;74,2181;0,4301457
2026-03-02 10:45:00;96,84;-82,27;5,609;53,1481;0,4083691
2026-03-02 11:00:00;98,18;-85,24;21,799;69,3381;0,34221154
2026-03-02 11:15:00;98,44;-86,16;16,829;64,3681;0,32131186
2026-03-02 11:30:00;98,07;-85,55;12,519;60,0581;0,30048728
2026-03-02 11:45:00;97,6;-86,4;3,029;50,5681;0,2776691
2026-03-02 12:00:00;96,25;-83,58;4,429;51,9681;0,23935328
2026-03-02 12:15:00;94,84;-79,36;14,019;61,5581;0,22262263
2026-03-02 12:30:00;92,98;-80,77;24,909;72,4481;0,20697862
2026-03-02 12:45:00;90,42;-77,74;38,899;86,4381;0,19116236
2026-03-02 13:00:00;87,74;-75,13;1,789;49,3281;0,18757243
2026-03-02 13:15:00;83,69;-71,45;40,409;87,9481;0,17060444
2026-03-02 13:30:00;79,24;-67,49;54,879;102,4181;0,15240818
2026-03-02 13:45:00;74,57;-62,71;60,349;107,8881;0,13411662
2026-03-02 14:00:00;68,85;-56,29;41,419;88,9581;0,12567057
2026-03-02 14:15:00;62,4;-49,61;46,609;94,1481;0,107772596
2026-03-02 14:30:00;55,65;-42,75;57,489;105,0281;0,08944313
2026-03-02 14:45:00;48,65;-32,94;72,359;119,8981;0,071178265
2026-03-02 15:00:00;41,53;-27,65;49,019;96,5581;0,05391928
2026-03-02 15:15:00;34,88;-22,89;71,519;119,0581;0,037000928
2026-03-02 15:30:00;27,71;-14,96;83,189;130,7281;0,022602096
2026-03-02 15:45:00;20,65;-8,93;110,349;157,8881;0,011308316
2026-03-02 16:00:00;14,06;3,11;68,079;115,6181;0,003832882
2026-03-02 16:15:00;8,08;10,72;72,239;119,7781;0,00041798
2026-03-02 16:30:00;4,52;13,94;127,909;175,4481;0
2026-03-02 16:45:00;2,59;11,5;226,119;273,6581;0
2026-03-02 17:00:00;1,43;10,49;177,529;225,0681;0
2026-03-02 17:15:00;0,53;11,53;174,479;222,0181;0
2026-03-02 17:30:00;0,06;15,44;143,769;191,3081;0
2026-03-02 17:45:00;0,05;15,67;128,969;176,5081;0
2026-03-02 18:00:00;0,05;11,56;188,149;235,6881;0
2026-03-02 18:15:00;0,06;10,2;129,089;176,6281;0
2026-03-02 18:30:00;0,05;9,21;107,849;155,3881;0
2026-03-02 18:45:00;0,06;10,3;93,909;141,4481;0
2026-03-02 19:00:00;0,05;7,33;106,719;154,2581;0
2026-03-02 19:15:00;0,05;7,01;97,629;145,1681;0
2026-03-02 19:30:00;0,05;6,93;89,349;136,8881;0
2026-03-02 19:45:00;0,06;6,84;86,419;133,9581;0
2026-03-02 20:00:00;0,06;7,44;86,129;133,6681;0
2026-03-02 20:15:00;0,06;7,54;80,989;128,5281;0
2026-03-02 20:30:00;0,07;7,44;75,239;122,7781;0
2026-03-02 20:45:00;0,08;7,48;67,789;115,3281;0
2026-03-02 21:00:00;0,06;6,14;80,249;127,7881;0
2026-03-02 21:15:00;0,07;5,79;75,039;122,5781;0
2026-03-02 21:30:00;0,05;5,37;75,669;123,2081;0
2026-03-02 21:45:00;0,05;5,62;72,279;119,8181;0
2026-03-02 22:00:00;0,05;5,22;77,949;125,4881;0
2026-03-02 22:15:00;0,05;5,39;70,279;117,8181;0
2026-03-02 22:30:00;0,05;5,61;70,299;117,8381;0
2026-03-02 22:45:00;0,05;11,39;62,309;109,8481;0
2026-03-02 23:00:00;0,05;12,83;71,559;119,0981;0
2026-03-02 23:15:00;0,05;10,83;72,599;120,1381;0
2026-03-02 23:30:00;0,04;10,81;69,309;116,8481;0
2026-03-02 23:45:00;0,05;10,78;64,029;111,5681;0
2026-03-03 00:00:00;0,06;10,61;75,369;122,9081;0
2026-03-03 00:15:00;0,05;12,28;70,669;118,2081;0
2026-03-03 00:30:00;0,05;11,35;74,419;121,9581;0
2026-03-03 00:45:00;0,05;10,42;71,009;118,5481;0
2026-03-03 01:00:00;0,06;11,01;76,449;123,9881;0
2026-03-03 01:15:00;0,06;9,34;71,919;119,4581;0
2026-03-03 01:30:00;0,05;8,72;70,889;118,4281;0
2026-03-03 01:45:00;0,05;8,88;68,689;116,2281;0
2026-03-03 02:00:00;0,05;8,68;73,189;120,7281;0
2026-03-03 02:15:00;0,05;9,67;68,209;115,7481;0
2026-03-03 02:30:00;0,06;9,92;69,359;116,8981;0
2026-03-03 02:45:00;0,06;7,17;67,959;115,4981;0
2026-03-03 03:00:00;0,05;7,75;70,969;118,5081;0
2026-03-03 03:15:00;0,05;7,95;70,399;117,9381;0
2026-03-03 03:30:00;0,05;8,12;72,129;119,6681;0
2026-03-03 03:45:00;0,05;8,7;78,349;125,8881;0
2026-03-03 04:00:00;0,05;14,98;69,219;116,7581;0
2026-03-03 04:15:00;0,06;16,52;74,459;121,9981;0
2026-03-03 04:30:00;0,05;17,37;83,459;130,9981;0
2026-03-03 04:45:00;0,05;16,91;94,419;141,9581;0
2026-03-03 05:00:00;0,05;17,29;90,749;138,2881;0
2026-03-03 05:15:00;0,05;16,89;100,679;148,2181;0,000328042
2026-03-03 05:30:00;0,05;18,84;108,599;156,1381;0,006348665
2026-03-03 05:45:00;0,05;17,22;160,669;208,2081;0,025418038
2026-03-03 06:00:00;0,05;14,41;150,539;198,0781;0,055457145
2026-03-03 06:15:00;0,09;10,54;151,129;198,6681;0,09133292
2026-03-03 06:30:00;1,53;7,71;151,589;199,1281;0,12943503
2026-03-03 06:45:00;4,18;6,89;123,679;171,2181;0,16853605
2026-03-03 07:00:00;8,74;3,69;183,209;230,7481;0,21711348
2026-03-03 07:15:00;15;-3,97;136,989;184,5281;0,25575802
2026-03-03 07:30:00;21,86;-10,63;115,009;162,5481;0,2945623
2026-03-03 07:45:00;29,47;-18,75;82,429;129,9681;0,3343019
2026-03-03 08:00:00;38,94;-29,94;119,749;167,2881;0,36944753
2026-03-03 08:15:00;47,7;-38,02;88,269;135,8081;0,4025691
2026-03-03 08:30:00;56,14;-46,1;77,569;125,1081;0,43117514
2026-03-03 08:45:00;62,84;-52,82;65,659;113,1981;0,45340067
2026-03-03 09:00:00;68,07;-51,5;77,079;124,6181;0,47786024
2026-03-03 09:15:00;72,77;-57,14;67,179;114,7181;0,497051
2026-03-03 09:30:00;77,12;-64,02;57,499;105,0381;0,51384807
2026-03-03 09:45:00;80,66;-65,99;33,859;81,3981;0,5290964
2026-03-03 10:00:00;83,82;-69,87;59,359;106,8981;0,56051254
2026-03-03 10:15:00;86,49;-73,27;45,209;92,7481;0,5676863
2026-03-03 10:30:00;88,68;-76,18;29,289;76,8281;0,57150894
2026-03-03 10:45:00;90,18;-75,94;13,789;61,3281;0,57199275
2026-03-03 11:00:00;91,71;-81,61;35,879;83,4181;0,5760147
2026-03-03 11:15:00;91,63;-79,64;23,819;71,3581;0,56948775
2026-03-03 11:30:00;91,83;-79,52;16,239;63,7781;0,5630941
2026-03-03 11:45:00;90,9;-78,61;6,729;54,2681;0,5508201
2026-03-03 12:00:00;90,38;-77,68;10,469;58,0081;0,5416566
2026-03-03 12:15:00;88,42;-76,5;8,359;55,8981;0,5237095
2026-03-03 12:30:00;85,85;-72,43;20,059;67,5981;0,5044598
2026-03-03 12:45:00;83,55;-70,21;31,949;79,4881;0,4834027
2026-03-03 13:00:00;80,29;-67,95;16,749;64,2881;0,46083978
2026-03-03 13:15:00;75,98;-62,86;33,569;81,1081;0,43173262
2026-03-03 13:30:00;72,25;-59,96;49,059;96,5981;0,39531076
2026-03-03 13:45:00;68,08;-54,83;60,709;108,2481;0,35161254
2026-03-03 14:00:00;62,69;-49,6;37,169;84,7081;0,30136514
2026-03-03 14:15:00;57,03;-41,9;56,969;104,5081;0,25349268
2026-03-03 14:30:00;50,65;-36,41;65,139;112,6781;0,20537597
2026-03-03 14:45:00;44,39;-31,24;86,259;133,7981;0,16358235
2026-03-03 15:00:00;37,59;-25,34;60,169;107,7081;0,12907264
2026-03-03 15:15:00;31,42;-14,41;78,889;126,4281;0,092880554
2026-03-03 15:30:00;24,99;-9,37;85,279;132,8181;0,06079176
2026-03-03 15:45:00;19,16;-7,41;126,959;174,4981;0,03186897
2026-03-03 16:00:00;13,17;5,79;66,859;114,3981;0,010899517
2026-03-03 16:15:00;8,2;13,44;108,509;156,0481;0,001374564
2026-03-03 16:30:00;5,33;15,33;135,249;182,7881;0
2026-03-03 16:45:00;3,22;15,47;201,589;249,1281;0
2026-03-03 17:00:00;1,71;16,79;141,749;189,2881;0
2026-03-03 17:15:00;0,58;17,38;152,089;199,6281;0
2026-03-03 17:30:00;0,05;14,77;180,659;228,1981;0
2026-03-03 17:45:00;0,06;17,53;186,089;233,6281;0
2026-03-03 18:00:00;0,06;23,37;195,739;243,2781;0
2026-03-03 18:15:00;0,05;15,81;171,199;218,7381;0
2026-03-03 18:30:00;0,06;13,53;148,749;196,2881;0
2026-03-03 18:45:00;0,06;13,53;105,299;152,8381;0
2026-03-03 19:00:00;0,06;14,85;115,659;163,1981;0
2026-03-03 19:15:00;0,05;14,35;106,249;153,7881;0
2026-03-03 19:30:00;0,06;11,94;92,119;139,6581;0
2026-03-03 19:45:00;0,06;12,13;83,719;131,2581;0
2026-03-03 20:00:00;0,05;12,45;100,729;148,2681;0
2026-03-03 20:15:00;0,06;12,2;96,019;143,5581;0
2026-03-03 20:30:00;0,04;12,36;92,359;139,8981;0
2026-03-03 20:45:00;0,05;12,04;78,629;126,1681;0
2026-03-03 21:00:00;0,04;10;96,389;143,9281;0
2026-03-03 21:15:00;0,04;8,34;85,509;133,0481;0
2026-03-03 21:30:00;0,04;8,18;87,589;135,1281;0
2026-03-03 21:45:00;0,06;8,47;75,849;123,3881;0
2026-03-03 22:00:00;0,04;8,15;86,179;133,7181;0
2026-03-03 22:15:00;0,04;9,41;75,849;123,3881;0
2026-03-03 22:30:00;0,05;9,13;83,849;131,3881;0
2026-03-03 22:45:00;0,05;13,16;71,129;118,6681;0
2026-03-03 23:00:00;0,05;13,65;120,279;167,8181;0
2026-03-03 23:15:00;0,05;10,78;112,559;160,0981;0
2026-03-03 23:30:00;0,04;9,21;109,019;156,5581;0
2026-03-03 23:45:00;0,05;8,5;92,259;139,7981;0
2026-03-04 00:00:00;0,05;9,43;115,949;163,4881;0
2026-03-04 00:15:00;0,05;10,8;106,929;154,4681;0
2026-03-04 00:30:00;0,05;10,25;104,799;152,3381;0
2026-03-04 00:45:00;0,06;9,41;102,619;150,1581;0
2026-03-04 01:00:00;0,05;11,51;107,739;155,2781;0
2026-03-04 01:15:00;0,05;10,47;106,189;153,7281;0
2026-03-04 01:30:00;0,05;10,28;105,629;153,1681;0
2026-03-04 01:45:00;0,05;9,48;102,169;149,7081;0
2026-03-04 02:00:00;0,05;10,03;104,399;151,9381;0
2026-03-04 02:15:00;0,05;10,89;103,269;150,8081;0
2026-03-04 02:30:00;0,05;10,07;102,839;150,3781;0
2026-03-04 02:45:00;0,05;7,5;102,609;150,1481;0
2026-03-04 03:00:00;0,05;8,76;103,529;151,0681;0
2026-03-04 03:15:00;0,05;8,31;103,699;151,2381;0
2026-03-04 03:30:00;0,05;7,31;107,699;155,2381;0
2026-03-04 03:45:00;0,05;8,56;109,009;156,5481;0
2026-03-04 04:00:00;0,05;8,41;94,719;142,2581;0
2026-03-04 04:15:00;0,05;13,53;98,609;146,1481;0
2026-03-04 04:30:00;0,05;18,32;104,879;152,4181;0
2026-03-04 04:45:00;0,05;15,07;128,649;176,1881;0
2026-03-04 05:00:00;0,04;17,5;104,429;151,9681;0
2026-03-04 05:15:00;0,05;17,85;116,339;163,8781;0,000710914
2026-03-04 05:30:00;0,05;14,45;162,549;210,0881;0,00828113
2026-03-04 05:45:00;0,06;10,86;240,209;287,7481;0,02872277
2026-03-04 06:00:00;0,04;8,96;228,019;275,5581;0,059848864
2026-03-04 06:15:00;0,07;7,69;254,639;302,1781;0,096036434
2026-03-04 06:30:00;1,51;2,85;216,839;264,3781;0,13458858
2026-03-04 06:45:00;3,93;4,31;168,419;215,9581;0,17401144
2026-03-04 07:00:00;6,18;-4,59;282,989;330,5281;0,22034034
2026-03-04 07:15:00;9,33;-6,9;203,329;250,8681;0,25934464
2026-03-04 07:30:00;13,04;-5,82;146,219;193,7581;0,29774743
2026-03-04 07:45:00;18,05;-10,02;118,969;166,5081;0,33644247
2026-03-04 08:00:00;20,92;-18,59;177,229;224,7681;0,3610542
2026-03-04 08:15:00;24,92;-9,12;127,879;175,4181;0,39448315
2026-03-04 08:30:00;25,11;-7,73;110,879;158,4181;0,42363977
2026-03-04 08:45:00;27,54;-11,84;98,369;145,9081;0,44639012
2026-03-04 09:00:00;31,46;-11,88;125,059;172,5981;0,47309813
2026-03-04 09:15:00;25,6;-8,29;105,319;152,8581;0,49261796
2026-03-04 09:30:00;31,57;-16,27;96,709;144,2481;0,50971574
2026-03-04 09:45:00;57,85;-41,81;72,969;120,5081;0,52541137
2026-03-04 10:00:00;59,13;-42,82;91,339;138,8781;0,54709035
2026-03-04 10:15:00;51,59;-32,34;66,319;113,8581;0,55517626
2026-03-04 10:30:00;68,42;-46,24;69,399;116,9381;0,5594997
2026-03-04 10:45:00;84,97;-60,95;43,859;91,3981;0,56037617
2026-03-04 11:00:00;95,51;-72,99;58,099;105,6381;0,5590911
2026-03-04 11:15:00;86,15;-65,19;29,429;76,9681;0,5529667
2026-03-04 11:30:00;94,14;-77,93;25,149;72,6881;0,54688174
2026-03-04 11:45:00;92,26;-76,69;11,309;58,8481;0,5349452
2026-03-04 12:00:00;80,04;-63,68;16,609;64,1481;0,5252037
2026-03-04 12:15:00;82,25;-58,01;12,619;60,1581;0,5091049
2026-03-04 12:30:00;75,21;-51,06;16,799;64,3381;0,49162415
2026-03-04 12:45:00;80,78;-55,58;21,319;68,8581;0,47226647
2026-03-04 13:00:00;74,83;-50,62;12,029;59,5681;0,44619283
2026-03-04 13:15:00;68,68;-52,01;35,389;82,9281;0,4188414
2026-03-04 13:30:00;69,69;-51,33;51,419;98,9581;0,38404492
2026-03-04 13:45:00;70,69;-56,5;66,159;113,6981;0,34238684
2026-03-04 14:00:00;65,34;-51,67;47,319;94,8581;0,28854126
2026-03-04 14:15:00;52,57;-39,04;63,869;111,4081;0,24580482
2026-03-04 14:30:00;42,72;-29,3;71,059;118,5981;0,20097278
2026-03-04 14:45:00;43,99;-28,65;97,639;145,1781;0,16121848
2026-03-04 15:00:00;34,37;-21;73,949;121,4881;0,12486275
2026-03-04 15:15:00;25,41;-12,43;96,369;143,9081;0,09017121
2026-03-04 15:30:00;20,64;-8,1;111,269;158,8081;0,059600387
2026-03-04 15:45:00;12,92;-1,61;169,149;216,6881;0,032303266
2026-03-04 16:00:00;9,48;8,8;100,119;147,6581;0,012009114
2026-03-04 16:15:00;5,42;14,09;138,409;185,9481;0,001946151
2026-03-04 16:30:00;3,23;10,5;220,759;268,2981;0
2026-03-04 16:45:00;2,07;13,07;395,919;443,4581;0
2026-03-04 17:00:00;1,23;19,61;220,099;267,6381;0
2026-03-04 17:15:00;0,69;12,83;271,789;319,3281;0
2026-03-04 17:30:00;0,08;15,76;279,749;327,2881;0
2026-03-04 17:45:00;0,05;17,94;232,159;279,6981;0
2026-03-04 18:00:00;0,05;20,08;256,049;303,5881;0
2026-03-04 18:15:00;0,05;19,14;195,609;243,1481;0
2026-03-04 18:30:00;0,06;13,96;188,109;235,6481;0
2026-03-04 18:45:00;0,05;12,4;176,429;223,9681;0
2026-03-04 19:00:00;0,06;11,42;175,129;222,6681;0
2026-03-04 19:15:00;0,06;6,98;162,749;210,2881;0
2026-03-04 19:30:00;0,06;6,55;150,039;197,5781;0
2026-03-04 19:45:00;0,05;6,45;140,279;187,8181;0
2026-03-04 20:00:00;0,06;7;142,859;190,3981;0
2026-03-04 20:15:00;0,06;6,74;133,739;181,2781;0
2026-03-04 20:30:00;0,06;7,94;119,469;167,0081;0
2026-03-04 20:45:00;0,06;8,13;103,729;151,2681;0
2026-03-04 21:00:00;0,06;5,61;127,809;175,3481;0
2026-03-04 21:15:00;0,06;4,82;121,809;169,3481;0
2026-03-04 21:30:00;0,06;7,05;114,599;162,1381;0
2026-03-04 21:45:00;0,07;5,93;102,869;150,4081;0
2026-03-04 22:00:00;0,06;6,55;115,169;162,7081;0
2026-03-04 22:15:00;0,06;7,01;108,589;156,1281;0
2026-03-04 22:30:00;0,05;6,22;97,419;144,9581;0
2026-03-04 22:45:00;0,05;12,3;88,089;135,6281;0
2026-03-04 23:00:00;0,05;10,84;114,689;162,2281;0
2026-03-04 23:15:00;0,05;9,34;101,709;149,2481;0
2026-03-04 23:30:00;0,05;9,06;96,059;143,5981;0
2026-03-04 23:45:00;0,05;9,05;92,879;140,4181;0
2026-03-05 00:00:00;0,05;9,75;96,789;144,3281;0
2026-03-05 00:15:00;0,05;11,95;94,709;142,2481;0
2026-03-05 00:30:00;0,05;14,97;94,149;141,6881;0
2026-03-05 00:45:00;0,05;15,21;93,449;140,9881;0
2026-03-05 01:00:00;0,05;15,99;95,029;142,5681;0
2026-03-05 01:15:00;0,05;16,01;94,249;141,7881;0
2026-03-05 01:30:00;0,05;14,46;94,049;141,5881;0
2026-03-05 01:45:00;0,05;15,82;92,429;139,9681;0
2026-03-05 02:00:00;0,06;14,82;91,169;138,7081;0
2026-03-05 02:15:00;0,05;15,27;91,109;138,6481;0
2026-03-05 02:30:00;0,05;12,81;90,519;138,0581;0
2026-03-05 02:45:00;0,06;10,04;90,599;138,1381;0
2026-03-05 03:00:00;0,05;9,56;91,949;139,4881;0
2026-03-05 03:15:00;0,05;9,33;92,479;140,0181;0
2026-03-05 03:30:00;0,05;11,82;92,599;140,1381;0
2026-03-05 03:45:00;0,05;9,56;96,329;143,8681;0
2026-03-05 04:00:00;0,05;9,46;91,409;138,9481;0
2026-03-05 04:15:00;0,05;11,15;95,379;142,9181;0
2026-03-05 04:30:00;0,05;11,02;114,459;161,9981;0
2026-03-05 04:45:00;0,06;8,8;124,759;172,2981;0
2026-03-05 05:00:00;0,05;18,5;111,429;158,9681;0
2026-03-05 05:15:00;0,06;17,08;131,709;179,2481;0,001119968
2026-03-05 05:30:00;0,05;14,46;140,819;188,3581;0,008735408
2026-03-05 05:45:00;0,05;13,64;148,839;196,3781;0,026028218
2026-03-05 06:00:00;0,06;13,76;147,849;195,3881;0,050756764
2026-03-05 06:15:00;0,3;13,32;152,569;200,1081;0,07975709
2026-03-05 06:30:00;2,26;9,48;150,749;198,2881;0,11126894
2026-03-05 06:45:00;5,37;2,25;137,249;184,7881;0,14443545
2026-03-05 07:00:00;10,84;-2,6;167,179;214,7181;0,16708617
2026-03-05 07:15:00;17,04;-6,45;140,689;188,2281;0,19982697
2026-03-05 07:30:00;24,19;-14,05;121,659;169,1981;0,23327655
2026-03-05 07:45:00;32,88;-23,31;91,189;138,7281;0,2673313
2026-03-05 08:00:00;42,07;-25,87;120,459;167,9981;0,3243417
2026-03-05 08:15:00;51,16;-33,19;89,859;137,3981;0,3567764
2026-03-05 08:30:00;59,51;-44,34;80,069;127,6081;0,3878762
2026-03-05 08:45:00;66,46;-52,53;61,599;109,1381;0,4172572
2026-03-05 09:00:00;72,41;-52,74;85,759;133,2981;0,46907035
2026-03-05 09:15:00;77,4;-60,35;60,109;107,6481;0,49585938
2026-03-05 09:30:00;81,84;-64,58;51,979;99,5181;0,52086854
2026-03-05 09:45:00;85,86;-69,18;25,379;72,9181;0,5426566
2026-03-05 10:00:00;89,08;-73,49;51,029;98,5681;0,55359113
2026-03-05 10:15:00;91,54;-75,91;19,809;67,3481;0,56219274
2026-03-05 10:30:00;93,53;-77,55;2,479;50,0181;0,56672955
2026-03-05 10:45:00;94,84;-79,54;-8,071;39,4681;0,56741405
2026-03-05 11:00:00;95,83;-76,62;-0,341;47,1981;0,54313374
2026-03-05 11:15:00;96,08;-80,18;-8,171;39,3681;0,53835523
2026-03-05 11:30:00;95,29;-78,64;-8,271;39,2681;0,533462
2026-03-05 11:45:00;94,52;-76,83;-8,271;39,2681;0,52272016
2026-03-05 12:00:00;93,2;-74,54;-9,171;38,3681;0,5045274
2026-03-05 12:15:00;91,42;-73,89;-9,011;38,5281;0,4899228
2026-03-05 12:30:00;89,18;-71,46;-7,971;39,5681;0,47395486
2026-03-05 12:45:00;86,37;-68,97;0,749;48,2881;0,45602348
2026-03-05 13:00:00;83,22;-66,59;0,779;48,3181;0,42150056
2026-03-05 13:15:00;79,44;-65,26;23,029;70,5681;0,39609468
2026-03-05 13:30:00;75,32;-58,66;30,609;78,1481;0,3638397
2026-03-05 13:45:00;70,83;-48,42;57,829;105,3681;0,32693094
2026-03-05 14:00:00;65,41;-43,59;43,769;91,3081;0,2679086
2026-03-05 14:15:00;59;-34,08;66,699;114,2381;0,23094626
2026-03-05 14:30:00;53,15;-28,28;74,279;121,8181;0,19116901
2026-03-05 14:45:00;46,44;-22,09;94,589;142,1281;0,1548227
2026-03-05 15:00:00;39,41;-15,85;69,869;117,4081;0,11724315
2026-03-05 15:15:00;32,47;-8,56;98,049;145,5881;0,085595116
2026-03-05 15:30:00;26,65;-2,52;117,689;165,2281;0,05749434
2026-03-05 15:45:00;20,15;-4,18;166,189;213,7281;0,0322379
2026-03-05 16:00:00;14,22;7,53;93,739;141,2781;0,012200634
2026-03-05 16:15:00;9,34;12,06;140,749;188,2881;0,002342284
2026-03-05 16:30:00;5,03;15,84;160,289;207,8281;0
2026-03-05 16:45:00;2,04;14,18;227,419;274,9581;0
2026-03-05 17:00:00;1;16,86;199,539;247,0781;0
2026-03-05 17:15:00;0,41;19,83;177,769;225,3081;0
2026-03-05 17:30:00;0,05;20,76;168,429;215,9681;0
2026-03-05 17:45:00;0,05;25,26;153,579;201,1181;0
2026-03-05 18:00:00;0,06;21,88;187,829;235,3681;0
2026-03-05 18:15:00;0,05;16,77;158,889;206,4281;0
2026-03-05 18:30:00;0,06;14,7;146,379;193,9181;0
2026-03-05 18:45:00;0,06;14,72;136,809;184,3481;0
2026-03-05 19:00:00;0,05;14,6;140,419;187,9581;0
2026-03-05 19:15:00;0,06;14,16;128,179;175,7181;0
2026-03-05 19:30:00;0,05;13;120,069;167,6081;0
2026-03-05 19:45:00;0,06;13,65;112,629;160,1681;0
2026-03-05 20:00:00;0,05;11,89;128,039;175,5781;0
2026-03-05 20:15:00;0,05;11,66;120,999;168,5381;0
2026-03-05 20:30:00;0,05;13,85;110,389;157,9281;0
2026-03-05 20:45:00;0,06;12,9;96,689;144,2281;0
2026-03-05 21:00:00;0,05;12,58;117,459;164,9981;0
2026-03-05 21:15:00;0,05;11,68;113,409;160,9481;0
2026-03-05 21:30:00;0,05;11,78;110,749;158,2881;0
2026-03-05 21:45:00;0,05;11,74;106,359;153,8981;0
2026-03-05 22:00:00;0,05;11,17;115,989;163,5281;0
2026-03-05 22:15:00;0,05;9,46;105,329;152,8681;0
2026-03-05 22:30:00;0,05;9;101,919;149,4581;0
2026-03-05 22:45:00;0,04;13,69;91,519;139,0581;0
2026-03-05 23:00:00;0,04;12,99;86,509;134,0481;0
2026-03-05 23:15:00;0,05;10,83;85,029;132,5681;0
2026-03-05 23:30:00;0,04;11,01;84,669;132,2081;0
2026-03-05 23:45:00;0,05;11,04;82,499;130,0381;0
2026-03-06 00:00:00;0,04;11,22;89,219;136,7581;0
2026-03-06 00:15:00;0,05;11,7;86,319;133,8581;0
2026-03-06 00:30:00;0,05;10,94;88,579;136,1181;0
2026-03-06 00:45:00;0,04;10,84;83,619;131,1581;0
2026-03-06 01:00:00;0,05;14,87;89,559;137,0981;0
2026-03-06 01:15:00;0,05;14,68;85,799;133,3381;0
2026-03-06 01:30:00;0,05;13,36;87,499;135,0381;0
2026-03-06 01:45:00;0,05;12,75;85,839;133,3781;0
2026-03-06 02:00:00;0,05;14,57;89,909;137,4481;0
2026-03-06 02:15:00;0,05;13,77;91,739;139,2781;0
2026-03-06 02:30:00;0,05;13,67;91,689;139,2281;0
2026-03-06 02:45:00;0,05;11,07;92,319;139,8581;0
2026-03-06 03:00:00;0,05;10,21;93,619;141,1581;0
2026-03-06 03:15:00;0,06;9,82;91,349;138,8881;0
2026-03-06 03:30:00;0,06;10,74;97,519;145,0581;0
2026-03-06 03:45:00;0,05;11,63;103,829;151,3681;0
2026-03-06 04:00:00;0,05;11,7;87,789;135,3281;0
2026-03-06 04:15:00;0,05;19,17;95,379;142,9181;0
2026-03-06 04:30:00;0,05;18,71;102,769;150,3081;0
2026-03-06 04:45:00;0,05;18,51;115,189;162,7281;0
2026-03-06 05:00:00;0,06;17,99;96,089;143,6281;0
2026-03-06 05:15:00;0,06;18,46;111,729;159,2681;0,002016537
2026-03-06 05:30:00;0,05;16,15;122,099;169,6381;0,013302581
2026-03-06 05:45:00;0,06;15,9;164,029;211,5681;0,03777126
2026-03-06 06:00:00;0,05;15,02;148,489;196,0281;0,07107183
2026-03-06 06:15:00;0,17;10,71;166,629;214,1681;0,10883629
2026-03-06 06:30:00;1,96;6,66;152,089;199,6281;0,14943242
2026-03-06 06:45:00;4,09;5,02;116,989;164,5281;0,19178794
2026-03-06 07:00:00;6,87;-3,1;168,409;215,9481;0,23676543
2026-03-06 07:15:00;9,86;-1,04;137,299;184,8381;0,28058764
2026-03-06 07:30:00;14,82;-7,33;110,019;157,5581;0,32394114
2026-03-06 07:45:00;19,66;-11,92;89,499;137,0381;0,36386955
2026-03-06 08:00:00;22,25;-11,39;136,429;183,9681;0,3923272
2026-03-06 08:15:00;33,22;-15,91;100,789;148,3281;0,423761
2026-03-06 08:30:00;38,15;-21,07;92,629;140,1681;0,45077705
2026-03-06 08:45:00;42,69;-28,05;83,499;131,0381;0,47407642
2026-03-06 09:00:00;45,2;-25,22;99,139;146,6781;0,4905708
2026-03-06 09:15:00;50,18;-29,29;86,469;134,0081;0,5122631
2026-03-06 09:30:00;50,94;-28,36;83,629;131,1681;0,5318871
2026-03-06 09:45:00;57,17;-38,19;65,359;112,8981;0,54934734
2026-03-06 10:00:00;62,77;-43,93;80,959;128,4981;0,5687654
2026-03-06 10:15:00;65,27;-47,82;63,959;111,4981;0,5736019
2026-03-06 10:30:00;66,62;-51,61;60,769;108,3081;0,57593983
2026-03-06 10:45:00;66,12;-49,52;49,089;96,6281;0,575446
2026-03-06 11:00:00;67,92;-48,91;61,109;108,6481;0,57211196
2026-03-06 11:15:00;67,48;-49,97;45,769;93,3081;0,56592584
2026-03-06 11:30:00;65,16;-45,81;48,919;96,4581;0,55971676
2026-03-06 11:45:00;66,24;-47,28;43,269;90,8081;0,5477293
2026-03-06 12:00:00;66,76;-47,2;42,379;89,9181;0,5358189
2026-03-06 12:15:00;65,09;-45,23;41,409;88,9481;0,5189984
2026-03-06 12:30:00;67;-51,08;40,749;88,2881;0,5012232
2026-03-06 12:45:00;65,43;-50,86;46,829;94,3681;0,4817854
2026-03-06 13:00:00;62,21;-48,46;39,819;87,3581;0,45152855
2026-03-06 13:15:00;57,74;-44,04;58,669;106,2081;0,42631394
2026-03-06 13:30:00;46,05;-31,75;74,139;121,6781;0,39395702
2026-03-06 13:45:00;35,23;-20,56;86,989;134,5281;0,3536686
2026-03-06 14:00:00;31,73;-14,29;74,969;122,5081;0,29912862
2026-03-06 14:15:00;37,47;-20,21;87,839;135,3781;0,25656152
2026-03-06 14:30:00;39,2;-25,5;85,249;132,7881;0,21170077
2026-03-06 14:45:00;34,02;-20,23;108,439;155,9781;0,17057206
2026-03-06 15:00:00;27,45;-12,43;78,119;125,6581;0,13107762
2026-03-06 15:15:00;18,57;-3,3;101,099;148,6381;0,09557647
2026-03-06 15:30:00;11,29;2,08;120,289;167,8281;0,06442641
2026-03-06 15:45:00;9,9;3,45;147,229;194,7681;0,03674157
2026-03-06 16:00:00;9,09;6,93;97,889;145,4281;0,014150696
2026-03-06 16:15:00;7,39;12,25;130,749;178,2881;0,003039087
2026-03-06 16:30:00;4,99;15,81;155,279;202,8181;9,52E-06
2026-03-06 16:45:00;2,81;14,48;217,079;264,6181;0
2026-03-06 17:00:00;1,97;16,59;172,099;219,6381;0
2026-03-06 17:15:00;1;18,13;192,339;239,8781;0
2026-03-06 17:30:00;0,11;16,41;192,499;240,0381;0
2026-03-06 17:45:00;0,05;21,71;186,849;234,3881;0
2026-03-06 18:00:00;0,04;23,07;217,229;264,7681;0
2026-03-06 18:15:00;0,05;23,66;163,419;210,9581;0
2026-03-06 18:30:00;0,05;14,7;143,949;191,4881;0
2026-03-06 18:45:00;0,06;14,95;134,289;181,8281;0
2026-03-06 19:00:00;0,04;14,59;119,799;167,3381;0
2026-03-06 19:15:00;0,06;15,92;112,969;160,5081;0
2026-03-06 19:30:00;0,05;15,97;109,469;157,0081;0
2026-03-06 19:45:00;0,05;14,6;100,949;148,4881;0
2026-03-06 20:00:00;0,06;12,87;126,659;174,1981;0
2026-03-06 20:15:00;0,06;11,67;126,759;174,2981;0
2026-03-06 20:30:00;0,05;13,08;114,379;161,9181;0
2026-03-06 20:45:00;0,05;13,29;104,109;151,6481;0
2026-03-06 21:00:00;0,05;11,7;114,519;162,0581;0
2026-03-06 21:15:00;0,05;11,29;107,719;155,2581;0
2026-03-06 21:30:00;0,05;11,74;107,649;155,1881;0
2026-03-06 21:45:00;0,05;12,16;105,049;152,5881;0
2026-03-06 22:00:00;0,05;11,69;114,529;162,0681;0
2026-03-06 22:15:00;0,05;9,74;105,649;153,1881;0
2026-03-06 22:30:00;0,05;9,5;104,759;152,2981;0
2026-03-06 22:45:00;0,04;14,11;93,219;140,7581;0
2026-03-06 23:00:00;0,05;12,6;116,479;164,0181;0
2026-03-06 23:15:00;0,05;15,22;111,839;159,3781;0
2026-03-06 23:30:00;0,05;14,08;106,219;153,7581;0
2026-03-06 23:45:00;0,05;14,27;102,739;150,2781;0
2026-03-07 00:00:00;0,05;14,95;110,099;157,6381;0
2026-03-07 00:15:00;0,05;14,23;104,189;151,7281;0
2026-03-07 00:30:00;0,05;13,51;104,249;151,7881;0
2026-03-07 00:45:00;0,05;14,57;101,629;149,1681;0
2026-03-07 01:00:00;0,04;16,52;102,809;150,3481;0
2026-03-07 01:15:00;0,05;14,96;101,009;148,5481;0
2026-03-07 01:30:00;0,05;13,24;97,469;145,0081;0
2026-03-07 01:45:00;0,05;15,59;96,369;143,9081;0
2026-03-07 02:00:00;0,05;15,98;98,229;145,7681;0
2026-03-07 02:15:00;0,05;13,76;96,659;144,1981;0
2026-03-07 02:30:00;0,05;14,52;95,359;142,8981;0
2026-03-07 02:45:00;0,05;11,4;94,059;141,5981;0
2026-03-07 03:00:00;0,04;9,9;94,209;141,7481;0
2026-03-07 03:15:00;0,04;9,57;95,059;142,5981;0
2026-03-07 03:30:00;0,05;10,99;95,339;142,8781;0
2026-03-07 03:45:00;0,05;11,41;97,449;144,9881;0
2026-03-07 04:00:00;0,05;17,29;95,719;143,2581;0
2026-03-07 04:15:00;0,04;19,52;98,769;146,3081;0
2026-03-07 04:30:00;0,06;14,85;100,499;148,0381;0
2026-03-07 04:45:00;0,05;19,41;104,509;152,0481;0
2026-03-07 05:00:00;0,05;19,46;100,809;148,3481;1,28E-06
2026-03-07 05:15:00;0,05;19,2;107,459;154,9981;0,002292725
2026-03-07 05:30:00;0,05;19,12;109,319;156,8581;0,011764803
2026-03-07 05:45:00;0,05;17,53;102,239;149,7781;0,030415773
2026-03-07 06:00:00;0,05;18,27;119,479;167,0181;0,053524002
2026-03-07 06:15:00;0,05;13,29;116,359;163,8981;0,08230789
2026-03-07 06:30:00;0,59;10,72;110,339;157,8781;0,11365568
2026-03-07 06:45:00;1,28;9,24;91,339;138,8781;0,14683002
2026-03-07 07:00:00;2,32;9,09;118,559;166,0981;0,16923311
2026-03-07 07:15:00;3,57;7,11;109,739;157,2781;0,20522714
2026-03-07 07:30:00;4,96;9,52;93,119;140,6581;0,24219218
2026-03-07 07:45:00;6,83;8,13;77,829;125,3681;0,27807018
2026-03-07 08:00:00;8,37;5,88;120,439;167,9781;0,2810965
2026-03-07 08:15:00;11,23;9,36;100,079;147,6181;0,31268027
2026-03-07 08:30:00;16,1;2,17;87,319;134,8581;0,3395883
2026-03-07 08:45:00;15,73;0,86;71,899;119,4381;0,35937268
2026-03-07 09:00:00;16,27;3,81;94,779;142,3181;0,352293
2026-03-07 09:15:00;17,36;2,99;77,209;124,7481;0,37068412
2026-03-07 09:30:00;18,14;-0,21;66,479;114,0181;0,38648644
2026-03-07 09:45:00;17,31;0,59;31,929;79,4681;0,3996996
2026-03-07 10:00:00;18,46;-0,4;50,249;97,7881;0,4040154
2026-03-07 10:15:00;17,49;0,49;23,169;70,7081;0,41035393
2026-03-07 10:30:00;21,76;-4,67;14,239;61,7781;0,41394776
2026-03-07 10:45:00;21,07;-5,27;12,539;60,0781;0,41477585
2026-03-07 11:00:00;22,22;-6,54;12,609;60,1481;0,40913683
2026-03-07 11:15:00;26,55;-9,83;8,249;55,7881;0,40244105
2026-03-07 11:30:00;20,33;-3,47;3,969;51,5081;0,39542612
2026-03-07 11:45:00;27,41;-11,26;0,629;48,1681;0,38415408
2026-03-07 12:00:00;29,14;-12,69;-3,251;44,2881;0,3875786
2026-03-07 12:15:00;32,95;-13,94;-8,551;38,9881;0,37026665
2026-03-07 12:30:00;33,78;-15,09;-9,251;38,2881;0,35023475
2026-03-07 12:45:00;56,85;-39,06;-9,151;38,3881;0,32612532
2026-03-07 13:00:00;59,23;-43,19;-6,021;41,5181;0,2789283
2026-03-07 13:15:00;56,19;-39,74;5,129;52,6681;0,25282323
2026-03-07 13:30:00;48,89;-31;13,819;61,3581;0,22450316
2026-03-07 13:45:00;50,72;-33,62;24,919;72,4581;0,19532993
2026-03-07 14:00:00;49,76;-30,35;25,519;73,0581;0,15537262
2026-03-07 14:15:00;42,88;-27,45;55,399;102,9381;0,13215457
2026-03-07 14:30:00;36,34;-22,82;69,089;116,6281;0,11013367
2026-03-07 14:45:00;27,11;-12,9;90,829;138,3681;0,090646826
2026-03-07 15:00:00;20,15;-6,35;59,029;106,5681;0,06587637
2026-03-07 15:15:00;17,16;-3,65;83,369;130,9081;0,049455814
2026-03-07 15:30:00;15,34;-1,32;106,959;154,4981;0,033899955
2026-03-07 15:45:00;14,15;0,55;124,079;171,6181;0,019704292
2026-03-07 16:00:00;13,83;6,58;91,669;139,2081;0,008493648
2026-03-07 16:15:00;13,86;6,07;78,819;126,3581;0,002195647
2026-03-07 16:30:00;11,43;9,11;93,169;140,7081;2,78E-05
2026-03-07 16:45:00;7,15;13,26;142,299;189,8381;0
2026-03-07 17:00:00;3,15;16,69;125,749;173,2881;0
2026-03-07 17:15:00;1,18;17,65;146,899;194,4381;0
2026-03-07 17:30:00;0,13;15,53;167,709;215,2481;0
2026-03-07 17:45:00;0,04;23,45;162,639;210,1781;0
2026-03-07 18:00:00;0,05;12,09;174,779;222,3181;0
2026-03-07 18:15:00;0,04;13,06;159,949;207,4881;0
2026-03-07 18:30:00;0,05;14,63;153,369;200,9081;0
2026-03-07 18:45:00;0,04;12,89;139,109;186,6481;0
2026-03-07 19:00:00;0,05;13,37;145,189;192,7281;0
2026-03-07 19:15:00;0,05;13,3;139,489;187,0281;0
2026-03-07 19:30:00;0,06;13,44;133,179;180,7181;0
2026-03-07 19:45:00;0,05;11,19;123,289;170,8281;0
2026-03-07 20:00:00;0,06;10,88;125,479;173,0181;0
2026-03-07 20:15:00;;0;115,629;163,1681;0
2026-03-07 20:30:00;;0;110,349;157,8881;0
2026-03-07 20:45:00;;0;106,639;154,1781;0
2026-03-07 21:00:00;;0;121,059;168,5981;0
2026-03-07 21:15:00;;0;113,489;161,0281;0
2026-03-07 21:30:00;;0;113,049;160,5881;0
2026-03-07 21:45:00;;0;111,399;158,9381;0
2026-03-07 22:00:00;;0;121,759;169,2981;0
2026-03-07 22:15:00;0,05;8,12;110,309;157,8481;0
2026-03-07 22:30:00;0,05;9,17;107,529;155,0681;0
2026-03-07 22:45:00;0,05;17,41;102,619;150,1581;0
2026-03-07 23:00:00;0,04;14,23;127,469;175,0081;0
2026-03-07 23:15:00;0,05;12,17;119,359;166,8981;0
2026-03-07 23:30:00;0,04;12,07;115,149;162,6881;0
2026-03-07 23:45:00;0,05;14,01;110,529;158,0681;0
2026-03-08 00:00:00;0,05;10,26;119,069;166,6081;0
2026-03-08 00:15:00;0,05;9,98;115,129;162,6681;0
2026-03-08 00:30:00;0,05;12,37;110,639;158,1781;0
2026-03-08 00:45:00;0,05;12,33;108,079;155,6181;0
2026-03-08 01:00:00;0,05;12,69;113,439;160,9781;0
2026-03-08 01:15:00;0,05;18,49;112,569;160,1081;0
2026-03-08 01:30:00;0,05;19,66;109,859;157,3981;0
2026-03-08 01:45:00;0,05;18,95;107,349;154,8881;0
2026-03-08 02:00:00;0,05;18,56;110,459;157,9981;0
2026-03-08 02:15:00;0,05;18,09;107,999;155,5381;0
2026-03-08 02:30:00;0,05;18,62;108,179;155,7181;0
2026-03-08 02:45:00;0,05;16,2;106,069;153,6081;0
2026-03-08 03:00:00;0,05;15,25;107,369;154,9081;0
2026-03-08 03:15:00;0,05;14,06;106,109;153,6481;0
2026-03-08 03:30:00;0,04;14,69;106,549;154,0881;0
2026-03-08 03:45:00;0,04;16,35;106,949;154,4881;0
2026-03-08 04:00:00;0,05;15,91;107,399;154,9381;0
2026-03-08 04:15:00;0,05;15,55;105,939;153,4781;0
2026-03-08 04:30:00;0,05;15,73;108,049;155,5881;0
2026-03-08 04:45:00;0,05;17,02;108,409;155,9481;0
2026-03-08 05:00:00;0,05;21,55;107,079;154,6181;2,66E-05
2026-03-08 05:15:00;0,05;21,46;111,329;158,8681;0,002689793
2026-03-08 05:30:00;0,04;22,95;115,709;163,2481;0,01111654
2026-03-08 05:45:00;0,04;24,94;113,399;160,9381;0,025372218
2026-03-08 06:00:00;0,04;23,24;123,009;170,5481;0,037823115
2026-03-08 06:15:00;0,05;21,32;113,599;161,1381;0,056863926
2026-03-08 06:30:00;0,31;14,84;97,049;144,5881;0,077804044
2026-03-08 06:45:00;1,01;11,74;82,129;129,6681;0,10027693
2026-03-08 07:00:00;2,03;12,65;119,929;167,4681;0,11348812
2026-03-08 07:15:00;3,13;11,98;103,189;150,7281;0,1383481
2026-03-08 07:30:00;3,57;11,44;103,869;151,4081;0,16480313
2026-03-08 07:45:00;5,2;10,32;90,879;138,4181;0,19213188
2026-03-08 08:00:00;5,89;9,46;114,379;161,9181;0,19549169
2026-03-08 08:15:00;7,23;8,88;99,139;146,6781;0,22406673
2026-03-08 08:30:00;9,51;6,03;94,179;141,7181;0,24990615
2026-03-08 08:45:00;11,73;1,53;75,669;123,2081;0,27253842
2026-03-08 09:00:00;12,42;5,46;95,049;142,5881;0,24516045
2026-03-08 09:15:00;14,94;0,95;83,469;131,0081;0,2758251
2026-03-08 09:30:00;15,95;0,72;51,189;98,7281;0,3060976
2026-03-08 09:45:00;16,39;0,3;33,279;80,8181;0,33542567
2026-03-08 10:00:00;18,16;-0,27;25,189;72,7281;0,34071875
2026-03-08 10:15:00;19,42;-1,98;14,579;62,1181;0,36423567
2026-03-08 10:30:00;16,61;-0,79;8,359;55,8981;0,38123962
2026-03-08 10:45:00;17,06;1,18;1,529;49,0681;0,3928964
2026-03-08 11:00:00;19,39;-2,02;6,309;53,8481;0,3705278
2026-03-08 11:15:00;27,52;-10,96;2,289;49,8281;0,37723753
2026-03-08 11:30:00;34,9;-16,63;2,389;49,9281;0,3832782
2026-03-08 11:45:00;43,53;-28,83;-7,151;40,3881;0,38336185
2026-03-08 12:00:00;35,94;-20,85;-9,181;38,3581;0,36397707
2026-03-08 12:15:00;37,2;-25,15;-9,241;38,2981;0,3599146
2026-03-08 12:30:00;32,89;-21,51;-9,261;38,2781;0,3527353
2026-03-08 12:45:00;57,56;-44,65;-9,251;38,2881;0,34151483
2026-03-08 13:00:00;80,09;-67,86;-9,251;38,2881;0,3101594
2026-03-08 13:15:00;73,57;-60,67;-9,251;38,2881;0,2915737
2026-03-08 13:30:00;69,4;-57,12;-1,381;46,1581;0,26922297
2026-03-08 13:45:00;64,54;-51,87;9,209;56,7481;0,24461114
2026-03-08 14:00:00;59,45;-46,19;6,319;53,8581;0,19274648
2026-03-08 14:15:00;54,14;-41,37;25,519;73,0581;0,17106833
2026-03-08 14:30:00;48,03;-33,22;57,969;105,5081;0,14659394
2026-03-08 14:45:00;42,39;-30,11;80,309;127,8481;0,121749625
2026-03-08 15:00:00;35,54;-23,53;47,599;95,1381;0,09202462
2026-03-08 15:15:00;29,79;-16,45;77,309;124,8481;0,06932128
2026-03-08 15:30:00;23,96;-10,57;97,249;144,7881;0,0477731
2026-03-08 15:45:00;18,47;-0,05;112,499;160,0381;0,02823177
2026-03-08 16:00:00;13,89;7,14;100,059;147,5981;0,012890806
2026-03-08 16:15:00;10,4;10,84;116,339;163,8781;0,003501695
2026-03-08 16:30:00;7,51;13,3;130,749;178,2881;0,000134141
2026-03-08 16:45:00;5,17;10,79;250,649;298,1881;0
2026-03-08 17:00:00;2,8;18,54;166,599;214,1381;0
2026-03-08 17:15:00;1,37;16,78;200,579;248,1181;0
2026-03-08 17:30:00;0,27;21,75;175,189;222,7281;0
2026-03-08 17:45:00;0,04;16,53;161,539;209,0781;0
2026-03-08 18:00:00;0,04;15,51;150,949;198,4881;0
2026-03-08 18:15:00;0,05;16,23;141,619;189,1581;0
2026-03-08 18:30:00;0,06;15,54;145,889;193,4281;0
2026-03-08 18:45:00;0,05;15,47;140,749;188,2881;0
2026-03-08 19:00:00;0,05;15,89;145,419;192,9581;0
2026-03-08 19:15:00;0,05;15,34;135,749;183,2881;0
2026-03-08 19:30:00;0,05;13,69;128,829;176,3681;0
2026-03-08 19:45:00;0,04;12,68;118,989;166,5281;0
2026-03-08 20:00:00;0,06;14,18;129,609;177,1481;0
2026-03-08 20:15:00;0,05;12,35;122,539;170,0781;0
2026-03-08 20:30:00;0,05;12,39;116,779;164,3181;0
2026-03-08 20:45:00;0,05;12,02;108,279;155,8181;0
2026-03-08 21:00:00;0,05;11,56;123,189;170,7281;0
2026-03-08 21:15:00;0,05;10,97;112,789;160,3281;0
2026-03-08 21:30:00;0,06;11,26;110,489;158,0281;0
2026-03-08 21:45:00;0,05;11,47;111,949;159,4881;0
2026-03-08 22:00:00;0,05;10,98;117,269;164,8081;0
2026-03-08 22:15:00;0,05;9,14;111,379;158,9181;0
2026-03-08 22:30:00;0,05;8,73;110,459;157,9981;0
2026-03-08 22:45:00;0,04;12,5;102,099;149,6381;0
2026-03-08 23:00:00;0,04;11,49;113,769;161,3081;0
2026-03-08 23:15:00;0,05;10,81;106,189;153,7281;0
2026-03-08 23:30:00;0,05;10,52;104,369;151,9081;0
2026-03-08 23:45:00;0,05;10,99;98,959;146,4981;0
2026-03-09 00:00:00;0,05;10,8;103,019;150,5581;0
2026-03-09 00:15:00;0,06;10,73;101,029;148,5681;0
2026-03-09 00:30:00;0,05;11,3;100,139;147,6781;0
2026-03-09 00:45:00;0,05;12,21;98,649;146,1881;0
2026-03-09 01:00:00;0,05;15,32;99,369;146,9081;0
2026-03-09 01:15:00;0,05;13,47;96,579;144,1181;0
2026-03-09 01:30:00;0,05;12,31;97,929;145,4681;0
2026-03-09 01:45:00;0,04;12,56;96,799;144,3381;0
2026-03-09 02:00:00;0,05;12,05;96,589;144,1281;0
2026-03-09 02:15:00;0,05;13,55;96,389;143,9281;0
2026-03-09 02:30:00;0,05;12,61;95,789;143,3281;0
2026-03-09 02:45:00;0,04;11,14;95,189;142,7281;0
2026-03-09 03:00:00;0,05;10,81;97,019;144,5581;0
2026-03-09 03:15:00;0,05;10,48;97,309;144,8481;0
2026-03-09 03:30:00;0,05;13,1;100,359;147,8981;0
2026-03-09 03:45:00;0,05;14,24;106,349;153,8881;0
2026-03-09 04:00:00;0,05;19,93;99,379;146,9181;0
2026-03-09 04:15:00;0,05;19,76;108,569;156,1081;0
2026-03-09 04:30:00;0,05;19,6;121,919;169,4581;0
2026-03-09 04:45:00;0,05;19,5;150,649;198,1881;0
2026-03-09 05:00:00;0,05;19,23;131,669;179,2081;0,000127086
2026-03-09 05:15:00;0,05;19,75;130,439;177,9781;0,003067564
2026-03-09 05:30:00;0,05;18,75;151,229;198,7681;0,010795384
2026-03-09 05:45:00;0,04;16,72;164,849;212,3881;0,022260282
2026-03-09 06:00:00;0,06;11,02;209,239;256,7781;0,0326399
2026-03-09 06:15:00;0,61;4,95;208,459;255,9981;0,047555737
2026-03-09 06:30:00;2,3;10,84;170,519;218,0581;0,064489566
2026-03-09 06:45:00;4,55;6,03;140,749;188,2881;0,08280348
2026-03-09 07:00:00;7,56;-3,48;262,619;310,1581;0,08445594
2026-03-09 07:15:00;10,27;0,2;150,749;198,2881;0,10384195
2026-03-09 07:30:00;13,9;-3,25;152,409;199,9481;0,124027476
2026-03-09 07:45:00;18,96;-8,32;116,339;163,8781;0,14451537
2026-03-09 08:00:00;26,91;-11,58;153,189;200,7281;0,13433559
2026-03-09 08:15:00;38,52;-19,07;129,049;176,5881;0,15226571
2026-03-09 08:30:00;48,21;-30,78;120,749;168,2881;0,17062756
2026-03-09 08:45:00;54,69;-39,1;106,069;153,6081;0,19167845
2026-03-09 09:00:00;61,88;-42,8;120,749;168,2881;0,20693143
2026-03-09 09:15:00;67,79;-50,71;108,829;156,3681;0,23158772
2026-03-09 09:30:00;72,07;-54,35;96,549;144,0881;0,26027596
2026-03-09 09:45:00;75,51;-57,1;89,129;136,6681;0,29350224
2026-03-09 10:00:00;78,81;-60,69;90,749;138,2881;0,33209586
2026-03-09 10:15:00;81,67;-65,42;87,619;135,1581;0,36821365
2026-03-09 10:30:00;84,81;-63,61;82,589;130,1281;0,40268946
2026-03-09 10:45:00;86,45;-65,93;72,629;120,1681;0,4336537
2026-03-09 11:00:00;88,03;-66,82;72,269;119,8081;0,47763392
2026-03-09 11:15:00;88,66;-69,87;70,229;117,7681;0,49289858
2026-03-09 11:30:00;89,08;-71,35;69,569;117,1081;0,5045889
2026-03-09 11:45:00;89,27;-70,58;68,069;115,6081;0,5029329
2026-03-09 12:00:00;88,58;-69,99;65,209;112,7481;0,49882525
2026-03-09 12:15:00;87,42;-68,38;66,089;113,6281;0,48972672
2026-03-09 12:30:00;85,65;-69,01;66,749;114,2881;0,47720727
2026-03-09 12:45:00;82,27;-66,84;70,569;118,1081;0,4611487
2026-03-09 13:00:00;80,55;-63,86;62,829;110,3681;0,43295568
2026-03-09 13:15:00;77,58;-59,61;71,319;118,8581;0,4112203
2026-03-09 13:30:00;74,57;-53,75;76,309;123,8481;0,38276923
2026-03-09 13:45:00;69,54;-48,89;85,929;133,4681;0,34486595
2026-03-09 14:00:00;65,43;-48,08;81,819;129,3581;0,28324744
2026-03-09 14:15:00;59,34;-45,4;91,609;139,1481;0,24531773
2026-03-09 14:30:00;50,71;-37,33;101,169;148,7081;0,20640124
2026-03-09 14:45:00;46,74;-28,59;122,969;170,5081;0,16838796
2026-03-09 15:00:00;39,49;-22,85;90,719;138,2581;0,12552293
2026-03-09 15:15:00;33,36;-18,05;115,789;163,3281;0,094717644
2026-03-09 15:30:00;27,25;-11,81;128,289;175,8281;0,06600626
2026-03-09 15:45:00;21,31;-2,57;156,659;204,1981;0,040251
2026-03-09 16:00:00;15,69;7,04;113,859;161,3981;0,018308986
2026-03-09 16:15:00;10,94;12,77;144,689;192,2281;0,005197415
2026-03-09 16:30:00;7,27;15,32;175,969;223,5081;0,000336458
2026-03-09 16:45:00;4,43;14,54;226,519;274,0581;0
2026-03-09 17:00:00;2,1;20,47;191,089;238,6281;0
2026-03-09 17:15:00;1,17;17,86;212,219;259,7581;0
2026-03-09 17:30:00;0,29;17,82;234,489;282,0281;0
2026-03-09 17:45:00;0,06;20,51;237,359;284,8981;0
2026-03-09 18:00:00;0,07;24,43;235,199;282,7381;0
2026-03-09 18:15:00;0,05;20,81;208,769;256,3081;0
2026-03-09 18:30:00;0,05;17,25;208,519;256,0581;0
2026-03-09 18:45:00;0,05;15,68;196,419;243,9581;0
2026-03-09 19:00:00;0,05;14,18;208,519;256,0581;0
2026-03-09 19:15:00;0,04;14,33;185,929;233,4681;0
2026-03-09 19:30:00;0,05;16,47;150,669;198,2081;0
2026-03-09 19:45:00;0,05;13,62;125,749;173,2881;0
2026-03-09 20:00:00;0,05;11,61;161,849;209,3881;0
2026-03-09 20:15:00;0,05;13,4;148,429;195,9681;0
2026-03-09 20:30:00;0,05;13,77;133,589;181,1281;0
2026-03-09 20:45:00;0,05;12,66;126,259;173,7981;0
2026-03-09 21:00:00;0,05;12,34;146,029;193,5681;0
2026-03-09 21:15:00;0,05;11,07;136,279;183,8181;0
2026-03-09 21:30:00;0,05;11,43;135,959;183,4981;0
2026-03-09 21:45:00;0,05;10,7;121,789;169,3281;0
2026-03-09 22:00:00;0,04;11,38;131,089;178,6281;0
2026-03-09 22:15:00;0,06;8,59;125,899;173,4381;0
2026-03-09 22:30:00;0,06;8,31;120,269;167,8081;0
2026-03-09 22:45:00;0,04;12,44;122,079;169,6181;0
2026-03-09 23:00:00;0,05;11,68;141,779;189,3181;0
2026-03-09 23:15:00;0,05;11,16;131,669;179,2081;0
2026-03-09 23:30:00;0,04;11,2;128,519;176,0581;0
2026-03-09 23:45:00;0,04;9,84;121,989;169,5281;0
2026-03-10 00:00:00;0,05;9,36;127,819;175,3581;0
2026-03-10 00:15:00;0,06;9,22;120,959;168,4981;0
2026-03-10 00:30:00;0,04;9,51;119,699;167,2381;0
2026-03-10 00:45:00;0,04;9,74;119,099;166,6381;0
2026-03-10 01:00:00;0,05;13,27;120,919;168,4581;0
2026-03-10 01:15:00;0,05;12,95;118,539;166,0781;0
2026-03-10 01:30:00;0,05;13,96;117,879;165,4181;0
2026-03-10 01:45:00;0,05;13,06;115,279;162,8181;0
2026-03-10 02:00:00;0,05;11,24;113,659;161,1981;0
2026-03-10 02:15:00;0,05;10,7;113,299;160,8381;0
2026-03-10 02:30:00;0,05;11,42;113,489;161,0281;0
2026-03-10 02:45:00;0,04;9,98;115,269;162,8081;0
2026-03-10 03:00:00;0,05;10,24;111,179;158,7181;0
2026-03-10 03:15:00;0,05;9,95;112,909;160,4481;0
2026-03-10 03:30:00;0,04;11,23;115,769;163,3081;0
2026-03-10 03:45:00;0,05;12,43;119,749;167,2881;0
2026-03-10 04:00:00;0,05;17,97;116,109;163,6481;0
2026-03-10 04:15:00;0,04;21,09;120,749;168,2881;0
2026-03-10 04:30:00;0,05;20,19;128,129;175,6681;0
2026-03-10 04:45:00;0,05;20,47;140,839;188,3781;0
2026-03-10 05:00:00;0,04;20,02;125,219;172,7581;0,000337308
2026-03-10 05:15:00;0,05;20,78;143,759;191,2981;0,005114958
2026-03-10 05:30:00;0,04;20,01;149,209;196,7481;0,017702205
2026-03-10 05:45:00;0,05;17,04;159,759;207,2981;0,037372068
2026-03-10 06:00:00;0,04;13,63;173,739;221,2781;0,060080677
2026-03-10 06:15:00;0,18;9,76;184,949;232,4881;0,08794683
2026-03-10 06:30:00;0,55;10,13;164,689;212,2281;0,11845628
2026-03-10 06:45:00;0,75;10,67;143,069;190,6081;0,15168552
2026-03-10 07:00:00;1,34;5,37;228,279;275,8181;0,18359199
2026-03-10 07:15:00;1,21;10,77;172,629;220,1681;0,22028705
2026-03-10 07:30:00;0,09;12,96;152,679;200,2181;0,2587359
2026-03-10 07:45:00;0,12;11,51;131,899;179,4381;0,29745457
2026-03-10 08:00:00;3,12;4,75;213,839;261,3781;0,3398627
2026-03-10 08:15:00;6,81;13,25;149,449;196,9881;0,37588835
2026-03-10 08:30:00;27,08;-7,14;130,969;178,5081;0,40859652
2026-03-10 08:45:00;33,07;-15;119,479;167,0181;0,43647107
2026-03-10 09:00:00;45,36;-23,25;193,099;240,6381;0,46541855
2026-03-10 09:15:00;30,48;-10,08;135,349;182,8881;0,4914544
2026-03-10 09:30:00;23,35;-2,36;136,119;183,6581;0,51536644
2026-03-10 09:45:00;31,76;-10,84;131,939;179,4781;0,53496945
2026-03-10 10:00:00;45,54;-24,2;155,029;202,5681;0,54633516
2026-03-10 10:15:00;43,29;-22,37;149,799;197,3381;0,5519222
2026-03-10 10:30:00;36,73;-16,17;131,419;178,9581;0,5526978
2026-03-10 10:45:00;42,37;-24,95;119,549;167,0881;0,54939646
2026-03-10 11:00:00;19,64;-3,65;135,709;183,2481;0,5420864
2026-03-10 11:15:00;13,53;0,99;127,119;174,6581;0,5325524
2026-03-10 11:30:00;18,77;-3,14;126,119;173,6581;0,5229932
2026-03-10 11:45:00;17,2;-1,1;126,399;173,9381;0,50971556
2026-03-10 12:00:00;10,93;3,86;124,209;171,7481;0,50274175
2026-03-10 12:15:00;22,53;-7,65;123,479;171,0181;0,4837042
2026-03-10 12:30:00;19,92;-5,92;108,089;155,6281;0,4635345
2026-03-10 12:45:00;8,74;3,93;115,049;162,5881;0,44194436
2026-03-10 13:00:00;20,3;-8,07;119,909;167,4481;0,41390103
2026-03-10 13:15:00;58,14;-45,12;119,649;167,1881;0,38670942
2026-03-10 13:30:00;40,83;-27,29;105,989;153,5281;0,3554763
2026-03-10 13:45:00;45,81;-32,74;135,779;183,3181;0,31942338
2026-03-10 14:00:00;44,3;-31,33;113,459;160,9981;0,27138275
2026-03-10 14:15:00;36,84;-23,48;112,289;159,8281;0,23405632
2026-03-10 14:30:00;52,8;-37,97;107,469;155,0081;0,1967152
2026-03-10 14:45:00;44,08;-28,44;142,609;190,1481;0,16035557
2026-03-10 15:00:00;35,3;-20,36;98,189;145,7281;0,12575796
2026-03-10 15:15:00;9;4,58;127,699;175,2381;0,094612665
2026-03-10 15:30:00;5,23;8,8;142,719;190,2581;0,06566097
2026-03-10 15:45:00;12,96;1,17;170,749;218,2881;0,03955156
2026-03-10 16:00:00;19,64;0,61;124,009;171,5481;0,018503396
2026-03-10 16:15:00;12,89;6,54;151,729;199,2681;0,00538375
2026-03-10 16:30:00;6,44;12,19;182,709;230,2481;0,000526704
2026-03-10 16:45:00;4,52;10,96;229,459;276,9981;0
2026-03-10 17:00:00;1,85;19,12;154,269;201,8081;0
2026-03-10 17:15:00;0,91;20,61;177,339;224,8781;0
2026-03-10 17:30:00;0,16;19,18;180,269;227,8081;0
2026-03-10 17:45:00;0,05;22,39;190,049;237,5881;0
2026-03-10 18:00:00;0,06;14,42;216,709;264,2481;0
2026-03-10 18:15:00;0,05;17,98;193,169;240,7081;0
2026-03-10 18:30:00;0,05;14,64;185,809;233,3481;0
2026-03-10 18:45:00;0,04;14,92;157,779;205,3181;0
2026-03-10 19:00:00;0,03;14,14;166,309;213,8481;0
2026-03-10 19:15:00;0,05;16,47;135,759;183,2981;0
2026-03-10 19:30:00;0,05;16,24;140,679;188,2181;0
2026-03-10 19:45:00;0,03;12,08;141,669;189,2081;0
2026-03-10 20:00:00;0,04;12,25;145,849;193,3881;0
2026-03-10 20:15:00;0,04;11,74;141,099;188,6381;0
2026-03-10 20:30:00;0,05;13,66;129,969;177,5081;0
2026-03-10 20:45:00;0,05;13,03;108,799;156,3381;0
2026-03-10 21:00:00;0,05;11,65;131,909;179,4481;0
2026-03-10 21:15:00;0,05;12,33;121,399;168,9381;0
2026-03-10 21:30:00;0,05;12,05;110,769;158,3081;0
2026-03-10 21:45:00;0,05;13,1;96,749;144,2881;0
2026-03-10 22:00:00;0,05;14,25;105,599;153,1381;0
2026-03-10 22:15:00;0,05;10,39;92,669;140,2081;0
2026-03-10 22:30:00;0,05;9,05;86,399;133,9381;0
2026-03-10 22:45:00;0,05;12,54;66,339;113,8781;0
2026-03-10 23:00:00;0,05;13,55;65,309;112,8481;0
2026-03-10 23:15:00;0,05;12,59;59,829;107,3681;0
2026-03-10 23:30:00;0,04;13;52,499;100,0381;0
2026-03-10 23:45:00;0,05;12,54;41,119;88,6581;0
2026-03-11 00:00:00;0,04;11,73;64,829;112,3681;0
2026-03-11 00:15:00;0,05;13,29;52,169;99,7081;0
2026-03-11 00:30:00;0,05;9,6;52,959;100,4981;0
2026-03-11 00:45:00;0,05;14,09;36,159;83,6981;0
2026-03-11 01:00:00;0,05;18,62;50,409;97,9481;0
2026-03-11 01:15:00;0,05;16,4;44,619;92,1581;0
2026-03-11 01:30:00;0,05;18;40,989;88,5281;0
2026-03-11 01:45:00;0,05;16,7;37,169;84,7081;0
2026-03-11 02:00:00;0,04;16,32;43,309;90,8481;0
2026-03-11 02:15:00;0,05;16,76;38,829;86,3681;0
2026-03-11 02:30:00;0,05;15,99;35,929;83,4681;0
2026-03-11 02:45:00;0,06;16,38;34,689;82,2281;0
2026-03-11 03:00:00;0,06;12,79;33,099;80,6381;0
2026-03-11 03:15:00;0,05;12,5;29,389;76,9281;0
2026-03-11 03:30:00;0,05;14,19;30,419;77,9581;0
2026-03-11 03:45:00;0,04;12,27;35,229;82,7681;0
2026-03-11 04:00:00;0,05;12,42;34,419;81,9581;0
2026-03-11 04:15:00;0,05;14,45;34,559;82,0981;0
2026-03-11 04:30:00;0,05;13,51;41,019;88,5581;0
2026-03-11 04:45:00;0,05;14,43;44,999;92,5381;0
2026-03-11 05:00:00;0,05;16,02;45,579;93,1181;0,000445012
2026-03-11 05:15:00;0,04;21,44;53,759;101,2981;0,003767937
2026-03-11 05:30:00;0,04;22,56;65,149;112,6881;0,011185226
2026-03-11 05:45:00;0,05;19,18;58,689;106,2281;0,022311542
2026-03-11 06:00:00;0,05;19,57;74,169;121,7081;0,034191616
2026-03-11 06:15:00;0,09;18,13;70,099;117,6381;0,05031728
2026-03-11 06:30:00;0,54;17,05;65,579;113,1181;0,06640971
2026-03-11 06:45:00;0,81;11,14;52,809;100,3481;0,081780426
2026-03-11 07:00:00;1,51;11,95;79,049;126,5881;0,06594302
2026-03-11 07:15:00;1,76;11,43;68,289;115,8281;0,082294464
2026-03-11 07:30:00;2,48;11,67;65,099;112,6381;0,09580726
2026-03-11 07:45:00;3,46;12,94;49,719;97,2581;0,10603429
2026-03-11 08:00:00;5,57;12,78;71,849;119,3881;0,106692754
2026-03-11 08:15:00;4,72;12,8;61,189;108,7281;0,11691817
2026-03-11 08:30:00;4,23;16,68;52,569;100,1081;0,12630703
2026-03-11 08:45:00;8,4;9,16;29,209;76,7481;0,13663496
2026-03-11 09:00:00;8,5;12,06;47,639;95,1781;0,17350258
2026-03-11 09:15:00;5,97;11,87;26,009;73,5481;0,18361986
2026-03-11 09:30:00;9;8,24;19,729;67,2681;0,19346137
2026-03-11 09:45:00;9,24;7,24;9,579;57,1181;0,20132199
2026-03-11 10:00:00;7,23;9,35;19,339;66,8781;0,21222517
2026-03-11 10:15:00;10,43;6,96;11,929;59,4681;0,21650611
2026-03-11 10:30:00;7,74;6,66;14,279;61,8181;0,21831201
2026-03-11 10:45:00;12,74;1,33;10,639;58,1781;0,2191858
2026-03-11 11:00:00;26,37;-10,99;9,689;57,2281;0,17551231
2026-03-11 11:15:00;45,57;-30,33;8,169;55,7081;0,17815723
2026-03-11 11:30:00;32,53;-17,46;8,359;55,8981;0,18046194
2026-03-11 11:45:00;20,35;-4,51;7,339;54,8781;0,17602772
2026-03-11 12:00:00;18,81;-2,75;19,159;66,6981;0,18634443
2026-03-11 12:15:00;51,95;-33,94;12,849;60,3881;0,18664332
2026-03-11 12:30:00;43,4;-28,78;13,469;61,0081;0,18265894
2026-03-11 12:45:00;36,33;-22,47;20,639;68,1781;0,17431517
2026-03-11 13:00:00;52,23;-38,47;15,089;62,6281;0,19571823
2026-03-11 13:15:00;29,02;-16,68;25,159;72,6981;0,18500778
2026-03-11 13:30:00;36,49;-24,31;37,449;84,9881;0,17338231
2026-03-11 13:45:00;83,16;-70,22;59,489;107,0281;0,16079931
2026-03-11 14:00:00;47,42;-34,72;38,629;86,1681;0,17395075
2026-03-11 14:15:00;36,39;-24,22;54,089;101,6281;0,15531287
2026-03-11 14:30:00;34,8;-21,6;65,179;112,7181;0,1336671
2026-03-11 14:45:00;18,57;-6,65;83,159;130,6981;0,10925648
2026-03-11 15:00:00;48,61;-33,51;53,919;101,4581;0,08121359
2026-03-11 15:15:00;34,19;-19,23;77,289;124,8281;0,06090822
2026-03-11 15:30:00;28,73;-13,89;94,289;141,8281;0,04141288
2026-03-11 15:45:00;20,75;-4,73;110,429;157,9681;0,024321446
2026-03-11 16:00:00;17,17;5,15;87,319;134,8581;0,011163804
2026-03-11 16:15:00;13,15;9,29;109,329;156,8681;0,003972379
2026-03-11 16:30:00;8,23;13,33;112,559;160,0981;0,000559516
2026-03-11 16:45:00;5,32;15,13;139,409;186,9481;0
2026-03-11 17:00:00;3,16;18,65;117,499;165,0381;0
2026-03-11 17:15:00;1,7;18,12;131,109;178,6481;0
2026-03-11 17:30:00;0,55;23,33;144,209;191,7481;0
2026-03-11 17:45:00;0,05;21,08;159,659;207,1981;0
2026-03-11 18:00:00;0,05;18,91;146,809;194,3481;0
2026-03-11 18:15:00;0,07;11,98;151,319;198,8581;0
2026-03-11 18:30:00;0,06;9,89;151,679;199,2181;0
2026-03-11 18:45:00;0,06;11,25;144,169;191,7081;0
2026-03-11 19:00:00;0,05;15,27;142,349;189,8881;0
2026-03-11 19:15:00;0,05;13,72;129,049;176,5881;0
2026-03-11 19:30:00;0,05;14,79;115,939;163,4781;0
2026-03-11 19:45:00;0,05;14;112,279;159,8181;0
2026-03-11 20:00:00;0,03;13,18;107,359;154,8981;0
2026-03-11 20:15:00;0,05;13,61;110,549;158,0881;0
2026-03-11 20:30:00;0,04;13,03;105,299;152,8381;0
2026-03-11 20:45:00;0,05;12,9;100,719;148,2581;0
2026-03-11 21:00:00;0,05;13,01;100,189;147,7281;0
2026-03-11 21:15:00;0,04;12,51;102,499;150,0381;0
2026-03-11 21:30:00;0,04;12,53;111,559;159,0981;0
2026-03-11 21:45:00;0,04;12,43;103,029;150,5681;0
2026-03-11 22:00:00;0,04;12,41;109,749;157,2881;0
2026-03-11 22:15:00;0,05;13,39;88,779;136,3181;0
2026-03-11 22:30:00;0,05;11,57;90,839;138,3781;0
2026-03-11 22:45:00;0,05;16,75;81,409;128,9481;0
2026-03-11 23:00:00;0,03;13,01;101,399;148,9381;0
2026-03-11 23:15:00;0,04;12,63;92,949;140,4881;0
2026-03-11 23:30:00;0,05;12,92;85,579;133,1181;0
2026-03-11 23:45:00;0,06;11,63;69,869;117,4081;0
2026-03-12 00:00:00;0,05;13,46;91,419;138,9581;0
2026-03-12 00:15:00;0,05;13,44;81,649;129,1881;0
2026-03-12 00:30:00;0,05;12,6;82,139;129,6781;0
2026-03-12 00:45:00;0,05;13,26;75,999;123,5381;0
2026-03-12 01:00:00;0,05;15,32;80,439;127,9781;0
2026-03-12 01:15:00;0,05;17,16;73,659;121,1981;0
2026-03-12 01:30:00;0,04;16,59;79,789;127,3281;0
2026-03-12 01:45:00;0,04;13,68;77,589;125,1281;0
2026-03-12 02:00:00;0,06;14,61;77,529;125,0681;0
2026-03-12 02:15:00;0,04;15,04;74,479;122,0181;0
2026-03-12 02:30:00;0,04;14,25;73,729;121,2681;0
2026-03-12 02:45:00;0,05;12,68;71,819;119,3581;0
2026-03-12 03:00:00;0,04;13,43;79,339;126,8781;0
2026-03-12 03:15:00;0,05;13,34;74,319;121,8581;0
2026-03-12 03:30:00;0,05;13,22;74,299;121,8381;0
2026-03-12 03:45:00;0,04;14,84;76,859;124,3981;0
2026-03-12 04:00:00;0,04;22,23;78,759;126,2981;0
2026-03-12 04:15:00;0,04;20,39;75,329;122,8681;0
2026-03-12 04:30:00;0,04;22,35;88,229;135,7681;0
2026-03-12 04:45:00;0,05;22,95;94,419;141,9581;0
2026-03-12 05:00:00;0,04;22,66;92,539;140,0781;0,000260547
2026-03-12 05:15:00;0,05;23,4;105,649;153,1881;0,00145464
2026-03-12 05:30:00;0,04;18,74;121,449;168,9881;0,003577861
2026-03-12 05:45:00;0,04;20,52;127,749;175,2881;0,006256263
2026-03-12 06:00:00;0,33;12,57;124,819;172,3581;0,009469869
2026-03-12 06:15:00;2,17;15,74;125,639;173,1781;0,013131972
2026-03-12 06:30:00;4,92;12,49;123,659;171,1981;0,016884778
2026-03-12 06:45:00;9,8;4,75;103,479;151,0181;0,020434331
2026-03-12 07:00:00;16,72;-1,36;123,159;170,6981;0,02826671
2026-03-12 07:15:00;20,86;-7,99;99,649;147,1881;0,03151636
2026-03-12 07:30:00;23,27;-7,08;90,719;138,2581;0,03465074
2026-03-12 07:45:00;40,38;-25,03;63,939;111,4781;0,037696198
2026-03-12 08:00:00;49,51;-34,98;99,469;147,0081;0,046370488
2026-03-12 08:15:00;57,04;-40,57;73,329;120,8681;0,04866364
2026-03-12 08:30:00;63,27;-48,28;48,679;96,2181;0,051318493
2026-03-12 08:45:00;67,36;-52,22;33,029;80,5681;0,05461277
2026-03-12 09:00:00;81,53;-59,47;53,679;101,2181;0,06530402
2026-03-12 09:15:00;79,17;-59,98;14,149;61,6881;0,06822333
2026-03-12 09:30:00;89,24;-69,01;-2,561;44,9781;0,07148743
2026-03-12 09:45:00;90,37;-70,42;-8,181;39,3581;0,07544349
2026-03-12 10:00:00;93,37;-73,77;-5,861;41,6781;0,1016265
2026-03-12 10:15:00;96,49;-76,62;-9,031;38,5081;0,104649864
2026-03-12 10:30:00;89,75;-70,02;-9,111;38,4281;0,10883723
2026-03-12 10:45:00;77,95;-58,61;-9,131;38,4081;0,1139538
2026-03-12 11:00:00;66,98;-47,48;-8,941;38,5981;0,16442639
2026-03-12 11:15:00;106,34;-88,07;-9,211;38,3281;0,16637917
2026-03-12 11:30:00;69,4;-52,21;-9,051;38,4881;0,16867326
2026-03-12 11:45:00;70,97;-50,45;-8,961;38,5781;0,1694146
2026-03-12 12:00:00;63,23;-46,22;-8,671;38,8681;0,20750472
2026-03-12 12:15:00;53,51;-36,05;-8,331;39,2081;0,20727955
2026-03-12 12:30:00;34,47;-18,3;-8,021;39,5181;0,20443766
2026-03-12 12:45:00;37,45;-21,21;-7,871;39,6681;0,19837871
2026-03-12 13:00:00;50,6;-33,01;-8,601;38,9381;0,19922963
2026-03-12 13:15:00;67,11;-49,36;-6,871;40,6681;0,19089137
2026-03-12 13:30:00;50,9;-32,6;-7,591;39,9481;0,1813285
2026-03-12 13:45:00;52,27;-33,92;-4,711;42,8281;0,1701953
2026-03-12 14:00:00;56,95;-37,3;-7,581;39,9581;0,162426
2026-03-12 14:15:00;54,28;-37,51;-6,631;40,9081;0,14704083
2026-03-12 14:30:00;43,78;-27,25;-2,081;45,4581;0,12871689
2026-03-12 14:45:00;27,01;-9,94;1,219;48,7581;0,107687935
2026-03-12 15:00:00;22,01;-4,72;2,359;49,8981;0,091867015
2026-03-12 15:15:00;22,9;-5,44;20,619;68,1581;0,06965204
2026-03-12 15:30:00;19,91;-3,17;41,159;88,6981;0,048677832
2026-03-12 15:45:00;20,69;-4,4;70,139;117,6781;0,030130148
2026-03-12 16:00:00;18,52;1,26;45,179;92,7181;0,016954057
2026-03-12 16:15:00;14,29;7,03;64,579;112,1181;0,00591853
2026-03-12 16:30:00;11,29;9,35;79,379;126,9181;0,001015494
2026-03-12 16:45:00;5,9;11,48;125,349;172,8881;0
2026-03-12 17:00:00;3,41;17,71;90,049;137,5881;0
2026-03-12 17:15:00;1,7;20,15;101,569;149,1081;0
2026-03-12 17:30:00;0,37;22,41;103,769;151,3081;0
2026-03-12 17:45:00;0,05;26,01;104,639;152,1781;0
2026-03-12 18:00:00;0,05;19,17;113,769;161,3081;0
2026-03-12 18:15:00;0,05;17,56;107,689;155,2281;0
2026-03-12 18:30:00;0,04;16,72;97,489;145,0281;0
2026-03-12 18:45:00;0,05;13,83;91,959;139,4981;0
2026-03-12 19:00:00;0,04;13,83;96,389;143,9281;0
2026-03-12 19:15:00;0,04;13,86;82,029;129,5681;0
2026-03-12 19:30:00;0,04;14,33;77,049;124,5881;0
2026-03-12 19:45:00;0,03;13,06;70,019;117,5581;0
2026-03-12 20:00:00;0,05;12,29;75,399;122,9381;0
2026-03-12 20:15:00;0,04;12,75;74,899;122,4381;0
2026-03-12 20:30:00;0,05;15,1;60,429;107,9681;0
2026-03-12 20:45:00;0,05;15,39;36,419;83,9581;0
2026-03-12 21:00:00;0,04;12,42;71,419;118,9581;0
2026-03-12 21:15:00;0,06;13,93;55,749;103,2881;0
2026-03-12 21:30:00;0,04;13,56;53,479;101,0181;0
2026-03-12 21:45:00;0,05;13,74;34,819;82,3581;0
2026-03-12 22:00:00;0,05;13,33;23,679;71,2181;0
2026-03-12 22:15:00;0,05;12,41;12,819;60,3581;0
2026-03-12 22:30:00;0,05;11,4;14,459;61,9981;0
2026-03-12 22:45:00;0,04;17,01;5,039;52,5781;0
2026-03-12 23:00:00;0,05;14,93;5,339;52,8781;0
2026-03-12 23:15:00;0,05;16,02;4,039;51,5781;0
2026-03-12 23:30:00;0,05;15,36;-1,301;46,2381;0
2026-03-12 23:45:00;0,05;14,31;-3,451;44,0881;0
2026-03-13 00:00:00;0,05;14,69;1,589;49,1281;0
2026-03-13 00:15:00;0,05;14,48;-1,881;45,6581;0
2026-03-13 00:30:00;0,04;15,56;-3,041;44,4981;0
2026-03-13 00:45:00;0,05;16,67;-2,261;45,2781;0
2026-03-13 01:00:00;0,04;16,91;-1,541;45,9981;0
2026-03-13 01:15:00;0,05;17,45;-3,791;43,7481;0
2026-03-13 01:30:00;0,05;17;-3,921;43,6181;0
2026-03-13 01:45:00;0,05;15,85;-4,271;43,2681;0
2026-03-13 02:00:00;0,06;14,63;-4,461;43,0781;0
2026-03-13 02:15:00;0,05;15,81;-5,221;42,3181;0
2026-03-13 02:30:00;0,06;15,75;-6,291;41,2481;0
2026-03-13 02:45:00;0,05;12,94;-6,681;40,8581;0
2026-03-13 03:00:00;0,06;13,04;-4,571;42,9681;0
2026-03-13 03:15:00;0,06;13,5;-5,571;41,9681;0
2026-03-13 03:30:00;0,06;12,69;-4,971;42,5681;0
2026-03-13 03:45:00;0,06;13,36;-4,311;43,2281;0
2026-03-13 04:00:00;0,04;21,25;-5,501;42,0381;0
2026-03-13 04:15:00;0,05;22,44;-5,981;41,5581;0
2026-03-13 04:30:00;0,04;22,3;-2,351;45,1881;0
2026-03-13 04:45:00;0,04;22,8;-2,181;45,3581;0
2026-03-13 05:00:00;0,05;22,79;2,849;50,3881;0,001459826
2026-03-13 05:15:00;0,05;22,8;8,819;56,3581;0,00808927
2026-03-13 05:30:00;0,04;22,21;11,209;58,7481;0,022781206
2026-03-13 05:45:00;0,04;22,43;11,969;59,5081;0,04412239
2026-03-13 06:00:00;0,04;16,64;22,469;70,0081;0,069507785
2026-03-13 06:15:00;0,31;11,57;24,189;71,7281;0,09605947
2026-03-13 06:30:00;1,2;10,49;24,709;72,2481;0,12429541
2026-03-13 06:45:00;1,8;9,39;25,579;73,1181;0,15400486
2026-03-13 07:00:00;1,75;9,31;40,449;87,9881;0,19436432
2026-03-13 07:15:00;1,62;10,05;30,839;78,3781;0,22423615
2026-03-13 07:30:00;2;9,69;30,039;77,5781;0,25512347
2026-03-13 07:45:00;1,83;9,26;16,779;64,3181;0,2868025
2026-03-13 08:00:00;2,8;9,36;25,739;73,2781;0,33475617
2026-03-13 08:15:00;4,18;15,48;18,719;66,2581;0,3629145
2026-03-13 08:30:00;3,57;18,79;19,849;67,3881;0,38697284
2026-03-13 08:45:00;7,3;14,58;19,359;66,8981;0,40405133
2026-03-13 09:00:00;10,6;14,05;20,589;68,1281;0,4724941
2026-03-13 09:15:00;13,65;7,34;15,819;63,3581;0,48347288
2026-03-13 09:30:00;16,61;4,08;21,199;68,7381;0,4915281
2026-03-13 09:45:00;12,37;8,32;15,679;63,2181;0,49619028
2026-03-13 10:00:00;12,42;8,64;29,849;77,3881;0,51956517
2026-03-13 10:15:00;12,4;8,68;21,829;69,3681;0,51058346
2026-03-13 10:30:00;14,96;7,54;47,919;95,4581;0,498473
2026-03-13 10:45:00;16,77;4,37;51,549;99,0881;0,48336175
2026-03-13 11:00:00;22,34;0,2;43,169;90,7081;0,42536747
2026-03-13 11:15:00;21,79;-1,37;49,169;96,7081;0,40946427
2026-03-13 11:30:00;15,81;2,85;47,089;94,6281;0,3937428
2026-03-13 11:45:00;17,86;0,89;47,349;94,8881;0,37150863
2026-03-13 12:00:00;16,06;2,08;8,409;55,9481;0,32057223
2026-03-13 12:15:00;11,66;6,97;4,579;52,1181;0,30654064
2026-03-13 12:30:00;10,37;7,79;0,929;48,4681;0,29337874
2026-03-13 12:45:00;12,73;6,01;2,279;49,8181;0,2803123
2026-03-13 13:00:00;15,33;4,71;6,529;54,0681;0,26795924
2026-03-13 13:15:00;15,28;2,31;8,319;55,8581;0,25114223
2026-03-13 13:30:00;15,41;0,85;9,989;57,5281;0,23208365
2026-03-13 13:45:00;18,59;-2,84;14,619;62,1581;0,21154068
2026-03-13 14:00:00;14,83;0,95;13,749;61,2881;0,2040621
2026-03-13 14:15:00;15,36;0,3;23,409;70,9481;0,17815298
2026-03-13 14:30:00;17,63;0,22;42,399;89,9381;0,1516835
2026-03-13 14:45:00;25,1;-7,99;88,679;136,2181;0,12541564
2026-03-13 15:00:00;23,83;-7,28;31,669;79,2081;0,105886884
2026-03-13 15:15:00;16,56;-0,55;68,899;116,4381;0,08069539
2026-03-13 15:30:00;14,21;2,05;94,959;142,4981;0,057245523
2026-03-13 15:45:00;14,93;-1,13;116,449;163,9881;0,03597345
2026-03-13 16:00:00;11,66;4,76;86,989;134,5281;0,019041406
2026-03-13 16:15:00;8,2;14,91;100,479;148,0181;0,006866274
2026-03-13 16:30:00;5,78;14,51;122,929;170,4681;0,001298312
2026-03-13 16:45:00;3,02;18,93;144,459;191,9981;0
2026-03-13 17:00:00;1,61;24,34;102,529;150,0681;0
2026-03-13 17:15:00;0,59;22,35;129,309;176,8481;0
2026-03-13 17:30:00;0,05;21,51;140,199;187,7381;0
2026-03-13 17:45:00;0,05;19,24;156,879;204,4181;0
2026-03-13 18:00:00;0,05;19,41;158,909;206,4481;0
2026-03-13 18:15:00;0,06;13,87;162,249;209,7881;0
2026-03-13 18:30:00;0,05;11,92;156,089;203,6281;0
2026-03-13 18:45:00;0,04;16,24;139,069;186,6081;0
2026-03-13 19:00:00;0,05;16,74;154,839;202,3781;0
2026-03-13 19:15:00;0,05;19,67;136,569;184,1081;0
2026-03-13 19:30:00;0,05;17,93;116,539;164,0781;0
2026-03-13 19:45:00;0,05;17,67;108,739;156,2781;0
2026-03-13 20:00:00;0,05;13,79;125,759;173,2981;0
2026-03-13 20:15:00;0,05;14,35;114,399;161,9381;0
2026-03-13 20:30:00;0,05;15,18;104,859;152,3981;0
2026-03-13 20:45:00;0,05;16,24;97,639;145,1781;0
2026-03-13 21:00:00;0,05;12,76;115,109;162,6481;0
2026-03-13 21:15:00;0,05;14,03;105,189;152,7281;0
2026-03-13 21:30:00;0,05;13,83;115,249;162,7881;0
2026-03-13 21:45:00;0,05;14,06;107,599;155,1381;0
2026-03-13 22:00:00;0,04;12,35;124,439;171,9781;0
2026-03-13 22:15:00;0,05;14,95;104,039;151,5781;0
2026-03-13 22:30:00;0,05;12,97;104,079;151,6181;0
2026-03-13 22:45:00;0,04;17,3;94,099;141,6381;0
2026-03-13 23:00:00;0,05;16,82;122,629;170,1681;0
2026-03-13 23:15:00;0,05;15,14;117,809;165,3481;0
2026-03-13 23:30:00;0,04;16,02;99,359;146,8981;0
2026-03-13 23:45:00;0,05;16,38;94,709;142,2481;0
2026-03-14 00:00:00;0,04;17,37;115,359;162,8981;0
2026-03-14 00:15:00;0,05;17,1;108,049;155,5881;0
2026-03-14 00:30:00;0,05;16,83;102,729;150,2681;0
2026-03-14 00:45:00;0,05;19,32;96,929;144,4681;0
2026-03-14 01:00:00;0,05;23,09;105,759;153,2981;0
2026-03-14 01:15:00;0,04;21,24;100,329;147,8681;0
2026-03-14 01:30:00;0,05;20,01;95,749;143,2881;0
2026-03-14 01:45:00;0,05;19,24;93,559;141,0981;0
2026-03-14 02:00:00;0,04;20,71;87,479;135,0181;0
2026-03-14 02:15:00;0,05;19,77;89,859;137,3981;0
2026-03-14 02:30:00;0,04;19,58;91,109;138,6481;0
2026-03-14 02:45:00;0,04;17,23;90,579;138,1181;0
2026-03-14 03:00:00;0,05;16,38;91,169;138,7081;0
2026-03-14 03:15:00;0,03;14,24;91,129;138,6681;0
2026-03-14 03:30:00;0,06;14,01;92,069;139,6081;0
2026-03-14 03:45:00;0,05;12,71;93,549;141,0881;0
2026-03-14 04:00:00;0,04;14,98;95,479;143,0181;0
2026-03-14 04:15:00;0,06;14,59;98,139;145,6781;0
2026-03-14 04:30:00;0,04;14,45;96,799;144,3381;0
2026-03-14 04:45:00;0,05;15,4;106,009;153,5481;4,25E-07
2026-03-14 05:00:00;0,04;22,91;97,019;144,5581;0,000555096
2026-03-14 05:15:00;0,05;23,2;99,659;147,1981;0,002254132
2026-03-14 05:30:00;0,05;20,36;104,309;151,8481;0,004811993
2026-03-14 05:45:00;0,05;20,32;106,159;153,6981;0,008034185
2026-03-14 06:00:00;0,05;19,7;108,319;155,8581;0,012411707
2026-03-14 06:15:00;0,35;18,03;107,489;155,0281;0,016921585
2026-03-14 06:30:00;0,81;14,61;110,249;157,7881;0,021339146
2026-03-14 06:45:00;1,77;11,92;112,579;160,1181;0,025391432
2026-03-14 07:00:00;3,5;11,7;112,989;160,5281;0,030294295
2026-03-14 07:15:00;6,32;8,04;127,179;174,7181;0,033956908
2026-03-14 07:30:00;10,9;3,19;131,449;178,9881;0,03731035
2026-03-14 07:45:00;15,74;-0,75;131,879;179,4181;0,04024454
2026-03-14 08:00:00;19,83;-2,35;117,369;164,9081;0,04738326
2026-03-14 08:15:00;24,02;-3,34;120,249;167,7881;0,050586242
2026-03-14 08:30:00;29,41;-8,98;113,789;161,3281;0,05362558
2026-03-14 08:45:00;31,01;-7,18;104,259;151,7981;0,056834854
2026-03-14 09:00:00;27,68;-1,78;111,179;158,7181;0,06596775
2026-03-14 09:15:00;26,65;-1,28;106,089;153,6281;0,069046535
2026-03-14 09:30:00;32,62;-9,17;100,089;147,6281;0,07187294
2026-03-14 09:45:00;41,69;-18,61;90,499;138,0381;0,07414942
2026-03-14 10:00:00;31,42;-10,88;91,069;138,6081;0,08185786
2026-03-14 10:15:00;28,14;-4,56;87,259;134,7981;0,08229761
2026-03-14 10:30:00;43,22;-22,1;91,969;139,5081;0,08225102
2026-03-14 10:45:00;38,75;-19,41;96,459;143,9981;0,08193836
2026-03-14 11:00:00;48,31;-27,78;95,489;143,0281;0,077634715
2026-03-14 11:15:00;30,79;-9,22;94,719;142,2581;0,07707716
2026-03-14 11:30:00;16,97;3,5;101,059;148,5981;0,07652418
2026-03-14 11:45:00;50,84;-29,46;92,729;140,2681;0,07524338
2026-03-14 12:00:00;77,04;-58,69;94,149;141,6881;0,0707165
2026-03-14 12:15:00;52,85;-30,66;89,999;137,5381;0,06881583
2026-03-14 12:30:00;72;-51,17;86,999;134,5381;0,0668185
2026-03-14 12:45:00;43,32;-22,13;81,479;129,0181;0,06462124
2026-03-14 13:00:00;101,97;-84,01;94,069;141,6081;0,07772108
2026-03-14 13:15:00;84,55;-67,56;91,009;138,5481;0,07282722
2026-03-14 13:30:00;47,12;-30,86;87,269;134,8081;0,06762913
2026-03-14 13:45:00;59,3;-42,14;92,309;139,8481;0,062188935
2026-03-14 14:00:00;27,12;-11,13;81,389;128,9281;0,07594324
2026-03-14 14:15:00;44,27;-27,76;103,349;150,8881;0,06590221
2026-03-14 14:30:00;41,81;-26,01;90,129;137,6681;0,05579335
2026-03-14 14:45:00;30,76;-13,66;98,969;146,5081;0,045566577
2026-03-14 15:00:00;47,64;-29,12;85,419;132,9581;0,035600606
2026-03-14 15:15:00;47,28;-29,93;102,539;150,0781;0,026105234
2026-03-14 15:30:00;36,59;-18,66;115,099;162,6381;0,017940905
2026-03-14 15:45:00;15,65;5,72;110,679;158,2181;0,011493291
2026-03-14 16:00:00;9,16;11,37;93,749;141,2881;0,006320358
2026-03-14 16:15:00;6,82;12,61;119,069;166,6081;0,002887944
2026-03-14 16:30:00;4,37;16,83;125,279;172,8181;0,000692807
2026-03-14 16:45:00;3,88;17,37;146,909;194,4481;3,40E-07
2026-03-14 17:00:00;2,58;19,17;130,749;178,2881;0
2026-03-14 17:15:00;1,61;21,18;139,159;186,6981;0
2026-03-14 17:30:00;0,62;17,92;163,309;210,8481;0
2026-03-14 17:45:00;0,08;7,47;174,179;221,7181;0
2026-03-14 18:00:00;0,05;9,63;174,229;221,7681;0
2026-03-14 18:15:00;0,05;10,02;169,089;216,6281;0
2026-03-14 18:30:00;0,06;15,66;156,259;203,7981;0
2026-03-14 18:45:00;0,04;13,57;142,759;190,2981;0
2026-03-14 19:00:00;0,07;10,36;167,109;214,6481;0
2026-03-14 19:15:00;0,05;11,55;146,939;194,4781;0
2026-03-14 19:30:00;0,05;12,65;130,719;178,2581;0
2026-03-14 19:45:00;0,05;11,56;119,289;166,8281;0
2026-03-14 20:00:00;0,05;11,99;130,749;178,2881;0
2026-03-14 20:15:00;0,04;11,67;124,289;171,8281;0
2026-03-14 20:30:00;0,05;12,35;131,149;178,6881;0
2026-03-14 20:45:00;0,04;11,94;126,619;174,1581;0
2026-03-14 21:00:00;0,05;11,33;130,279;177,8181;0
2026-03-14 21:15:00;0,05;11,28;123,739;171,2781;0
2026-03-14 21:30:00;0,05;11,92;130,559;178,0981;0
2026-03-14 21:45:00;0,05;11,24;119,369;166,9081;0
2026-03-14 22:00:00;0,04;11,14;130,359;177,8981;0
2026-03-14 22:15:00;0,05;11,47;119,569;167,1081;0
2026-03-14 22:30:00;0,06;9,68;118,099;165,6381;0
2026-03-14 22:45:00;0,05;16,56;107,149;154,6881;0
2026-03-14 23:00:00;0,04;14,31;137,259;184,7981;0
2026-03-14 23:15:00;0,05;12,83;137,299;184,8381;0
2026-03-14 23:30:00;0,04;12,13;129,399;176,9381;0
2026-03-14 23:45:00;0,05;14,01;117,029;164,5681;0
2026-03-15 00:00:00;0,06;15,14;135,779;183,3181;0
2026-03-15 00:15:00;0,05;13,16;128,159;175,6981;0
2026-03-15 00:30:00;0,06;12,63;125,299;172,8381;0
2026-03-15 00:45:00;0,05;12,39;117,679;165,2181;0
2026-03-15 01:00:00;0,05;14,64;126,019;173,5581;0
2026-03-15 01:15:00;0,05;13,11;118,959;166,4981;0
2026-03-15 01:30:00;0,05;15;110,999;158,5381;0
2026-03-15 01:45:00;0,05;17,05;107,149;154,6881;0
2026-03-15 02:00:00;0,05;13,11;108,699;156,2381;0
2026-03-15 02:15:00;0,04;13,53;107,699;155,2381;0
2026-03-15 02:30:00;0,06;14,69;108,579;156,1181;0
2026-03-15 02:45:00;0,04;11,88;111,029;158,5681;0
2026-03-15 03:00:00;0,05;13,05;102,899;150,4381;0
2026-03-15 03:15:00;0,05;13,55;106,649;154,1881;0
2026-03-15 03:30:00;0,05;10,84;108,409;155,9481;0
2026-03-15 03:45:00;0,06;11,93;111,139;158,6781;0
2026-03-15 04:00:00;0,05;22,95;105,209;152,7481;0
2026-03-15 04:15:00;0,04;20,72;109,499;157,0381;0
2026-03-15 04:30:00;0,04;20,3;112,409;159,9481;0
2026-03-15 04:45:00;0,05;20,5;116,809;164,3481;6,04E-06
2026-03-15 05:00:00;0,05;22,21;106,029;153,5681;0,000815727
2026-03-15 05:15:00;0,05;24,11;109,169;156,7081;0,002980857
2026-03-15 05:30:00;0,04;22,39;110,749;158,2881;0,006714451
2026-03-15 05:45:00;0,06;25,91;108,389;155,9281;0,011985227
2026-03-15 06:00:00;0,7;16,63;115,179;162,7181;0,01782997
2026-03-15 06:15:00;2,75;12,63;102,449;149,9881;0,025259672
2026-03-15 06:30:00;6,83;8,75;103,889;151,4281;0,033441342
2026-03-15 06:45:00;13,85;2,35;84,589;132,1281;0,04226116
2026-03-15 07:00:00;21,21;-3,37;125,269;172,8081;0,052597675
2026-03-15 07:15:00;29,29;-12,12;97,709;145,2481;0,062231697
2026-03-15 07:30:00;35,29;-19,02;85,849;133,3881;0,0723585
2026-03-15 07:45:00;43,29;-29,16;66,949;114,4881;0,082524404
2026-03-15 08:00:00;55,93;-42,4;89,149;136,6881;0,11289946
2026-03-15 08:15:00;65,76;-52,42;74,099;121,6381;0,1227516
2026-03-15 08:30:00;72,41;-59,51;62,689;110,2281;0,1317661
2026-03-15 08:45:00;79,04;-64,89;54,759;102,2981;0,13961683
2026-03-15 09:00:00;84,75;-63,69;61,949;109,4881;0,17696926
2026-03-15 09:15:00;90,11;-72,14;56,309;103,8481;0,18268412
2026-03-15 09:30:00;94,4;-75,72;55,639;103,1781;0,18788935
2026-03-15 09:45:00;98,12;-77,49;44,449;91,9881;0,19181234
2026-03-15 10:00:00;101,13;-80,25;58,549;106,0881;0,20606792
2026-03-15 10:15:00;103,84;-84,75;49,919;97,4581;0,2072611
2026-03-15 10:30:00;106,51;-86,24;38,349;85,8881;0,20810615
2026-03-15 10:45:00;107,69;-90,05;26,709;74,2481;0,20792075
2026-03-15 11:00:00;107,57;-89,24;47,799;95,3381;0,24118747
2026-03-15 11:15:00;107,83;-90,53;32,779;80,3181;0,23771775
2026-03-15 11:30:00;107,14;-91,77;22,439;69,9781;0,23423713
2026-03-15 11:45:00;104,67;-88,58;18,789;66,3281;0,22898957
2026-03-15 12:00:00;104,53;-87,99;24,489;72,0281;0,25151983
2026-03-15 12:15:00;102,24;-86,75;20,589;68,1281;0,24169336
2026-03-15 12:30:00;97,66;-81,86;12,989;60,5281;0,23225503
2026-03-15 12:45:00;96,09;-80,6;10,719;58,2581;0,22058645
2026-03-15 13:00:00;93,6;-77,71;8,989;56,5281;0,2318719
2026-03-15 13:15:00;90,46;-73,83;12,769;60,3081;0,21802026
2026-03-15 13:30:00;84,75;-69,5;18,869;66,4081;0,20202015
2026-03-15 13:45:00;79,96;-64,44;26,869;74,4081;0,18431012
2026-03-15 14:00:00;74,06;-58,8;26,079;73,6181;0,17580448
2026-03-15 14:15:00;68,15;-52,47;27,459;74,9981;0,15594463
2026-03-15 14:30:00;62,47;-46,11;37,229;84,7681;0,13632298
2026-03-15 14:45:00;56,46;-38,05;49,639;97,1781;0,116608396
2026-03-15 15:00:00;49,2;-31,3;29,049;76,5881;0,104682334
2026-03-15 15:15:00;42,36;-25,01;49,419;96,9581;0,081505425
2026-03-15 15:30:00;34,4;-18,02;61,679;109,2181;0,05877191
2026-03-15 15:45:00;26,77;-12,63;75,959;123,4981;0,03741559
2026-03-15 16:00:00;19,04;1,43;65,179;112,7181;0,021276582
2026-03-15 16:15:00;13,71;7,86;88,099;135,6381;0,008725546
2026-03-15 16:30:00;8,76;10,95;99,299;146,8381;0,002070346
2026-03-15 16:45:00;4,33;11,39;112,639;160,1781;1,31E-05
2026-03-15 17:00:00;2,76;18,7;111,709;159,2481;0
2026-03-15 17:15:00;2,13;19,55;111,279;158,8181;0
2026-03-15 17:30:00;0,88;14,97;130,989;178,5281;0
2026-03-15 17:45:00;0,06;17,9;134,029;181,5681;0
2026-03-15 18:00:00;0,05;14,07;133,349;180,8881;0
2026-03-15 18:15:00;0,05;13,8;123,789;171,3281;0
2026-03-15 18:30:00;0,04;12,74;116,119;163,6581;0
2026-03-15 18:45:00;0,05;19,4;104,849;152,3881;0
2026-03-15 19:00:00;0,05;15,89;100,239;147,7781;0
2026-03-15 19:15:00;0,05;15,48;90,129;137,6681;0
2026-03-15 19:30:00;0,06;14,86;95,699;143,2381;0
2026-03-15 19:45:00;0,05;15,05;68,179;115,7181;0
2026-03-15 20:00:00;0,04;12,21;86,369;133,9081;0
2026-03-15 20:15:00;0,03;11,97;71,769;119,3081;0
2026-03-15 20:30:00;0,05;11,38;71,819;119,3581;0
2026-03-15 20:45:00;0,05;13,28;56,599;104,1381;0
2026-03-15 21:00:00;0,05;11,18;71,079;118,6181;0
2026-03-15 21:15:00;0,05;9,85;65,329;112,8681;0
2026-03-15 21:30:00;0,05;9,81;72,569;120,1081;0
2026-03-15 21:45:00;0,05;10,5;62,329;109,8681;0
2026-03-15 22:00:00;0,05;11,09;60,139;107,6781;0
2026-03-15 22:15:00;0,05;10,07;50,709;98,2481;0
2026-03-15 22:30:00;0,05;9,18;53,929;101,4681;0
2026-03-15 22:45:00;0,04;15,88;28,029;75,5681;0
2026-03-15 23:00:00;0,04;13,9;51,509;99,0481;0
2026-03-15 23:15:00;0,05;11,82;28,549;76,0881;0
2026-03-15 23:30:00;0,05;12,53;9,349;56,8881;0
2026-03-15 23:45:00;0,06;12,77;2,589;50,1281;0
2026-03-16 00:00:00;0,06;14,41;26,459;73,9981;0
2026-03-16 00:15:00;0,05;12,69;14,009;61,5481;0
2026-03-16 00:30:00;0,05;12,19;8,489;56,0281;0
2026-03-16 00:45:00;0,06;13,52;8,029;55,5681;0
2026-03-16 01:00:00;0,05;14,58;13,709;61,2481;0
2026-03-16 01:15:00;0,04;13,71;8,599;56,1381;0
2026-03-16 01:30:00;0,05;13,48;4,969;52,5081;0
2026-03-16 01:45:00;0,04;14,64;2,229;49,7681;0
2026-03-16 02:00:00;0,06;13,14;3,049;50,5881;0
2026-03-16 02:15:00;0,05;14,32;1,849;49,3881;0
2026-03-16 02:30:00;0,06;14,12;4,859;52,3981;0
2026-03-16 02:45:00;0,04;12,52;6,039;53,5781;0
2026-03-16 03:00:00;0,05;10,8;2,759;50,2981;0
2026-03-16 03:15:00;0,05;10,71;5,589;53,1281;0
2026-03-16 03:30:00;0,06;10,9;9,659;57,1981;0
2026-03-16 03:45:00;0,04;13,4;14,149;61,6881;0
2026-03-16 04:00:00;0,04;20,49;15,269;62,8081;0
2026-03-16 04:15:00;0,05;20,03;26,989;74,5281;0
2026-03-16 04:30:00;0,04;20,97;39,609;87,1481;0
2026-03-16 04:45:00;0,04;20,84;49,019;96,5581;0,000111869
2026-03-16 05:00:00;0,05;22,35;35,459;82,9981;0,003660658
2026-03-16 05:15:00;0,04;22,65;60,749;108,2881;0,014522687
2026-03-16 05:30:00;0,05;18,31;78,899;126,4381;0,034531385
2026-03-16 05:45:00;0,09;16,9;81,869;129,4081;0,06196885
2026-03-16 06:00:00;0,79;8,94;93,119;140,6581;0,09478956
2026-03-16 06:15:00;2,64;7,46;91,309;138,8481;0,12732278
2026-03-16 06:30:00;8,04;2,84;90,379;137,9181;0,16180077
2026-03-16 06:45:00;15,01;-3,38;83,519;131,0581;0,1983401
2026-03-16 07:00:00;18,92;-7,93;109,779;157,3181;0,2643923
2026-03-16 07:15:00;17,29;-3,58;90,899;138,4381;0,3016637
2026-03-16 07:30:00;44,65;-27,58;80,139;127,6781;0,33827427
2026-03-16 07:45:00;49,39;-29,14;67,599;115,1381;0,37104094
2026-03-16 08:00:00;57,36;-38,12;90,389;137,9281;0,42177236
2026-03-16 08:15:00;31,1;-13,45;73,579;121,1181;0,4532037
2026-03-16 08:30:00;22,33;-5,53;54,439;101,9781;0,4812714
2026-03-16 08:45:00;8,29;9,06;36,109;83,6481;0,5042305
2026-03-16 09:00:00;36,8;-13,51;53,059;100,5981;0,5177364
2026-03-16 09:15:00;41,13;-19,06;42,409;89,9481;0,53678674
2026-03-16 09:30:00;58,11;-38,4;26,409;73,9481;0,5529228
2026-03-16 09:45:00;80,39;-60,19;10,719;58,2581;0,5663164
2026-03-16 10:00:00;34,17;-15,36;13,209;60,7481;0,5400069
2026-03-16 10:15:00;58,37;-40,45;6,369;53,9081;0,5427445
2026-03-16 10:30:00;60,98;-44,04;5,109;52,6481;0,54599005
2026-03-16 10:45:00;107,5;-89,11;7,709;55,2481;0,54789406
2026-03-16 11:00:00;111,82;-92,58;6,199;53,7381;0,56222624
2026-03-16 11:15:00;79,23;-61,1;2,589;50,1281;0,55881846
2026-03-16 11:30:00;43,69;-25,68;4,199;51,7381;0,555339
2026-03-16 11:45:00;28,81;-12,14;5,069;52,6081;0,54744685
2026-03-16 12:00:00;68,33;-51,81;1,869;49,4081;0,55553573
2026-03-16 12:15:00;73,86;-58,02;2,869;50,4081;0,53995275
2026-03-16 12:30:00;57,79;-42,68;6,509;54,0481;0,52220875
2026-03-16 12:45:00;28,82;-12,92;13,709;61,2481;0,5015667
2026-03-16 13:00:00;49,39;-32,78;7,949;55,4881;0,47151276
2026-03-16 13:15:00;42,08;-27,57;16,989;64,5281;0,44583392
2026-03-16 13:30:00;37,36;-22,63;37,929;85,4681;0,41608858
2026-03-16 13:45:00;47,19;-32,15;45,219;92,7581;0,38212276
2026-03-16 14:00:00;39,59;-22,89;15,219;62,7581;0,3407739
2026-03-16 14:15:00;60,45;-43,52;28,009;75,5481;0,2994662
2026-03-16 14:30:00;38,92;-23,37;56,339;103,8781;0,25611004
2026-03-16 14:45:00;52,51;-37,36;87,299;134,8381;0,21145889
2026-03-16 15:00:00;44,69;-28,65;42,589;90,1281;0,16717926
2026-03-16 15:15:00;33,5;-17,83;73,229;120,7681;0,13055423
2026-03-16 15:30:00;29,81;-13;104,149;151,6881;0,0959131
2026-03-16 15:45:00;13,71;3,86;120,329;167,8681;0,06367197
2026-03-16 16:00:00;11,8;10,37;84,869;132,4081;0,03601561
2026-03-16 16:15:00;8,47;13,31;106,129;153,6681;0,014546319
2026-03-16 16:30:00;7,5;11,91;133,349;180,8881;0,003461231
2026-03-16 16:45:00;4,18;15,64;162,729;210,2681;7,14E-05
2026-03-16 17:00:00;2,27;18,79;136,689;184,2281;0
2026-03-16 17:15:00;1,36;21,1;148,769;196,3081;0
2026-03-16 17:30:00;0,46;20,75;164,939;212,4781;0
2026-03-16 17:45:00;0,06;19,02;175,869;223,4081;0
2026-03-16 18:00:00;0,07;16,81;170,589;218,1281;0
2026-03-16 18:15:00;0,07;12,86;170,739;218,2781;0
2026-03-16 18:30:00;0,05;13,18;170,749;218,2881;0
2026-03-16 18:45:00;0,07;15,2;170,629;218,1681;0
2026-03-16 19:00:00;0,06;12,47;173,059;220,5981;0
2026-03-16 19:15:00;0,06;16,35;154,019;201,5581;0
2026-03-16 19:30:00;0,06;15,9;134,559;182,0981;0
2026-03-16 19:45:00;0,06;13,87;120,769;168,3081;0
2026-03-16 20:00:00;0,05;13,2;133,529;181,0681;0
2026-03-16 20:15:00;0,06;13,37;119,149;166,6881;0
2026-03-16 20:30:00;0,05;14,82;111,289;158,8281;0
2026-03-16 20:45:00;0,06;13,92;102,409;149,9481;0
2026-03-16 21:00:00;0,05;12,12;121,309;168,8481;0
2026-03-16 21:15:00;0,04;13,08;115,109;162,6481;0
2026-03-16 21:30:00;0,05;13,28;114,739;162,2781;0
2026-03-16 21:45:00;0,05;11,96;100,129;147,6681;0
2026-03-16 22:00:00;0,06;13,49;102,419;149,9581;0
2026-03-16 22:15:00;0,05;13,02;92,929;140,4681;0
2026-03-16 22:30:00;0,04;10,38;85,749;133,2881;0
2026-03-16 22:45:00;0,06;17,09;78,169;125,7081;0
2026-03-16 23:00:00;0,06;15,35;123,489;171,0281;0
2026-03-16 23:15:00;0,05;13,63;104,149;151,6881;0
2026-03-16 23:30:00;0,05;13,36;96,189;143,7281;0
2026-03-16 23:45:00;0,05;14,2;89,359;136,8981;0
2026-03-17 00:00:00;0,06;15,94;97,059;144,5981;0
2026-03-17 00:15:00;0,05;17,93;95,239;142,7781;0
2026-03-17 00:30:00;0,05;18,94;96,789;144,3281;0
2026-03-17 00:45:00;0,05;18,84;88,739;136,2781;0
2026-03-17 01:00:00;0,05;20,87;98,219;145,7581;0
2026-03-17 01:15:00;0,05;20,25;97,899;145,4381;0
2026-03-17 01:30:00;0,05;19,2;91,629;139,1681;0
2026-03-17 01:45:00;0,05;18,88;89,119;136,6581;0
2026-03-17 02:00:00;0,05;20,19;93,989;141,5281;0
2026-03-17 02:15:00;0,05;21,16;88,809;136,3481;0
2026-03-17 02:30:00;0,05;17,63;91,099;138,6381;0
2026-03-17 02:45:00;0,06;15,27;91,939;139,4781;0
2026-03-17 03:00:00;0,06;13,22;99,179;146,7181;0
2026-03-17 03:15:00;0,06;14,57;94,469;142,0081;0
2026-03-17 03:30:00;0,06;14,25;94,049;141,5881;0
2026-03-17 03:45:00;0,05;14,9;99,069;146,6081;0
2026-03-17 04:00:00;0,05;13,09;92,749;140,2881;0
2026-03-17 04:15:00;0,05;14,28;89,319;136,8581;0
2026-03-17 04:30:00;0,05;16,9;106,179;153,7181;0
2026-03-17 04:45:00;0,05;14,42;128,949;176,4881;0,000280778
2026-03-17 05:00:00;0,05;20,22;104,589;152,1281;0,004030014
2026-03-17 05:15:00;0,05;22,94;121,179;168,7181;0,013911487
2026-03-17 05:30:00;0,05;19,31;136,059;183,5981;0,030761326
2026-03-17 05:45:00;0,05;18,66;152,889;200,4281;0,05322885
2026-03-17 06:00:00;0,61;17,69;163,959;211,4981;0,07909887
2026-03-17 06:15:00;1,14;15,55;155,719;203,2581;0,104673915
2026-03-17 06:30:00;2,35;14,37;164,569;212,1081;0,13012435
2026-03-17 06:45:00;3,97;10,56;134,739;182,2781;0,15495142
2026-03-17 07:00:00;5,77;8,13;183,409;230,9481;0,19803135
2026-03-17 07:15:00;8,16;7,75;150,819;198,3581;0,2205975
2026-03-17 07:30:00;6,72;10,85;130,809;178,3481;0,2410802
2026-03-17 07:45:00;13,64;5,03;99,939;147,4781;0,25801793
2026-03-17 08:00:00;20,85;-4,33;140,699;188,2381;0,29785427
2026-03-17 08:15:00;23,01;-6,23;114,029;161,5681;0,31171018
2026-03-17 08:30:00;33,4;-16,51;93,509;141,0481;0,3231635
2026-03-17 08:45:00;36,82;-19,8;87,079;134,6181;0,33106115
2026-03-17 09:00:00;43,11;-20,24;112,079;159,6181;0,35181418
2026-03-17 09:15:00;62,2;-41,64;84,819;132,3581;0,35703126
2026-03-17 09:30:00;62,46;-41,09;73,739;121,2781;0,36089462
2026-03-17 09:45:00;60,88;-38,32;64,799;112,3381;0,36309183
2026-03-17 10:00:00;69,17;-49,48;83,419;130,9581;0,38870707
2026-03-17 10:15:00;87,21;-67,33;63,809;111,3481;0,38495207
2026-03-17 10:30:00;87,02;-64,92;62,559;110,0981;0,37901568
2026-03-17 10:45:00;89,36;-69,96;66,589;114,1281;0,3715553
2026-03-17 11:00:00;105,76;-85,64;61,309;108,8481;0,38278455
2026-03-17 11:15:00;90,37;-70,61;61,269;108,8081;0,37002254
2026-03-17 11:30:00;105,28;-85,11;61,289;108,8281;0,35768512
2026-03-17 11:45:00;93,43;-73,91;60,999;108,5381;0,33945552
2026-03-17 12:00:00;98,66;-81,58;62,189;109,7281;0,3070453
2026-03-17 12:15:00;101,56;-83,77;62,269;109,8081;0,29061353
2026-03-17 12:30:00;94,78;-77,06;61,439;108,9781;0,27354065
2026-03-17 12:45:00;96,61;-77,07;62,159;109,6981;0,25507015
2026-03-17 13:00:00;93,3;-74,27;62,239;109,7781;0,23658164
2026-03-17 13:15:00;90,04;-66,85;64,939;112,4781;0,21872719
2026-03-17 13:30:00;88,11;-69,22;63,739;111,2781;0,2012307
2026-03-17 13:45:00;73,9;-53,93;66,069;113,6081;0,18422903
2026-03-17 14:00:00;59,36;-39,2;63,759;111,2981;0,15822078
2026-03-17 14:15:00;46,55;-28,73;68,049;115,5881;0,14338587
2026-03-17 14:30:00;41,41;-24,2;75,589;123,1281;0,12638633
2026-03-17 14:45:00;29,99;-13,28;87,049;134,5881;0,10771624
2026-03-17 15:00:00;49,17;-32,43;74,869;122,4081;0,08236637
2026-03-17 15:15:00;40,74;-24,32;84,449;131,9881;0,06702388
2026-03-17 15:30:00;34,23;-16,23;93,499;141,0381;0,051054034
2026-03-17 15:45:00;32,59;-12,87;113,489;161,0281;0,034894537
2026-03-17 16:00:00;30,66;-5,53;84,729;132,2681;0,01878205
2026-03-17 16:15:00;22,26;1,29;109,999;157,5381;0,008748074
2026-03-17 16:30:00;18,4;3,45;125,749;173,2881;0,002557182
2026-03-17 16:45:00;11,44;5,87;190,869;238,4081;0,000119095
2026-03-17 17:00:00;6,84;13,97;139,359;186,8981;0
2026-03-17 17:15:00;4,73;13,08;192,459;239,9981;0
2026-03-17 17:30:00;2,41;17,31;209,959;257,4981;0
2026-03-17 17:45:00;0,81;21,62;203,229;250,7681;0
2026-03-17 18:00:00;0,07;17,82;189,889;237,4281;0
2026-03-17 18:15:00;0,06;13,75;170,739;218,2781;0
2026-03-17 18:30:00;0,04;24,81;138,939;186,4781;0
2026-03-17 18:45:00;0,04;30,78;134,969;182,5081;0
2026-03-17 19:00:00;0,05;22,46;148,639;196,1781;0
2026-03-17 19:15:00;0,05;23,43;134,679;182,2181;0
2026-03-17 19:30:00;0,05;18,88;123,549;171,0881;0
2026-03-17 19:45:00;0,06;17,74;115,669;163,2081;0
2026-03-17 20:00:00;0,06;16,36;125,319;172,8581;0
2026-03-17 20:15:00;0,05;16,68;114,079;161,6181;0
2026-03-17 20:30:00;0,05;14,15;101,379;148,9181;0
2026-03-17 20:45:00;0,05;16,6;83,429;130,9681;0
2026-03-17 21:00:00;0,04;13,44;112,189;159,7281;0
2026-03-17 21:15:00;0,05;12,52;97,629;145,1681;0
2026-03-17 21:30:00;0,05;14,52;88,939;136,4781;0
2026-03-17 21:45:00;0,05;13,13;78,369;125,9081;0
2026-03-17 22:00:00;0,04;11,47;96,389;143,9281;0
2026-03-17 22:15:00;0,04;11,02;79,539;127,0781;0
2026-03-17 22:30:00;0,05;10,82;77,959;125,4981;0
2026-03-17 22:45:00;0,04;16,24;70,789;118,3281;0
2026-03-17 23:00:00;0,04;12,79;92,399;139,9381;0
2026-03-17 23:15:00;0,04;14,63;79,919;127,4581;0
2026-03-17 23:30:00;0,04;13,8;74,989;122,5281;0
2026-03-17 23:45:00;0,05;12,72;67,699;115,2381;0
2026-03-18 00:00:00;0,05;13,26;80,389;127,9281;0
2026-03-18 00:15:00;0,06;13,41;73,669;121,2081;0
2026-03-18 00:30:00;0,07;12,94;70,859;118,3981;0
2026-03-18 00:45:00;0,06;12,99;69,809;117,3481;0
2026-03-18 01:00:00;0,05;13,49;78,049;125,5881;0
2026-03-18 01:15:00;0,05;14,29;76,139;123,6781;0
2026-03-18 01:30:00;0,05;16,03;76,019;123,5581;0
2026-03-18 01:45:00;0,06;15,29;73,709;121,2481;0
2026-03-18 02:00:00;0,05;14,28;76,899;124,4381;0
2026-03-18 02:15:00;0,06;13,19;74,219;121,7581;0
2026-03-18 02:30:00;0,06;13,56;74,509;122,0481;0
2026-03-18 02:45:00;0,05;11;73,789;121,3281;0
2026-03-18 03:00:00;0,03;9,62;73,229;120,7681;0
2026-03-18 03:15:00;0,05;10,27;76,519;124,0581;0
2026-03-18 03:30:00;0,05;11,96;79,809;127,3481;0
2026-03-18 03:45:00;0,05;11,35;82,959;130,4981;0
2026-03-18 04:00:00;0,05;18,02;70,619;118,1581;0
2026-03-18 04:15:00;0,05;20,09;73,989;121,5281;0
2026-03-18 04:30:00;0,05;20,3;87,579;135,1181;0
2026-03-18 04:45:00;0,05;19,02;111,099;158,6381;0,000250346
2026-03-18 05:00:00;0,05;20,09;84,029;131,5681;0,002579708
2026-03-18 05:15:00;0,06;19,62;101,069;148,6081;0,007531963
2026-03-18 05:30:00;0,05;17,07;108,209;155,7481;0,014489449
2026-03-18 05:45:00;0,12;15,89;126,539;174,0781;0,023686444
2026-03-18 06:00:00;1,82;14,23;133,659;181,1981;0,033281952
2026-03-18 06:15:00;4,16;7,6;135,149;182,6881;0,044602342
2026-03-18 06:30:00;9,05;2,11;120,049;167,5881;0,057274938
2026-03-18 06:45:00;15,95;-5,7;91,239;138,7781;0,07187081
2026-03-18 07:00:00;23,92;-14,23;114,499;162,0381;0,09062498
2026-03-18 07:15:00;33,31;-20,79;91,789;139,3281;0,10677572
2026-03-18 07:30:00;42,94;-31,6;73,309;120,8481;0,123878546
2026-03-18 07:45:00;51,49;-41,49;59,049;106,5881;0,1415991
2026-03-18 08:00:00;59,81;-49,96;79,009;126,5481;0,17809798
2026-03-18 08:15:00;67,17;-52,59;53,939;101,4781;0,19787529
2026-03-18 08:30:00;74,29;-55,42;37,219;84,7581;0,2177802
2026-03-18 08:45:00;81,18;-59,08;2,879;50,4181;0,23822312
2026-03-18 09:00:00;86,98;-64,4;23,179;70,7181;0,32112888
2026-03-18 09:15:00;92,08;-71,18;-5,961;41,5781;0,3384402
2026-03-18 09:30:00;96,73;-76,55;-8,391;39,1481;0,35536915
2026-03-18 09:45:00;100,3;-80,22;-9,121;38,4181;0,37031093
2026-03-18 10:00:00;102,6;-76,41;-8,841;38,6981;0,44728714
2026-03-18 10:15:00;105,13;-77,09;-10,111;37,4281;0,45340365
2026-03-18 10:30:00;107,15;-80,29;-10,301;37,2381;0,45643803
2026-03-18 10:45:00;108,31;-81,33;-10,401;37,1381;0,457137
2026-03-18 11:00:00;108,1;-81,9;-10,291;37,2481;0,47628045
2026-03-18 11:15:00;109,7;-90,28;-10,521;37,0181;0,4692663
2026-03-18 11:30:00;107;-87,33;-10,571;36,9681;0,4627629
2026-03-18 11:45:00;109,38;-88,44;-10,811;36,7281;0,45292947
2026-03-18 12:00:00;108,23;-86,37;-10,921;36,6181;0,4651691
2026-03-18 12:15:00;102,31;-78,88;-10,731;36,8081;0,44523415
2026-03-18 12:30:00;100,61;-73,73;-10,611;36,9281;0,42409253
2026-03-18 12:45:00;97,12;-70,98;-9,501;38,0381;0,4012984
2026-03-18 13:00:00;97,11;-79,19;-9,761;37,7781;0,39877224
2026-03-18 13:15:00;92,49;-74,88;-9,111;38,4281;0,3685083
2026-03-18 13:30:00;90,68;-74,12;-8,311;39,2281;0,33621514
2026-03-18 13:45:00;83,48;-63,29;-2,701;44,8381;0,30206433
2026-03-18 14:00:00;79,4;-54,88;-6,741;40,7981;0,28312767
2026-03-18 14:15:00;71,29;-46,71;3,109;50,6481;0,24372818
2026-03-18 14:30:00;64,96;-41,99;43,099;90,6381;0,20690729
2026-03-18 14:45:00;58,76;-35,3;63,489;111,0281;0,17308937
2026-03-18 15:00:00;51,63;-28,14;40,509;88,0481;0,14978665
2026-03-18 15:15:00;43,86;-14,9;61,969;109,5081;0,11650979
2026-03-18 15:30:00;36,53;-15,02;85,779;133,3181;0,08525916
2026-03-18 15:45:00;29,19;-13,45;120,379;167,9181;0,05646125
2026-03-18 16:00:00;22,19;-4,52;80,799;128,3381;0,0336349
2026-03-18 16:15:00;15,51;7,97;113,869;161,4081;0,014661334
2026-03-18 16:30:00;11,25;11,08;135,339;182,8781;0,00417206
2026-03-18 16:45:00;7,44;15,46;158,879;206,4181;0,000323537
2026-03-18 17:00:00;4,44;18,27;140,049;187,5881;0
2026-03-18 17:15:00;2,77;17,58;160,749;208,2881;0
2026-03-18 17:30:00;1,48;13,03;170,749;218,2881;0
2026-03-18 17:45:00;0,47;16,18;166,939;214,4781;0
2026-03-18 18:00:00;0,05;21,38;169,379;216,9181;0
2026-03-18 18:15:00;0,05;25,05;159,299;206,8381;0
2026-03-18 18:30:00;0,06;17,27;146,489;194,0281;0
2026-03-18 18:45:00;0,04;14,72;126,439;173,9781;0
2026-03-18 19:00:00;0,05;13,86;130,879;178,4181;0
2026-03-18 19:15:00;0,05;14,1;118,969;166,5081;0
2026-03-18 19:30:00;0,05;16,26;106,559;154,0981;0
2026-03-18 19:45:00;0,05;15,87;97,359;144,8981;0
2026-03-18 20:00:00;0,05;15,83;108,799;156,3381;0
2026-03-18 20:15:00;0,05;15,56;104,989;152,5281;0
2026-03-18 20:30:00;0,05;14,04;101,069;148,6081;0
2026-03-18 20:45:00;0,07;13,79;86,909;134,4481;0
2026-03-18 21:00:00;0,04;12,52;107,139;154,6781;0
2026-03-18 21:15:00;0,05;11,94;96,919;144,4581;0
2026-03-18 21:30:00;0,05;11,43;93,229;140,7681;0
2026-03-18 21:45:00;0,04;12,06;98,059;145,5981;0
2026-03-18 22:00:00;0,04;13,2;97,809;145,3481;0
2026-03-18 22:15:00;0,06;12,15;87,329;134,8681;0
2026-03-18 22:30:00;0,05;9,93;88,249;135,7881;0
2026-03-18 22:45:00;0,05;16,15;89,009;136,5481;0
2026-03-18 23:00:00;0,04;14,17;96,409;143,9481;0
2026-03-18 23:15:00;0,05;12,61;92,539;140,0781;0
2026-03-18 23:30:00;0,06;12,9;90,869;138,4081;0
2026-03-18 23:45:00;0,06;12,48;89,509;137,0481;0
2026-03-19 00:00:00;0,04;13,68;95,949;143,4881;0
2026-03-19 00:15:00;0,06;12,49;94,099;141,6381;0
2026-03-19 00:30:00;0,06;13,22;95,149;142,6881;0
2026-03-19 00:45:00;0,06;15,32;95,169;142,7081;0
2026-03-19 01:00:00;0,05;18,61;95,699;143,2381;0
2026-03-19 01:15:00;0,05;14,93;94,489;142,0281;0
2026-03-19 01:30:00;0,05;15,82;95,479;143,0181;0
2026-03-19 01:45:00;0,04;16,01;96,739;144,2781;0
2026-03-19 02:00:00;0,05;16,78;91,979;139,5181;0
2026-03-19 02:15:00;0,05;15,62;93,969;141,5081;0
2026-03-19 02:30:00;0,04;15,46;98,599;146,1381;0
2026-03-19 02:45:00;0,05;13,74;101,449;148,9881;0
2026-03-19 03:00:00;0,05;12,67;100,769;148,3081;0
2026-03-19 03:15:00;0,05;12,18;102,049;149,5881;0
2026-03-19 03:30:00;0,05;13,64;103,909;151,4481;0
2026-03-19 03:45:00;0,04;14,17;107,249;154,7881;0
2026-03-19 04:00:00;0,05;15,36;103,319;150,8581;0
2026-03-19 04:15:00;0,05;21,84;108,559;156,0981;0
2026-03-19 04:30:00;0,05;22,53;112,599;160,1381;0
2026-03-19 04:45:00;0,06;20,73;127,779;175,3181;0,001302903
2026-03-19 05:00:00;0,05;24,07;100,679;148,2181;0,008100065
2026-03-19 05:15:00;0,05;21,68;135,989;183,5281;0,024406966
2026-03-19 05:30:00;0,06;17,06;148,139;195,6781;0,05065008
2026-03-19 05:45:00;0,48;18,25;154,219;201,7581;0,083116986
2026-03-19 06:00:00;2,36;8,44;204,989;252,5281;0,1299965
2026-03-19 06:15:00;5,38;6,93;169,849;217,3881;0,16880612
2026-03-19 06:30:00;10,03;2,8;143,239;190,7781;0,20977381
2026-03-19 06:45:00;16,12;-4,71;108,699;156,2381;0,25267416
2026-03-19 07:00:00;22,91;-17,79;175,859;223,3981;0,30767623
2026-03-19 07:15:00;31,59;-20,62;144,539;192,0781;0,35011354
2026-03-19 07:30:00;40,89;-27,57;102,329;149,8681;0,39094302
2026-03-19 07:45:00;49,08;-37,5;90,289;137,8281;0,42776918
2026-03-19 08:00:00;57,38;-48,66;100,939;148,4781;0,46678928
2026-03-19 08:15:00;59,87;-47,21;80,259;127,7981;0,49768966
2026-03-19 08:30:00;70,31;-56,38;65,419;112,9581;0,52432024
2026-03-19 08:45:00;75,83;-62,66;40,699;88,2381;0,5454899
2026-03-19 09:00:00;80,57;-61,81;78,009;125,5481;0,5634338
2026-03-19 09:15:00;85,19;-59,27;44,119;91,6581;0,5818164
2026-03-19 09:30:00;89,71;-61,98;20,659;68,1981;0,5983197
2026-03-19 09:45:00;93,2;-68,79;6,719;54,2581;0,6120596
2026-03-19 10:00:00;92,24;-67,96;6,189;53,7281;0,6364362
2026-03-19 10:15:00;96,59;-70,77;-2,051;45,4881;0,6370858
2026-03-19 10:30:00;100,46;-73,63;-8,051;39,4881;0,6357277
2026-03-19 10:45:00;102,99;-76,84;-8,991;38,5481;0,63243294
2026-03-19 11:00:00;103,08;-75,95;-8,971;38,5681;0,6400777
2026-03-19 11:15:00;101,97;-74,91;-8,911;38,6281;0,63178825
2026-03-19 11:30:00;78,69;-56,84;-8,811;38,7281;0,6236701
2026-03-19 11:45:00;104,67;-82,34;-8,761;38,7781;0,61156875
2026-03-19 12:00:00;102,44;-79,5;-8,571;38,9681;0,6106001
2026-03-19 12:15:00;100,47;-78,15;-8,381;39,1581;0,5916498
2026-03-19 12:30:00;98,87;-76,15;-6,991;40,5481;0,5711127
2026-03-19 12:45:00;95,34;-73,76;0,269;47,8081;0,5489434
2026-03-19 13:00:00;91,72;-69,49;-1,121;46,4181;0,5209745
2026-03-19 13:15:00;88,04;-67,75;16,079;63,6181;0,49187586
2026-03-19 13:30:00;84;-64,99;35,749;83,2881;0,45856485
2026-03-19 13:45:00;79,59;-61,44;51,429;98,9681;0,4196635
2026-03-19 14:00:00;73,47;-54,8;23,019;70,5581;0,37005866
2026-03-19 14:15:00;68,21;-49,52;52,439;99,9781;0,3241841
2026-03-19 14:30:00;62,35;-43,2;65,189;112,7281;0,27896765
2026-03-19 14:45:00;55,79;-38,2;81,539;129,0781;0,23373857
2026-03-19 15:00:00;49,17;-30,48;63,499;111,0381;0,19000365
2026-03-19 15:15:00;41,29;-22,55;72,789;120,3281;0,14788885
2026-03-19 15:30:00;34,46;-8,61;84,149;131,6881;0,10910967
2026-03-19 15:45:00;27,3;-6,94;127,349;174,8881;0,07346376
2026-03-19 16:00:00;20,77;-1,56;63,399;110,9381;0,043447435
2026-03-19 16:15:00;14,85;10,63;104,699;152,2381;0,019109836
2026-03-19 16:30:00;10,49;13,79;135,749;183,2881;0,005525967
2026-03-19 16:45:00;7,14;16,42;150,999;198,5381;0,000597429
2026-03-19 17:00:00;4,57;17,96;119,269;166,8081;0
2026-03-19 17:15:00;2,93;17,58;175,229;222,7681;0
2026-03-19 17:30:00;1,59;17,72;196,219;243,7581;0
2026-03-19 17:45:00;0,52;18,92;215,679;263,2181;0
2026-03-19 18:00:00;0,05;18,49;177,429;224,9681;0
2026-03-19 18:15:00;0,05;16,04;160,749;208,2881;0
2026-03-19 18:30:00;0,04;15,92;149,359;196,8981;0
2026-03-19 18:45:00;0,05;14,85;133,089;180,6281;0
2026-03-19 19:00:00;0,04;14,63;159,409;206,9481;0
2026-03-19 19:15:00;0,05;14,78;135,499;183,0381;0
2026-03-19 19:30:00;0,05;14,93;125,109;172,6481;0
2026-03-19 19:45:00;0,05;14,47;113,729;161,2681;0
2026-03-19 20:00:00;0,04;12,12;125,919;173,4581;0
2026-03-19 20:15:00;0,05;15,04;121,369;168,9081;0
2026-03-19 20:30:00;0,05;14,16;119,449;166,9881;0
2026-03-19 20:45:00;0,05;13,85;111,089;158,6281;0
2026-03-19 21:00:00;0,04;11,72;114,789;162,3281;0
2026-03-19 21:15:00;0,04;11,74;111,199;158,7381;0
2026-03-19 21:30:00;0,05;10,86;107,419;154,9581;0
2026-03-19 21:45:00;0,04;10,78;98,059;145,5981;0
2026-03-19 22:00:00;0,04;11,82;110,489;158,0281;0
2026-03-19 22:15:00;0,04;11,32;100,009;147,5481;0
2026-03-19 22:30:00;0,05;9,5;111,099;158,6381;0
2026-03-19 22:45:00;0,05;15,16;93,629;141,1681;0
2026-03-19 23:00:00;0,05;12,47;130,699;178,2381;0
2026-03-19 23:15:00;0,05;12,61;115,239;162,7781;0
2026-03-19 23:30:00;0,05;12,31;103,539;151,0781;0
2026-03-19 23:45:00;0,05;14,14;98,639;146,1781;0
2026-03-20 00:00:00;0,04;15,04;110,109;157,6481;0
2026-03-20 00:15:00;0,05;13,88;105,819;153,3581;0
2026-03-20 00:30:00;0,04;14,18;108,169;155,7081;0
2026-03-20 00:45:00;0,05;18,44;107,879;155,4181;0
2026-03-20 01:00:00;0,05;22,38;108,629;156,1681;0
2026-03-20 01:15:00;0,05;20,05;103,689;151,2281;0
2026-03-20 01:30:00;0,05;18,73;103,469;151,0081;0
2026-03-20 01:45:00;0,05;19,69;99,509;147,0481;0
2026-03-20 02:00:00;0,05;18,5;107,989;155,5281;0
2026-03-20 02:15:00;0,04;19,34;105,289;152,8281;0
2026-03-20 02:30:00;0,05;19,89;105,349;152,8881;0
2026-03-20 02:45:00;0,05;18,28;114,329;161,8681;0
2026-03-20 03:00:00;0,05;14,2;96,029;143,5681;0
2026-03-20 03:15:00;0,05;14,29;98,649;146,1881;0
2026-03-20 03:30:00;0,05;14,14;100,079;147,6181;0
2026-03-20 03:45:00;0,04;14,33;112,889;160,4281;0
2026-03-20 04:00:00;0,06;14,68;106,189;153,7281;0
2026-03-20 04:15:00;0,05;15,94;113,099;160,6381;0
2026-03-20 04:30:00;0,05;15,49;127,729;175,2681;0
2026-03-20 04:45:00;0,04;13,65;130,939;178,4781;0,001944791
2026-03-20 05:00:00;0,05;22,91;126,979;174,5181;0,009838714
2026-03-20 05:15:00;0,04;19,58;153,719;201,2581;0,027570076
2026-03-20 05:30:00;0,05;20,1;162,419;209,9581;0,055474825
2026-03-20 05:45:00;0,58;19,34;166,609;214,1481;0,08930762
2026-03-20 06:00:00;2,26;12,25;197,379;244,9181;0,13069415
2026-03-20 06:15:00;3,66;13,31;181,199;228,7381;0,17097422
2026-03-20 06:30:00;5,57;9,3;168,729;216,2681;0,21253578
2026-03-20 06:45:00;7,82;6,58;139,689;187,2281;0,25472596
2026-03-20 07:00:00;11,73;0,99;189,849;237,3881;0,30274233
2026-03-20 07:15:00;18,19;-1,81;145,609;193,1481;0,34304836
2026-03-20 07:30:00;20,4;-4,36;130,859;178,3981;0,38091725
2026-03-20 07:45:00;25,67;-11,62;96,929;144,4681;0,41388422
2026-03-20 08:00:00;36,85;-21,88;143,779;191,3181;0,43427426
2026-03-20 08:15:00;45,59;-31,44;122,569;170,1081;0,45968682
2026-03-20 08:30:00;56,84;-34,26;86,319;133,8581;0,4817266
2026-03-20 08:45:00;74,48;-52,05;74,209;121,7481;0,4976174
2026-03-20 09:00:00;69,87;-43,23;88,999;136,5381;0,5169754
2026-03-20 09:15:00;77,2;-54,34;76,669;124,2081;0,52873206
2026-03-20 09:30:00;74,71;-51,85;60,389;107,9281;0,53882575
2026-03-20 09:45:00;86,45;-62,7;53,019;100,5581;0,5489656
2026-03-20 10:00:00;94,65;-70,32;60,869;108,4081;0,5930904
2026-03-20 10:15:00;92,46;-67,22;53,059;100,5981;0,59520704
2026-03-20 10:30:00;90,41;-67,93;42,659;90,1981;0,5965938
2026-03-20 10:45:00;90,45;-67,65;36,699;84,2381;0,5964834
2026-03-20 11:00:00;96,88;-72,15;43,279;90,8181;0,6124424
2026-03-20 11:15:00;97,55;-74,82;39,609;87,1481;0,6063395
2026-03-20 11:30:00;95,66;-72,27;38,889;86,4281;0,6004561
2026-03-20 11:45:00;96,74;-73,97;34,289;81,8281;0,59107476
2026-03-20 12:00:00;93,42;-68,48;31,599;79,1381;0,5945303
2026-03-20 12:15:00;97,07;-70,92;33,999;81,5381;0,57701874
2026-03-20 12:30:00;84,15;-58,86;40,709;88,2481;0,5580246
2026-03-20 12:45:00;89,6;-69,91;46,189;93,7281;0,5378313
2026-03-20 13:00:00;85,66;-65,4;33,959;81,4981;0,5073675
2026-03-20 13:15:00;88,55;-68,39;49,139;96,6781;0,48096037
2026-03-20 13:30:00;78,69;-57,79;59,399;106,9381;0,45010015
2026-03-20 13:45:00;76,66;-55,79;72,169;119,7081;0,41358405
2026-03-20 14:00:00;70,72;-46,03;62,659;110,1981;0,36208662
2026-03-20 14:15:00;65,54;-45,17;73,149;120,6881;0,3194424
2026-03-20 14:30:00;57,02;-38,69;75,959;123,4981;0,27686018
2026-03-20 14:45:00;52,46;-34,21;87,319;134,8581;0,23350029
2026-03-20 15:00:00;45,11;-25,96;66,599;114,1381;0,18556245
2026-03-20 15:15:00;34,98;-15,46;91,469;139,0081;0,14625724
2026-03-20 15:30:00;29,79;-10,53;106,399;153,9381;0,1092224
2026-03-20 15:45:00;25,49;-4,84;123,869;171,4081;0,07452193
2026-03-20 16:00:00;20,13;6,63;96,039;143,5781;0,044381063
2026-03-20 16:15:00;13,22;10,8;122,899;170,4381;0,020220539
2026-03-20 16:30:00;9,77;13,68;128,839;176,3781;0,006275134
2026-03-20 16:45:00;6,45;12,02;166,599;214,1381;0,000898779
2026-03-20 17:00:00;4,2;17,88;128,319;175,8581;0
2026-03-20 17:15:00;2,7;18,75;155,449;202,9881;0
2026-03-20 17:30:00;1,23;18,63;185,289;232,8281;0
2026-03-20 17:45:00;0,31;21,71;180,749;228,2881;0
2026-03-20 18:00:00;0,05;19,47;189,139;236,6781;0
2026-03-20 18:15:00;0,05;16,91;180,319;227,8581;0
2026-03-20 18:30:00;0,05;15,54;185,259;232,7981;0
2026-03-20 18:45:00;0,04;17,68;160,429;207,9681;0
2026-03-20 19:00:00;0,05;17,31;161,179;208,7181;0
2026-03-20 19:15:00;0,05;17,09;148,159;195,6981;0
2026-03-20 19:30:00;0,04;17,49;139,589;187,1281;0
2026-03-20 19:45:00;0,05;17,06;132,359;179,8981;0
2026-03-20 20:00:00;0,05;16,23;139,499;187,0381;0
2026-03-20 20:15:00;0,05;15,75;134,999;182,5381;0
2026-03-20 20:30:00;0,04;14,64;125,969;173,5081;0
2026-03-20 20:45:00;0,05;15,22;114,519;162,0581;0
2026-03-20 21:00:00;0,04;12,07;128,899;176,4381;0
2026-03-20 21:15:00;0,04;12,36;128,279;175,8181;0
2026-03-20 21:30:00;0,05;14,16;117,219;164,7581;0
2026-03-20 21:45:00;0,04;14,67;108,679;156,2181;0
2026-03-20 22:00:00;0,04;11,82;129,729;177,2681;0
2026-03-20 22:15:00;0,04;13,05;121,389;168,9281;0
2026-03-20 22:30:00;0,04;14,69;113,769;161,3081;0
2026-03-20 22:45:00;0,04;18,15;103,469;151,0081;0
2026-03-20 23:00:00;0,04;17,8;118,819;166,3581;0
2026-03-20 23:15:00;0,04;18,31;113,199;160,7381;0
2026-03-20 23:30:00;0,04;17,92;103,039;150,5781;0
2026-03-20 23:45:00;0,04;18,26;100,489;148,0281;0
2026-03-21 00:00:00;0,04;18,14;110,749;158,2881;0
2026-03-21 00:15:00;0,05;18,04;102,869;150,4081;0
2026-03-21 00:30:00;0,05;18,13;104,209;151,7481;0
2026-03-21 00:45:00;0,04;20,86;103,909;151,4481;0
2026-03-21 01:00:00;0,04;20,35;107,119;154,6581;0
2026-03-21 01:15:00;0,04;17,94;101,529;149,0681;0
2026-03-21 01:30:00;0,05;17,63;101,589;149,1281;0
2026-03-21 01:45:00;0,04;17,69;101,109;148,6481;0
2026-03-21 02:00:00;0,05;18,28;101,399;148,9381;0
2026-03-21 02:15:00;0,05;18,74;101,349;148,8881;0
2026-03-21 02:30:00;0,04;18,14;101,609;149,1481;0
2026-03-21 02:45:00;0,05;17,04;101,429;148,9681;0
2026-03-21 03:00:00;0,05;14,43;100,519;148,0581;0
2026-03-21 03:15:00;0,05;13,93;99,729;147,2681;0
2026-03-21 03:30:00;0,05;16,79;100,349;147,8881;0
2026-03-21 03:45:00;0,05;16,06;100,429;147,9681;0
2026-03-21 04:00:00;0,05;23,65;99,759;147,2981;0
2026-03-21 04:15:00;0,04;24,71;100,039;147,5781;0
2026-03-21 04:30:00;0,05;23,87;99,479;147,0181;2,72E-06
2026-03-21 04:45:00;0,05;24,38;107,159;154,6981;0,002232625
2026-03-21 05:00:00;0,05;25,44;109,319;156,8581;0,009702023
2026-03-21 05:15:00;0,05;23,9;114,579;162,1181;0,024145398
2026-03-21 05:30:00;0,04;22,92;111,569;159,1081;0,0461873
2026-03-21 05:45:00;0,63;22,5;111,779;159,3181;0,07274715
2026-03-21 06:00:00;2,51;21,33;127,829;175,3681;0,097126655
2026-03-21 06:15:00;6,04;8,05;123,889;171,4281;0,12570143
2026-03-21 06:30:00;11,65;2,93;117,259;164,7981;0,15421125
2026-03-21 06:45:00;18,32;-5,64;101,739;149,2781;0,18212876
2026-03-21 07:00:00;25,14;-11,4;115,059;162,5981;0,2047396
2026-03-21 07:15:00;32,19;-18,49;104,349;151,8881;0,22974886
2026-03-21 07:30:00;41,87;-29,65;90,249;137,7881;0,2529279
2026-03-21 07:45:00;48,15;-35,52;78,009;125,5481;0,27396417
2026-03-21 08:00:00;34,51;-20,91;80,049;127,5881;0,2913626
2026-03-21 08:15:00;31,85;-17,99;73,059;120,5981;0,3115319
2026-03-21 08:30:00;27,12;-6,48;65,089;112,6281;0,33060917
2026-03-21 08:45:00;39,32;-15,64;60,259;107,7981;0,34710482
2026-03-21 09:00:00;38,27;-12,66;65,179;112,7181;0,4145476
2026-03-21 09:15:00;57,22;-34,78;51,929;99,4681;0,42710373
2026-03-21 09:30:00;60,63;-39,49;41,399;88,9381;0,43856215
2026-03-21 09:45:00;99,11;-77,6;32,779;80,3181;0,44892317
2026-03-21 10:00:00;100,15;-74,57;35,959;83,4981;0,5118626
2026-03-21 10:15:00;93,04;-66,1;24,919;72,4581;0,5148563
2026-03-21 10:30:00;102,25;-76,32;20,559;68,0981;0,516621
2026-03-21 10:45:00;105,55;-81,75;16,539;64,0781;0,5170797
2026-03-21 11:00:00;106,66;-86,02;17,409;64,9481;0,5286747
2026-03-21 11:15:00;106,95;-85,42;8,709;56,2481;0,52439404
2026-03-21 11:30:00;105,99;-85,49;7,409;54,9481;0,52049994
2026-03-21 11:45:00;105,85;-83,15;6,649;54,1881;0,51043546
2026-03-21 12:00:00;104,79;-80,66;5,859;53,3981;0,52747107
2026-03-21 12:15:00;102,88;-80,75;6,569;54,1081;0,50892955
2026-03-21 12:30:00;99,75;-77,04;8,379;55,9181;0,4891313
2026-03-21 12:45:00;97,16;-77,59;13,449;60,9881;0,46811622
2026-03-21 13:00:00;94,11;-74,82;21,209;68,7481;0,44692424
2026-03-21 13:15:00;90,22;-71,25;34,219;81,7581;0,41913918
2026-03-21 13:30:00;86,9;-68,07;38,409;85,9481;0,38822958
2026-03-21 13:45:00;82,71;-65,23;45,909;93,4481;0,35337985
2026-03-21 14:00:00;78,22;-61,15;45,239;92,7781;0,30644014
2026-03-21 14:15:00;71,94;-54,27;53,259;100,7981;0,26849666
2026-03-21 14:30:00;64,35;-47,19;54,199;101,7381;0,23131059
2026-03-21 14:45:00;58,59;-42,12;63,849;111,3881;0,19492665
2026-03-21 15:00:00;51,34;-34,49;58,739;106,2781;0,15017402
2026-03-21 15:15:00;43,21;-25,78;63,129;110,6681;0,12020547
2026-03-21 15:30:00;36,15;-17,94;78,439;125,9781;0,09101355
2026-03-21 15:45:00;28,33;-7,31;89,559;137,0981;0,062985025
2026-03-21 16:00:00;21,52;3,42;78,449;125,9881;0,035930347
2026-03-21 16:15:00;15,38;10,56;93,389;140,9281;0,017411396
2026-03-21 16:30:00;10,96;13,98;122,749;170,2881;0,006227955
2026-03-21 16:45:00;7,21;14,74;115,149;162,6881;0,001119288
2026-03-21 17:00:00;4,53;15,76;127,529;175,0681;0
2026-03-21 17:15:00;2,96;16,76;159,799;207,3381;0
2026-03-21 17:30:00;1,73;18,87;163,849;211,3881;0
2026-03-21 17:45:00;0,63;15,89;160,179;207,7181;0
2026-03-21 18:00:00;0,05;12,01;175,329;222,8681;0
2026-03-21 18:15:00;0,06;12,47;155,449;202,9881;0
2026-03-21 18:30:00;0,05;12,62;141,709;189,2481;0
2026-03-21 18:45:00;0,04;15,24;125,749;173,2881;0
2026-03-21 19:00:00;0,05;15,66;130,039;177,5781;0
2026-03-21 19:15:00;0,05;15,81;121,969;169,5081;0
2026-03-21 19:30:00;0,04;13,15;112,549;160,0881;0
2026-03-21 19:45:00;0,05;12,34;107,309;154,8481;0
2026-03-21 20:00:00;0,04;12,89;109,939;157,4781;0
2026-03-21 20:15:00;0,03;12,37;107,989;155,5281;0
2026-03-21 20:30:00;0,05;12,32;104,299;151,8381;0
2026-03-21 20:45:00;0,04;11,94;95,019;142,5581;0
2026-03-21 21:00:00;0,05;10,35;106,629;154,1681;0
2026-03-21 21:15:00;0,05;10,61;103,789;151,3281;0
2026-03-21 21:30:00;0,05;10,73;98,599;146,1381;0
2026-03-21 21:45:00;0,05;10,76;89,299;136,8381;0
2026-03-21 22:00:00;0,05;11,07;100,879;148,4181;0
2026-03-21 22:15:00;0,05;10,65;89,239;136,7781;0
2026-03-21 22:30:00;0,05;10,67;84,579;132,1181;0
2026-03-21 22:45:00;0,04;17,77;76,189;123,7281;0
2026-03-21 23:00:00;0,05;18,94;93,049;140,5881;0
2026-03-21 23:15:00;0,05;16,44;87,939;135,4781;0
2026-03-21 23:30:00;0,05;18,17;83,099;130,6381;0
2026-03-21 23:45:00;0,04;16,41;75,389;122,9281;0
2026-03-22 00:00:00;0,05;15,71;84,259;131,7981;0
2026-03-22 00:15:00;0,05;16,21;78,759;126,2981;0
2026-03-22 00:30:00;0,04;15,85;75,849;123,3881;0
2026-03-22 00:45:00;0,05;15,86;72,599;120,1381;0
2026-03-22 01:00:00;0,04;15,95;77,329;124,8681;0
2026-03-22 01:15:00;0,04;17,45;73,509;121,0481;0
2026-03-22 01:30:00;0,04;16,66;72,659;120,1981;0
2026-03-22 01:45:00;0,05;16,54;68,429;115,9681;0
2026-03-22 02:00:00;0,05;17,01;70,289;117,8281;0
2026-03-22 02:15:00;0,04;16,64;68,539;116,0781;0
2026-03-22 02:30:00;0,05;17,2;69,299;116,8381;0
2026-03-22 02:45:00;0,05;16,26;69,089;116,6281;0
2026-03-22 03:00:00;0,05;16,72;71,979;119,5181;0
2026-03-22 03:15:00;0,05;14,17;70,759;118,2981;0
2026-03-22 03:30:00;0,05;14,01;71,549;119,0881;0
2026-03-22 03:45:00;0,05;16,04;72,569;120,1081;0
2026-03-22 04:00:00;0,04;21,78;72,279;119,8181;0
2026-03-22 04:15:00;0,05;24,56;73,349;120,8881;0
2026-03-22 04:30:00;0,05;24,34;74,049;121,5881;5,57E-05
2026-03-22 04:45:00;0,05;24,04;73,299;120,8381;0,003221596
2026-03-22 05:00:00;0,05;24,25;75,709;123,2481;0,012493398
2026-03-22 05:15:00;0,05;23,55;76,209;123,7481;0,030464567
2026-03-22 05:30:00;0,05;27,66;79,449;126,9881;0,057425395
2026-03-22 05:45:00;0,69;26,9;71,399;118,9381;0,08906646
2026-03-22 06:00:00;2,9;16,08;95,299;142,8381;0,12956968
2026-03-22 06:15:00;6,18;11,24;72,899;120,4381;0,16606319
2026-03-22 06:30:00;10,96;5,44;62,719;110,2581;0,20423204
2026-03-22 06:45:00;17,28;-0,04;38,159;85,6981;0,24412856
2026-03-22 07:00:00;24,44;-5,53;65,039;112,5781;0,28576875
2026-03-22 07:15:00;32,48;-13,88;33,789;81,3281;0,3259832
2026-03-22 07:30:00;40,26;-21,98;17,119;64,6581;0,36496246
2026-03-22 07:45:00;47,77;-30,44;2,749;50,2881;0,40123296
2026-03-22 08:00:00;54,67;-39,66;10,649;58,1881;0,4254738
2026-03-22 08:15:00;62,12;-47,36;-2,381;45,1581;0,45704654
2026-03-22 08:30:00;69,28;-50,68;-8,571;38,9681;0,48418042
2026-03-22 08:45:00;75,69;-55,34;-9,281;38,2581;0,50485194
2026-03-22 09:00:00;81,13;-56,46;-9,251;38,2881;0,53051764
2026-03-22 09:15:00;86,67;-67,6;-9,261;38,2781;0,54813737
2026-03-22 09:30:00;91,32;-72,75;-9,781;37,7581;0,5632491
2026-03-22 09:45:00;94,62;-75,23;-10,141;37,3981;0,5762802
2026-03-22 10:00:00;97,93;-77,07;-11,091;36,4481;0,6036693
2026-03-22 10:15:00;100,27;-77,24;-11,821;35,7181;0,6059232
2026-03-22 10:30:00;102,09;-77,76;-13,171;34,3681;0,6058989
2026-03-22 10:45:00;103,68;-80,52;-13,431;34,1081;0,6035638
2026-03-22 11:00:00;105,4;-81,79;-12,221;35,3181;0,6206777
2026-03-22 11:15:00;105,46;-83,28;-9,261;38,2781;0,61242133
2026-03-22 11:30:00;103,75;-84,22;-11,801;35,7381;0,6043446
2026-03-22 11:45:00;103,26;-84,01;-11,411;36,1281;0,5915103
2026-03-22 12:00:00;102,53;-83,85;-17,401;30,1381;0,59112644
2026-03-22 12:15:00;100,03;-81,47;-16,751;30,7881;0,57112765
2026-03-22 12:30:00;97,79;-79,72;-15,751;31,7881;0,5494097
2026-03-22 12:45:00;97,49;-78,19;-14,351;33,1881;0,5259879
2026-03-22 13:00:00;93,71;-74,23;-11,491;36,0481;0,499391
2026-03-22 13:15:00;89,82;-68,23;-10,931;36,6081;0,46906582
2026-03-22 13:30:00;85,07;-64,79;-9,971;37,5681;0,43640104
2026-03-22 13:45:00;80,39;-61,65;-7,801;39,7381;0,40018004
2026-03-22 14:00:00;75,04;-55,79;-9,101;38,4381;0,353163
2026-03-22 14:15:00;69,54;-50,76;-7,971;39,5681;0,3102659
2026-03-22 14:30:00;62,98;-43,9;3,219;50,7581;0,2693063
2026-03-22 14:45:00;56,43;-37,33;16,489;64,0281;0,22889937
2026-03-22 15:00:00;49,81;-31,14;13,809;61,3481;0,1911283
2026-03-22 15:15:00;41,46;-22,93;49,359;96,8981;0,15122768
2026-03-22 15:30:00;34,82;-16,11;68,449;115,9881;0,11362516
2026-03-22 15:45:00;20,76;-2,47;97,219;144,7581;0,07839289
2026-03-22 16:00:00;19,18;5,8;71,419;118,9581;0,0479965
2026-03-22 16:15:00;14,68;11,03;97,309;144,8481;0,022853885
2026-03-22 16:30:00;11,49;12,85;108,999;156,5381;0,007995507
2026-03-22 16:45:00;8,8;14,23;142,439;189,9781;0,001658572
2026-03-22 17:00:00;5,84;16,39;122,089;169,6281;0
2026-03-22 17:15:00;3,69;20,3;159,249;206,7881;0
2026-03-22 17:30:00;2,09;21,82;138,199;185,7381;0
2026-03-22 17:45:00;0,48;23,86;154,969;202,5081;0
2026-03-22 18:00:00;0,06;26,99;158,179;205,7181;0
2026-03-22 18:15:00;0,06;24,89;159,249;206,7881;0
2026-03-22 18:30:00;0,05;17,98;153,699;201,2381;0
2026-03-22 18:45:00;0,06;16,08;141,469;189,0081;0
2026-03-22 19:00:00;0,05;15,67;156,419;203,9581;0
2026-03-22 19:15:00;0,04;15,83;137,869;185,4081;0
2026-03-22 19:30:00;0,05;15,52;132,169;179,7081;0
2026-03-22 19:45:00;0,05;17,54;117,269;164,8081;0
2026-03-22 20:00:00;0,04;15,12;130,439;177,9781;0
2026-03-22 20:15:00;0,05;16,07;123,599;171,1381;0
2026-03-22 20:30:00;0,05;15,82;119,069;166,6081;0
2026-03-22 20:45:00;0,05;16,68;110,579;158,1181;0
2026-03-22 21:00:00;0,05;11,17;125,299;172,8381;0
2026-03-22 21:15:00;0,05;12,66;119,439;166,9781;0
2026-03-22 21:30:00;0,05;12,62;119,919;167,4581;0
2026-03-22 21:45:00;0,05;13,32;109,429;156,9681;0
2026-03-22 22:00:00;0,05;11,84;125,749;173,2881;0
2026-03-22 22:15:00;0,05;12,79;111,849;159,3881;0
2026-03-22 22:30:00;0,05;11,49;114,469;162,0081;0
2026-03-22 22:45:00;0,05;17;99,159;146,6981;0
2026-03-22 23:00:00;0,04;19,95;118,889;166,4281;0
2026-03-22 23:15:00;0,04;20,12;108,299;155,8381;0
2026-03-22 23:30:00;0,05;17,54;96,049;143,5881;0
2026-03-22 23:45:00;0,05;19,46;90,279;137,8181;0
2026-03-23 00:00:00;0,04;21,54;97,459;144,9981;0
2026-03-23 00:15:00;0,04;18,88;98,749;146,2881;0
2026-03-23 00:30:00;0,04;19,87;115,589;163,1281;0
2026-03-23 00:45:00;0,04;23,3;110,439;157,9781;0
2026-03-23 01:00:00;0,04;21,65;117,929;165,4681;0
2026-03-23 01:15:00;0,05;20,05;104,539;152,0781;0
2026-03-23 01:30:00;0,05;21,26;106,539;154,0781;0
2026-03-23 01:45:00;0,05;20,83;98,749;146,2881;0
2026-03-23 02:00:00;0,04;22,14;107,919;155,4581;0
2026-03-23 02:15:00;0,05;20,45;100,049;147,5881;0
2026-03-23 02:30:00;0,05;20,35;98,489;146,0281;0
2026-03-23 02:45:00;0,05;18,97;98,529;146,0681;0
2026-03-23 03:00:00;0,05;15,57;99,019;146,5581;0
2026-03-23 03:15:00;0,05;15,15;100,629;148,1681;0
2026-03-23 03:30:00;0,04;17,54;107,619;155,1581;0
2026-03-23 03:45:00;0,05;17,48;107,729;155,2681;0
2026-03-23 04:00:00;0,05;17,03;107,669;155,2081;0
2026-03-23 04:15:00;0,04;17,86;111,379;158,9181;0
2026-03-23 04:30:00;0,05;14,74;131,339;178,8781;0,000207502
2026-03-23 04:45:00;0,05;18,41;138,009;185,5481;0,003992781
2026-03-23 05:00:00;0,05;22,91;129,369;176,9081;0,012953202
2026-03-23 05:15:00;0,03;21,83;154,269;201,8081;0,02870917
2026-03-23 05:30:00;0,06;14,98;173,749;221,2881;0,05096928
2026-03-23 05:45:00;0,51;18,85;179,689;227,2281;0,07710342
2026-03-23 06:00:00;2,21;15,21;210,209;257,7481;0,09822571
2026-03-23 06:15:00;5,54;7,67;180,839;228,3781;0,12888113
2026-03-23 06:30:00;10,04;5,8;172,319;219,8581;0,15953644
2026-03-23 06:45:00;16,01;-1,78;133,189;180,7281;0,19051029
2026-03-23 07:00:00;22,75;-12,38;190,739;238,2781;0,20558918
2026-03-23 07:15:00;29,91;-14,95;152,029;199,5681;0,23657441
2026-03-23 07:30:00;36,84;-21,04;120,229;167,7681;0,26594374
2026-03-23 07:45:00;45,59;-30,32;92,439;139,9781;0,2928188
2026-03-23 08:00:00;62,46;-50,73;118,199;165,7381;0,31347635
2026-03-23 08:15:00;57,34;-41,38;90,749;138,2881;0,33615962
2026-03-23 08:30:00;53,65;-36,94;100,879;148,4181;0,36052114
2026-03-23 08:45:00;58,55;-44,99;70,429;117,9681;0,38888067
2026-03-23 09:00:00;59,96;-40,1;88,059;135,5981;0,51873136
2026-03-23 09:15:00;60,33;-42,38;62,879;110,4181;0,54293686
2026-03-23 09:30:00;65,21;-48,23;52,259;99,7981;0,5694956
2026-03-23 09:45:00;69,69;-51,34;31,109;78,6481;0,595392
2026-03-23 10:00:00;72,18;-53,35;41,599;89,1381;0,5944271
2026-03-23 10:15:00;76,26;-51,41;35,179;82,7181;0,60481197
2026-03-23 10:30:00;85,18;-58,72;26,639;74,1781;0,6118999
2026-03-23 10:45:00;81,38;-52,85;20,999;68,5381;0,61454755
2026-03-23 11:00:00;72,58;-43,39;22,499;70,0381;0,6326549
2026-03-23 11:15:00;63,04;-37,67;32,179;79,7181;0,62505436
2026-03-23 11:30:00;63,45;-38,87;40,119;87,6581;0,6166222
2026-03-23 11:45:00;70,01;-45,58;45,749;93,2881;0,60362464
2026-03-23 12:00:00;74,52;-49,49;37,029;84,5681;0,5999093
2026-03-23 12:15:00;73,38;-50,39;46,729;94,2681;0,5804428
2026-03-23 12:30:00;73,9;-50,52;56,939;104,4781;0,5592767
2026-03-23 12:45:00;80,09;-52,07;63,079;110,6181;0,53642917
2026-03-23 13:00:00;81,63;-54,22;56,169;103,7081;0,5056946
2026-03-23 13:15:00;58,67;-34,28;64,899;112,4381;0,47640628
2026-03-23 13:30:00;66,52;-45,15;74,259;121,7981;0,4439563
2026-03-23 13:45:00;64,12;-42,84;67,039;114,5781;0,4078215
2026-03-23 14:00:00;60,2;-40,03;60,359;107,8981;0,3606992
2026-03-23 14:15:00;52,47;-34,25;70,129;117,6681;0,3178896
2026-03-23 14:30:00;54,95;-36,67;79,019;126,5581;0,2760401
2026-03-23 14:45:00;55,41;-34,45;90,299;137,8381;0,23424913
2026-03-23 15:00:00;49,16;-30,12;65,079;112,6181;0,1905635
2026-03-23 15:15:00;40,51;-21,36;93,329;140,8681;0,15139854
2026-03-23 15:30:00;33,45;-15,23;105,159;152,6981;0,114447944
2026-03-23 15:45:00;30;-12,83;127,009;174,5481;0,07972921
2026-03-23 16:00:00;23,57;3,15;97,669;145,2081;0,048860937
2026-03-23 16:15:00;18,43;7,79;131,809;179,3481;0,023916898
2026-03-23 16:30:00;13,19;11,5;152,019;199,5581;0,008845152
2026-03-23 16:45:00;6,39;18,51;207,579;255,1181;0,002054705
2026-03-23 17:00:00;4,39;21,43;146,359;193,8981;5,95E-07
2026-03-23 17:15:00;3,34;20,57;180,119;227,6581;0
2026-03-23 17:30:00;2,04;17,63;205,209;252,7481;0
2026-03-23 17:45:00;0,66;20,38;267,609;315,1481;0
2026-03-23 18:00:00;0,05;18,39;215,409;262,9481;0
2026-03-23 18:15:00;0,05;15,44;225,129;272,6681;0
2026-03-23 18:30:00;0,05;12,91;225,689;273,2281;0
2026-03-23 18:45:00;0,05;17,21;208,149;255,6881;0
2026-03-23 19:00:00;0,05;12,22;229,009;276,5481;0
2026-03-23 19:15:00;0,05;18,83;189,079;236,6181;0
2026-03-23 19:30:00;0,05;16,98;165,059;212,5981;0
2026-03-23 19:45:00;0,04;16,6;153,219;200,7581;0
2026-03-23 20:00:00;0,05;18,41;185,969;233,5081;0
2026-03-23 20:15:00;0,05;13,45;157,459;204,9981;0
2026-03-23 20:30:00;0,05;13,62;137,019;184,5581;0
2026-03-23 20:45:00;0,03;13,49;124,569;172,1081;0
2026-03-23 21:00:00;0,04;12,31;144,809;192,3481;0
2026-03-23 21:15:00;0,04;11,62;129,679;177,2181;0
2026-03-23 21:30:00;0,05;12,11;142,739;190,2781;0
2026-03-23 21:45:00;0,04;13,58;138,469;186,0081;0
2026-03-23 22:00:00;0,05;13,06;143,689;191,2281;0
2026-03-23 22:15:00;0,04;11,73;121,739;169,2781;0
2026-03-23 22:30:00;0,05;11,96;124,279;171,8181;0
2026-03-23 22:45:00;0,04;19,11;106,519;154,0581;0
2026-03-23 23:00:00;0,07;17,37;137,519;185,0581;0
2026-03-23 23:15:00;;0;119,909;167,4481;0
2026-03-23 23:30:00;;0;105,169;152,7081;0
2026-03-23 23:45:00;;0;101,819;149,3581;0
2026-03-24 00:00:00;;0;115,109;162,6481;0
2026-03-24 00:15:00;;0;103,799;151,3381;0
2026-03-24 00:30:00;;0;95,509;143,0481;0
2026-03-24 00:45:00;;0;86,769;134,3081;0
2026-03-24 01:00:00;;0;94,469;142,0081;0
2026-03-24 01:15:00;;0;88,559;136,0981;0
2026-03-24 01:30:00;;0;82,859;130,3981;0
2026-03-24 01:45:00;;0;80,289;127,8281;0
2026-03-24 02:00:00;;0;83,879;131,4181;0
2026-03-24 02:15:00;;0;79,769;127,3081;0
2026-03-24 02:30:00;;0;78,199;125,7381;0
2026-03-24 02:45:00;;0;77,579;125,1181;0
2026-03-24 03:00:00;;0;78,899;126,4381;0
2026-03-24 03:15:00;;0;77,989;125,5281;0
2026-03-24 03:30:00;;0;79,769;127,3081;0
2026-03-24 03:45:00;;0;79,089;126,6281;0
2026-03-24 04:00:00;;0;78,469;126,0081;0
2026-03-24 04:15:00;;0;78,519;126,0581;0
2026-03-24 04:30:00;;0;81,209;128,7481;0,000445097
2026-03-24 04:45:00;;0;91,389;138,9281;0,004881784
2026-03-24 05:00:00;;0;90,879;138,4181;0,01553087
2026-03-24 05:15:00;;0;97,179;144,7181;0,034684062
2026-03-24 05:30:00;;0;100,059;147,5981;0,061810657
2026-03-24 05:45:00;;0;102,069;149,6081;0,09291396
2026-03-24 06:00:00;;0;125,309;172,8481;0,12131795
2026-03-24 06:15:00;;0;111,639;159,1781;0,15747222
2026-03-24 06:30:00;;0;97,369;144,9081;0,19540067
2026-03-24 06:45:00;;0;81,819;129,3581;0,23491032
2026-03-24 07:00:00;;0;124,109;171,6481;0,2738013
2026-03-24 07:15:00;;0;94,289;141,8281;0,31186745
2026-03-24 07:30:00;;0;80,649;128,1881;0,34767443
2026-03-24 07:45:00;;0;55,139;102,6781;0,37978217
2026-03-24 08:00:00;23,28;-0,05;88,239;135,7781;0,40503597
2026-03-24 08:15:00;22,22;-3,02;70,179;117,7181;0,4317019
2026-03-24 08:30:00;21,88;-4,52;55,539;103,0781;0,4518904
2026-03-24 08:45:00;22,89;-5,1;29,879;77,4181;0,46441573
2026-03-24 09:00:00;29,07;-4,94;44,769;92,3081;0,44637996
2026-03-24 09:15:00;31,11;-7,38;14,149;61,6881;0,45713043
2026-03-24 09:30:00;35,5;-12,77;1,009;48,5481;0,46543255
2026-03-24 09:45:00;43,14;-23,4;-6,081;41,4581;0,47125238
2026-03-24 10:00:00;70,56;-50,1;-3,921;43,6181;0,49386686
2026-03-24 10:15:00;88,91;-68,34;-6,751;40,7881;0,49096978
2026-03-24 10:30:00;107,92;-84,61;-6,921;40,6181;0,48715687
2026-03-24 10:45:00;77,7;-53,98;-7,391;40,1481;0,48174727
2026-03-24 11:00:00;75,69;-52,93;-8,331;39,2081;0,45545602
2026-03-24 11:15:00;73,79;-50,76;-7,641;39,8981;0,44791242
2026-03-24 11:30:00;78,6;-56,73;-7,641;39,8981;0,44032735
2026-03-24 11:45:00;74,91;-54,81;-7,671;39,8681;0,43263122
2026-03-24 12:00:00;68,37;-48,46;-7,641;39,8981;0,43168485
2026-03-24 12:15:00;71,35;-52,79;-6,601;40,9381;0,4216095
2026-03-24 12:30:00;72,62;-53,38;-5,751;41,7881;0,41030854
2026-03-24 12:45:00;58,59;-38,35;-4,881;42,6581;0,39846164
2026-03-24 13:00:00;47,27;-27,1;-5,731;41,8081;0,402751
2026-03-24 13:15:00;39,64;-20,22;-5,211;42,3281;0,38141924
2026-03-24 13:30:00;37,38;-18,48;-4,431;43,1081;0,35598844
2026-03-24 13:45:00;38,79;-19,44;-3,671;43,8681;0,3271357
2026-03-24 14:00:00;36,2;-14,82;-5,091;42,4481;0,28948432
2026-03-24 14:15:00;36,41;-16,67;0,419;47,9581;0,2577708
2026-03-24 14:30:00;31,45;-12,88;5,219;52,7581;0,22619037
2026-03-24 14:45:00;26,98;-7,28;35,419;82,9581;0,19487904
2026-03-24 15:00:00;25,34;-4,99;24,119;71,6581;0,16267261
2026-03-24 15:15:00;22,59;-2,18;47,509;95,0481;0,1316175
2026-03-24 15:30:00;19,43;0,92;72,549;120,0881;0,10105126
2026-03-24 15:45:00;14,43;2,77;80,349;127,8881;0,07140931
2026-03-24 16:00:00;11,87;7,67;60,239;107,7781;0,043771908
2026-03-24 16:15:00;8,35;18,76;69,109;116,6481;0,022298366
2026-03-24 16:30:00;6,32;18,05;85,169;132,7081;0,008978188
2026-03-24 16:45:00;5,31;17,89;107,089;154,6281;0,002284819
2026-03-24 17:00:00;6,14;16,11;96,889;144,4281;1,08E-05
2026-03-24 17:15:00;5,99;17,32;111,139;158,6781;0
2026-03-24 17:30:00;3,73;22,29;107,959;155,4981;0
2026-03-24 17:45:00;1,2;20,55;124,699;172,2381;0
2026-03-24 18:00:00;0,32;23,03;131,679;179,2181;0
2026-03-24 18:15:00;0,06;22,71;122,849;170,3881;0
2026-03-24 18:30:00;0,06;15,95;130,409;177,9481;0
2026-03-24 18:45:00;0,06;13,78;123,829;171,3681;0
2026-03-24 19:00:00;0,06;20,07;121,749;169,2881;0
2026-03-24 19:15:00;0,06;19,21;98,689;146,2281;0
2026-03-24 19:30:00;0,05;18,74;83,489;131,0281;0
2026-03-24 19:45:00;0,04;17,08;69,199;116,7381;0
2026-03-24 20:00:00;0,05;17,66;88,749;136,2881;0
2026-03-24 20:15:00;0,05;14,9;76,509;124,0481;0
2026-03-24 20:30:00;0,05;13,6;59,419;106,9581;0
2026-03-24 20:45:00;0,05;13,13;46,349;93,8881;0
2026-03-24 21:00:00;0,05;14,97;78,939;126,4781;0
2026-03-24 21:15:00;0,05;14,54;65,429;112,9681;0
2026-03-24 21:30:00;0,04;14,67;61,669;109,2081;0
2026-03-24 21:45:00;0,05;14,05;32,139;79,6781;0
2026-03-24 22:00:00;0,05;12,88;45,879;93,4181;0
2026-03-24 22:15:00;0,05;12,43;16,579;64,1181;0
2026-03-24 22:30:00;0,05;10,67;12,709;60,2481;0
2026-03-24 22:45:00;0,05;17,98;4,469;52,0081;0
2026-03-24 23:00:00;0,05;16,6;-3,751;43,7881;0
2026-03-24 23:15:00;0,06;16,15;-4,591;42,9481;0
2026-03-24 23:30:00;0,06;16,19;-5,631;41,9081;0
2026-03-24 23:45:00;0,05;15,57;-7,291;40,2481;0
2026-03-25 00:00:00;0,06;16,45;-6,941;40,5981;0
2026-03-25 00:15:00;0,06;15,16;-8,211;39,3281;0
2026-03-25 00:30:00;0,04;16,53;-8,281;39,2581;0
2026-03-25 00:45:00;0,06;17,08;-8,031;39,5081;0
2026-03-25 01:00:00;0,05;16,11;-8,251;39,2881;0
2026-03-25 01:15:00;0,05;14,89;-8,241;39,2981;0
2026-03-25 01:30:00;0,05;17,36;-8,231;39,3081;0
2026-03-25 01:45:00;0,05;15,51;-8,221;39,3181;0
2026-03-25 02:00:00;0,05;15,18;-9,261;38,2781;0
2026-03-25 02:15:00;0,05;14,71;-9,261;38,2781;0
2026-03-25 02:30:00;0,06;15,12;-9,261;38,2781;0
2026-03-25 02:45:00;0,06;12,57;-9,261;38,2781;0
2026-03-25 03:00:00;0,05;11,32;-9,261;38,2781;0
2026-03-25 03:15:00;0,06;11,89;-9,261;38,2781;0
2026-03-25 03:30:00;0,06;12,37;-9,251;38,2881;0
2026-03-25 03:45:00;0,05;13,14;-9,251;38,2881;0
2026-03-25 04:00:00;0,05;21,99;-7,951;39,5881;0
2026-03-25 04:15:00;0,05;21,48;-7,481;40,0581;0
2026-03-25 04:30:00;0,04;21,74;-7,511;40,0281;0,000650474
2026-03-25 04:45:00;0,05;21,58;-5,971;41,5681;0,004725711
2026-03-25 05:00:00;0,05;22,22;-5,601;41,9381;0,012471637
2026-03-25 05:15:00;0,05;22;-3,201;44,3381;0,024406368
2026-03-25 05:30:00;0,05;22,19;-0,351;47,1881;0,040428493
2026-03-25 05:45:00;1,94;20,41;-3,001;44,5381;0,058213495
2026-03-25 06:00:00;1,67;14,48;11,399;58,9381;0,07056774
2026-03-25 06:15:00;5,58;7,7;9,739;57,2781;0,0888678
2026-03-25 06:30:00;8,2;5,42;4,419;51,9581;0,10815224
2026-03-25 06:45:00;13,6;-1,18;1,579;49,1181;0,12869819
2026-03-25 07:00:00;12,17;0,93;13,329;60,8681;0,13362043
2026-03-25 07:15:00;16,62;-3,85;5,959;53,4981;0,15475751
2026-03-25 07:30:00;25,74;-12,35;12,799;60,3381;0,17594118
2026-03-25 07:45:00;32,64;-19,25;12,449;59,9881;0,19682835
2026-03-25 08:00:00;3,38;9,77;9,289;56,8281;0,20623446
2026-03-25 08:15:00;4,77;9,28;0,779;48,3181;0,22911504
2026-03-25 08:30:00;18,37;-1,32;-0,591;46,9481;0,25009724
2026-03-25 08:45:00;42,94;-21,47;-6,311;41,2281;0,26886272
2026-03-25 09:00:00;26,23;0,66;-4,021;43,5181;0,30375358
2026-03-25 09:15:00;57,33;-34,29;-7,161;40,3781;0,3201748
2026-03-25 09:30:00;62,97;-41,77;-7,571;39,9681;0,33508423
2026-03-25 09:45:00;61,11;-39,74;-8,031;39,5081;0,3477897
2026-03-25 10:00:00;57,35;-36,76;-8,311;39,2281;0,42194304
2026-03-25 10:15:00;61,41;-39,65;-9,141;38,3981;0,42508522
2026-03-25 10:30:00;90,48;-68,39;-9,191;38,3481;0,42530107
2026-03-25 10:45:00;48,31;-27,48;-9,201;38,3381;0,422615
2026-03-25 11:00:00;80,1;-59,41;-9,131;38,4081;0,5045765
2026-03-25 11:15:00;119,73;-98,82;-9,201;38,3381;0,4914843
2026-03-25 11:30:00;76,32;-56,49;-9,111;38,4281;0,4791088
2026-03-25 11:45:00;105,45;-83,08;-9,061;38,4781;0,46154466
2026-03-25 12:00:00;63,02;-42,89;-8,741;38,7981;0,44346768
2026-03-25 12:15:00;98,07;-76,64;-8,831;38,7081;0,41876778
2026-03-25 12:30:00;47,05;-27,36;-8,671;38,8681;0,3890552
2026-03-25 12:45:00;30,15;-11,83;-7,471;40,0681;0,35558775
2026-03-25 13:00:00;41,46;-24,33;-8,461;39,0781;0,3164438
2026-03-25 13:15:00;27,85;-9,98;-5,411;42,1281;0,2852734
2026-03-25 13:30:00;18,18;-0,71;-6,841;40,6981;0,2548271
2026-03-25 13:45:00;78,32;-62,03;-3,181;44,3581;0,22533451
2026-03-25 14:00:00;27,54;-11,4;-7,651;39,8881;0,16698433
2026-03-25 14:15:00;44,92;-28,26;-2,471;45,0681;0,14884612
2026-03-25 14:30:00;28,28;-10,63;1,939;49,4781;0,13111612
2026-03-25 14:45:00;37,31;-21,29;7,669;55,2081;0,1136289
2026-03-25 15:00:00;34,74;-16,58;2,079;49,6181;0,08947441
2026-03-25 15:15:00;46,23;-27,19;11,089;58,6281;0,07484538
2026-03-25 15:30:00;21,96;-3,46;32,049;79,5881;0,05962487
2026-03-25 15:45:00;23,16;-6,87;59,269;106,8081;0,044239786
2026-03-25 16:00:00;;0;49,259;96,7981;0,02618565
2026-03-25 16:15:00;;0;62,099;109,6381;0,015234876
2026-03-25 16:30:00;;0;72,429;119,9681;0,007248295
2026-03-25 16:45:00;;0;84,759;132,2981;0,002035833
2026-03-25 17:00:00;;0;78,369;125,9081;4,96E-05
2026-03-25 17:15:00;;0;84,999;132,5381;0
2026-03-25 17:30:00;;0;110,889;158,4281;0
2026-03-25 17:45:00;;0;145,779;193,3181;0
2026-03-25 18:00:00;;0;134,319;181,8581;0
2026-03-25 18:15:00;;0;133,769;181,3081;0
2026-03-25 18:30:00;;0;124,679;172,2181;0
2026-03-25 18:45:00;;0;125,279;172,8181;0
2026-03-25 19:00:00;;0;130,569;178,1081;0
2026-03-25 19:15:00;;0;115,069;162,6081;0
2026-03-25 19:30:00;;0;104,459;151,9981;0
2026-03-25 19:45:00;;0;88,989;136,5281;0
2026-03-25 20:00:00;;0;101,659;149,1981;0
2026-03-25 20:15:00;;0;93,029;140,5681;0
2026-03-25 20:30:00;;0;87,489;135,0281;0
2026-03-25 20:45:00;;0;78,589;126,1281;0
2026-03-25 21:00:00;;0;90,479;138,0181;0
2026-03-25 21:15:00;;0;86,219;133,7581;0
2026-03-25 21:30:00;;0;95,719;143,2581;0
2026-03-25 21:45:00;;0;80,629;128,1681;0
2026-03-25 22:00:00;;0;86,959;134,4981;0
2026-03-25 22:15:00;;0;71,639;119,1781;0
2026-03-25 22:30:00;;0;76,749;124,2881;0
2026-03-25 22:45:00;;0;58,859;106,3981;0
2026-03-25 23:00:00;;0;97,549;145,0881;0
2026-03-25 23:15:00;;0;88,189;135,7281;0
2026-03-25 23:30:00;;0;72,839;120,3781;0
2026-03-25 23:45:00;;0;64,329;111,8681;0
2026-03-26 00:00:00;;0;81,619;129,1581;0
2026-03-26 00:15:00;;0;75,919;123,4581;0
2026-03-26 00:30:00;;0;75,669;123,2081;0
2026-03-26 00:45:00;;0;70,569;118,1081;0
2026-03-26 01:00:00;;0;79,559;127,0981;0
2026-03-26 01:15:00;;0;72,199;119,7381;0
2026-03-26 01:30:00;;0;68,989;116,5281;0
2026-03-26 01:45:00;;0;65,579;113,1181;0
2026-03-26 02:00:00;;0;71,569;119,1081;0
2026-03-26 02:15:00;;0;67,739;115,2781;0
2026-03-26 02:30:00;;0;72,399;119,9381;0
2026-03-26 02:45:00;;0;69,069;116,6081;0
2026-03-26 03:00:00;;0;69,939;117,4781;0
2026-03-26 03:15:00;;0;73,299;120,8381;0
2026-03-26 03:30:00;;0;78,579;126,1181;0
2026-03-26 03:45:00;;0;73,229;120,7681;0
2026-03-26 04:00:00;;0;87,139;134,6781;0
2026-03-26 04:15:00;;0;75,099;122,6381;0
2026-03-26 04:30:00;;0;88,609;136,1481;0,000911955
2026-03-26 04:45:00;;0;98,149;145,6881;0,004988468
2026-03-26 05:00:00;;0;81,309;128,8481;0,012493654
2026-03-26 05:15:00;;0;112,149;159,6881;0,023235142
2026-03-26 05:30:00;;0;118,329;165,8681;0,03709452
2026-03-26 05:45:00;;0;117,959;165,4981;0,05259725
2026-03-26 06:00:00;4,45;18,54;136,809;184,3481;0,07671315
2026-03-26 06:15:00;6,03;17,48;139,429;186,9681;0,09291558
2026-03-26 06:30:00;4,3;21,47;125,189;172,7281;0,10659304
2026-03-26 06:45:00;29,44;-6,73;113,359;160,8981;0,11683001
2026-03-26 07:00:00;28,7;-3,39;142,739;190,2781;0,11916524
2026-03-26 07:15:00;30,58;-12,84;130,749;178,2881;0,128642
2026-03-26 07:30:00;50,37;-37,24;107,079;154,6181;0,13669811
2026-03-26 07:45:00;60,06;-50,62;86,299;133,8381;0,14345498
2026-03-26 08:00:00;29,16;-19,67;104,699;152,2381;0,17017967
2026-03-26 08:15:00;40,3;-24,4;80,859;128,3981;0,17680442
2026-03-26 08:30:00;48,02;-30,73;66,529;114,0681;0,1825475
2026-03-26 08:45:00;55,45;-39,02;49,549;97,0881;0,18822317
2026-03-26 09:00:00;86,61;-69,51;64,149;111,6881;0,18787345
2026-03-26 09:15:00;94,4;-78,15;36,829;84,3681;0,19449541
2026-03-26 09:30:00;78,57;-66,2;14,239;61,7781;0,20139161
2026-03-26 09:45:00;19,28;-8,42;6,609;54,1481;0,2080009
2026-03-26 10:00:00;6,65;3,99;10,789;58,3281;0,21438535
2026-03-26 10:15:00;100,69;-88,72;6,599;54,1381;0,22118072
2026-03-26 10:30:00;115,26;-103,2;5,329;52,8681;0,22741804
2026-03-26 10:45:00;116,44;-99,62;7,499;55,0381;0,23343492
2026-03-26 11:00:00;29,73;-19,6;2,029;49,5681;0,28958327
2026-03-26 11:15:00;49,31;-40,58;0,499;48,0381;0,2891055
2026-03-26 11:30:00;96,6;-87,03;-2,341;45,1981;0,28889292
2026-03-26 11:45:00;95,04;-87,53;-2,911;44,6281;0,2816988
2026-03-26 12:00:00;69,21;-57,99;-2,341;45,1981;0,31105545
2026-03-26 12:15:00;112,72;-100,59;-3,911;43,6281;0,30122828
2026-03-26 12:30:00;94,97;-83,6;-4,201;43,3381;0,2857922
2026-03-26 12:45:00;114,78;-100,97;-5,021;42,5181;0,2639477
2026-03-26 13:00:00;103,57;-90,98;-3,341;44,1981;0,24067098
2026-03-26 13:15:00;80,49;-65,52;-0,751;46,7881;0,21899061
2026-03-26 13:30:00;24,13;-14,77;4,189;51,7281;0,19714773
2026-03-26 13:45:00;65,72;-57,28;5,769;53,3081;0,1756872
2026-03-26 14:00:00;82,17;-73,4;2,839;50,3781;0,15218826
2026-03-26 14:15:00;49,02;-39,68;10,579;58,1181;0,1356788
2026-03-26 14:30:00;41,62;-36,37;22,609;70,1481;0,11881331
2026-03-26 14:45:00;57,16;-50,08;49,799;97,3381;0,101605594
2026-03-26 15:00:00;39,1;-32,71;23,579;71,1181;0,08567196
2026-03-26 15:15:00;29,16;-25,4;54,659;102,1981;0,07012103
2026-03-26 15:30:00;7,67;-0,82;58,009;105,5481;0,05494489
2026-03-26 15:45:00;2,98;11,42;89,379;136,9181;0,04015486
2026-03-26 16:00:00;26,64;-12,29;55,319;102,8581;0,026847942
2026-03-26 16:15:00;20,16;-5,28;86,459;133,9981;0,015219575
2026-03-26 16:30:00;11,72;2,97;102,209;149,7481;0,007265976
2026-03-26 16:45:00;11,85;4,22;119,839;167,3781;0,002161134
2026-03-26 17:00:00;8,4;5,98;102,839;150,3781;0,000129891
2026-03-26 17:15:00;3,9;13,76;129,949;177,4881;0
2026-03-26 17:30:00;1,68;9,77;150,519;198,0581;0
2026-03-26 17:45:00;0,42;-1,11;170,749;218,2881;0
2026-03-26 18:00:00;0,04;4,15;154,219;201,7581;0
2026-03-26 18:15:00;0,06;9,31;157,749;205,2881;0
2026-03-26 18:30:00;0,05;4,23;159,179;206,7181;0
2026-03-26 18:45:00;0,05;9,49;155,849;203,3881;0
2026-03-26 19:00:00;0,05;7,69;160,709;208,2481;0
2026-03-26 19:15:00;0,05;7,91;145,699;193,2381;0
2026-03-26 19:30:00;0,06;4;137,749;185,2881;0
2026-03-26 19:45:00;0,06;3,48;130,939;178,4781;0
2026-03-26 20:00:00;0,06;4,31;137,339;184,8781;0
2026-03-26 20:15:00;0,06;4,51;123,339;170,8781;0
2026-03-26 20:30:00;0,06;4,59;114,519;162,0581;0
2026-03-26 20:45:00;0,06;4,6;109,159;156,6981;0
2026-03-26 21:00:00;0,05;4,16;121,829;169,3681;0
2026-03-26 21:15:00;0,06;5,47;112,689;160,2281;0
2026-03-26 21:30:00;0,05;5,3;114,889;162,4281;0
2026-03-26 21:45:00;0,06;5,09;112,199;159,7381;0
2026-03-26 22:00:00;0,06;5,21;114,589;162,1281;0
2026-03-26 22:15:00;0,05;7,14;107,789;155,3281;0
2026-03-26 22:30:00;0,06;7,29;116,469;164,0081;0
2026-03-26 22:45:00;0,05;8,61;103,269;150,8081;0
2026-03-26 23:00:00;0,05;8,76;115,259;162,7981;0
2026-03-26 23:15:00;0,05;7,12;111,409;158,9481;0
2026-03-26 23:30:00;0,05;5,88;108,229;155,7681;0
2026-03-26 23:45:00;0,05;5,63;106,709;154,2481;0
2026-03-27 00:00:00;0,06;5,88;113,249;160,7881;0
2026-03-27 00:15:00;0,05;5,46;110,479;158,0181;0
2026-03-27 00:30:00;0,05;5,86;110,189;157,7281;0
2026-03-27 00:45:00;0,05;5,8;108,269;155,8081;0
2026-03-27 01:00:00;0,05;5,74;111,669;159,2081;0
2026-03-27 01:15:00;0,06;6,28;108,889;156,4281;0
2026-03-27 01:30:00;0,05;6,86;106,049;153,5881;0
2026-03-27 01:45:00;0,06;7,54;105,759;153,2981;0
2026-03-27 02:00:00;0,05;7,25;107,249;154,7881;0
2026-03-27 02:15:00;0,05;5,4;110,239;157,7781;0
2026-03-27 02:30:00;0,05;8,52;107,749;155,2881;0
2026-03-27 02:45:00;0,04;4,19;109,089;156,6281;0
2026-03-27 03:00:00;0,03;3,61;108,419;155,9581;0
2026-03-27 03:15:00;0,05;4,2;109,479;157,0181;0
2026-03-27 03:30:00;0,05;3,1;111,679;159,2181;0
2026-03-27 03:45:00;0,05;4,2;114,409;161,9481;0
2026-03-27 04:00:00;0,05;8,07;110,669;158,2081;0
2026-03-27 04:15:00;0,04;10,75;119,849;167,3881;0
2026-03-27 04:30:00;0,05;13,06;134,769;182,3081;0,001472237
2026-03-27 04:45:00;0,06;12,98;143,809;191,3481;0,006495302
2026-03-27 05:00:00;0,04;13,06;142,949;190,4881;0,015121052
2026-03-27 05:15:00;0,07;13,02;159,559;207,0981;0,028573923
2026-03-27 05:30:00;0,54;12,45;169,629;217,1681;0,045599304
2026-03-27 05:45:00;3,11;10,42;180,679;228,2181;0,063837394
2026-03-27 06:00:00;7,31;-4,78;194,229;241,7681;0,09302065
2026-03-27 06:15:00;14,6;-17,47;181,859;229,3981;0,1126571
2026-03-27 06:30:00;24,23;-21,7;161,469;209,0081;0,13159437
2026-03-27 06:45:00;15,66;-13;130,199;177,7381;0,14902048
2026-03-27 07:00:00;13,23;-14,92;184,739;232,2781;0,20589283
2026-03-27 07:15:00;15,12;-4,79;143,049;190,5881;0,21827349
2026-03-27 07:30:00;12,84;0,29;128,469;176,0081;0,23059703
2026-03-27 07:45:00;16,97;-4,98;99,139;146,6781;0,24306333
2026-03-27 08:00:00;20,36;-9,4;128,419;175,9581;0,29067576
2026-03-27 08:15:00;26,42;-17,13;114,039;161,5781;0,3007418
2026-03-27 08:30:00;25,11;-15,95;101,649;149,1881;0,30968395
2026-03-27 08:45:00;24,23;-11,94;79,679;127,2181;0,3171375
2026-03-27 09:00:00;29,38;-12,43;95,509;143,0481;0,38415757
2026-03-27 09:15:00;32,15;-10,37;82,389;129,9281;0,38736847
2026-03-27 09:30:00;32,6;-9,36;79,799;127,3381;0,38936043
2026-03-27 09:45:00;38,06;-20,68;62,739;110,2781;0,3899661
2026-03-27 10:00:00;41,73;-30,71;77,139;124,6781;0,37100792
2026-03-27 10:15:00;41,27;-28,16;71,419;118,9581;0,3693083
2026-03-27 10:30:00;39,09;-20,32;62,919;110,4581;0,36840883
2026-03-27 10:45:00;44,32;-25,02;54,299;101,8381;0,36801246
2026-03-27 11:00:00;55,88;-36,39;65,639;113,1781;0,39794496
2026-03-27 11:15:00;64,1;-43,96;58,979;106,5181;0,39081076
2026-03-27 11:30:00;69,17;-48,92;54,189;101,7281;0,3840141
2026-03-27 11:45:00;64,98;-43,4;48,089;95,6281;0,36947024
2026-03-27 12:00:00;64,88;-47,71;52,299;99,8381;0,40279594
2026-03-27 12:15:00;74,22;-50,38;49,029;96,5681;0,38944325
2026-03-27 12:30:00;61,84;-36,15;45,979;93,5181;0,37391916
2026-03-27 12:45:00;53,03;-34,73;49,569;97,1081;0,35647392
2026-03-27 13:00:00;39,19;-23,03;48,779;96,3181;0,33858904
2026-03-27 13:15:00;39,63;-22,67;56,059;103,5981;0,31865755
2026-03-27 13:30:00;69,02;-48,5;64,679;112,2181;0,2966288
2026-03-27 13:45:00;54,08;-28,78;70,879;118,4181;0,27276292
2026-03-27 14:00:00;49,02;-26,19;69,429;116,9681;0,24723914
2026-03-27 14:15:00;51,16;-27,74;82,799;130,3381;0,22058697
2026-03-27 14:30:00;36,25;-11,18;86,229;133,7681;0,19422688
2026-03-27 14:45:00;35,76;-16,79;94,649;142,1881;0,16825722
2026-03-27 15:00:00;32,37;-16,08;81,539;129,0781;0,15612927
2026-03-27 15:15:00;29,65;-16,67;90,969;138,5081;0,12523618
2026-03-27 15:30:00;28,49;-18,27;91,269;138,8081;0,095914625
2026-03-27 15:45:00;15,33;-4,32;110,259;157,7981;0,06865244
2026-03-27 16:00:00;16,78;3,17;80,079;127,6181;0,04492494
2026-03-27 16:15:00;15,08;10,24;103,609;151,1481;0,024665982
2026-03-27 16:30:00;10,94;12,92;121,179;168,7181;0,011146887
2026-03-27 16:45:00;8,52;10,23;162,859;210,3981;0,003487838
2026-03-27 17:00:00;5,15;19,33;125,899;173,4381;0,000280013
2026-03-27 17:15:00;2,01;7,07;137,809;185,3481;0
2026-03-27 17:30:00;0,82;25,42;152,799;200,3381;0
2026-03-27 17:45:00;0,41;16,38;156,849;204,3881;0
2026-03-27 18:00:00;0,05;14,06;182,589;230,1281;0
2026-03-27 18:15:00;0,04;13;167,289;214,8281;0
2026-03-27 18:30:00;0,05;8,17;148,099;195,6381;0
2026-03-27 18:45:00;0,05;7,93;133,899;181,4381;0
2026-03-27 19:00:00;0,06;2,03;164,899;212,4381;0
2026-03-27 19:15:00;0,07;2,49;140,259;187,7981;0
2026-03-27 19:30:00;0,06;5,65;116,749;164,2881;0
2026-03-27 19:45:00;0,05;7,26;109,559;157,0981;0
2026-03-27 20:00:00;0,05;7,23;113,639;161,1781;0
2026-03-27 20:15:00;0,05;7,26;112,559;160,0981;0
2026-03-27 20:30:00;0,05;6,81;110,239;157,7781;0
2026-03-27 20:45:00;0,05;7,45;100,279;147,8181;0
2026-03-27 21:00:00;0,05;7,19;113,849;161,3881;0
2026-03-27 21:15:00;0,05;7,4;108,649;156,1881;0
2026-03-27 21:30:00;0,05;7,39;108,339;155,8781;0
2026-03-27 21:45:00;0,05;7,32;98,799;146,3381;0
2026-03-27 22:00:00;0,05;8,87;104,399;151,9381;0
2026-03-27 22:15:00;0,05;8,3;97,639;145,1781;0
2026-03-27 22:30:00;0,05;6,44;95,999;143,5381;0
2026-03-27 22:45:00;0,05;10,81;89,009;136,5481;0
2026-03-27 23:00:00;0,05;10,72;88,359;135,8981;0
2026-03-27 23:15:00;0,05;12,03;89,789;137,3281;0
2026-03-27 23:30:00;0,05;10,7;84,999;132,5381;0
2026-03-27 23:45:00;0,05;11,79;80,389;127,9281;0
2026-03-28 00:00:00;0,05;8,21;86,749;134,2881;0
2026-03-28 00:15:00;0,05;10,58;84,049;131,5881;0
2026-03-28 00:30:00;0,05;10,36;82,389;129,9281;0
2026-03-28 00:45:00;0,05;10,15;80,389;127,9281;0
2026-03-28 01:00:00;0,05;11,23;82,839;130,3781;0
2026-03-28 01:15:00;0,05;7,42;80,489;128,0281;0
2026-03-28 01:30:00;0,05;7,69;78,519;126,0581;0
2026-03-28 01:45:00;0,05;6,39;72,719;120,2581;0
2026-03-28 02:00:00;0,05;7,26;74,049;121,5881;0
2026-03-28 02:15:00;0,05;5,85;71,999;119,5381;0
2026-03-28 02:30:00;0,05;8,01;72,859;120,3981;0
2026-03-28 02:45:00;0,05;3,62;71,949;119,4881;0
2026-03-28 03:00:00;0,05;6,8;73,089;120,6281;0
2026-03-28 03:15:00;0,05;4,92;71,649;119,1881;0
2026-03-28 03:30:00;0,05;5,06;72,519;120,0581;0
2026-03-28 03:45:00;0,05;4,64;70,229;117,7681;0
2026-03-28 04:00:00;0,05;11,41;76,679;124,2181;0
2026-03-28 04:15:00;0,05;14,71;73,469;121,0081;4,59E-06
2026-03-28 04:30:00;0,05;15,54;74,919;122,4581;0,002389378
2026-03-28 04:45:00;0,05;14,38;73,309;120,8481;0,009348649
2026-03-28 05:00:00;0,05;15,51;81,229;128,7681;0,021903252
2026-03-28 05:15:00;0,05;14,63;75,109;122,6481;0,04188067
2026-03-28 05:30:00;0,07;12,16;70,149;117,6881;0,066945165
2026-03-28 05:45:00;1,1;10,52;61,639;109,1781;0,09433333
2026-03-28 06:00:00;2,73;8,37;79,149;126,6881;0,13670109
2026-03-28 06:15:00;5,59;3,82;66,419;113,9581;0,16604449
2026-03-28 06:30:00;9,27;5,96;68,519;116,0581;0,19590901
2026-03-28 06:45:00;6,64;15,6;55,519;103,0581;0,22539385
2026-03-28 07:00:00;10,02;7,28;71,439;118,9781;0,24953856
2026-03-28 07:15:00;11,58;5,59;66,269;113,8081;0,27595553
2026-03-28 07:30:00;18,99;-2,92;58,209;105,7481;0,29999664
2026-03-28 07:45:00;31,05;-10,49;40,279;87,8181;0,32113594
2026-03-28 08:00:00;52,31;-27,11;66,909;114,4481;0,30461046
2026-03-28 08:15:00;69,92;-45,31;39,939;87,4781;0,320815
2026-03-28 08:30:00;53,84;-32,24;31,639;79,1781;0,33374986
2026-03-28 08:45:00;50,59;-28,79;2,949;50,4881;0,34265205
2026-03-28 09:00:00;69,06;-38,13;27,689;75,2281;0,2958946
2026-03-28 09:15:00;80,74;-50,27;7,539;55,0781;0,30745277
2026-03-28 09:30:00;84,4;-60,28;0,649;48,1881;0,31800136
2026-03-28 09:45:00;110,36;-85,79;-2,551;44,9881;0,32714608
2026-03-28 10:00:00;83,34;-56,15;-0,201;47,3381;0,38069814
2026-03-28 10:15:00;90,43;-62,76;-2,321;45,2181;0,3812224
2026-03-28 10:30:00;61,74;-36,46;-3,161;44,3781;0,378229
2026-03-28 10:45:00;75,1;-50,96;-4,641;42,8981;0,3721127
2026-03-28 11:00:00;86,53;-62,26;-2,251;45,2881;0,36268234
2026-03-28 11:15:00;91,07;-66,02;-4,621;42,9181;0,35205314
2026-03-28 11:30:00;98,48;-82,13;-2,821;44,7181;0,34132782
2026-03-28 11:45:00;95,14;-80,02;-0,821;46,7181;0,32597113
2026-03-28 12:00:00;97,35;-82,68;-2,851;44,6881;0,33318567
2026-03-28 12:15:00;113,27;-98,08;-2,551;44,9881;0,31134805
2026-03-28 12:30:00;75,22;-60,36;-4,781;42,7581;0,28833178
2026-03-28 12:45:00;99,44;-85,93;-4,751;42,7881;0,2630558
2026-03-28 13:00:00;116,28;-102,47;-6,591;40,9481;0,25063464
2026-03-28 13:15:00;71,22;-58,07;-4,251;43,2881;0,22317943
2026-03-28 13:30:00;19,97;-8,04;2,629;50,1681;0,1965576
2026-03-28 13:45:00;79,55;-68,57;17,109;64,6481;0,17088845
2026-03-28 14:00:00;63,18;-49,38;-8,111;39,4281;0,15731095
2026-03-28 14:15:00;45,09;-32,78;-0,261;47,2781;0,13261642
2026-03-28 14:30:00;34,29;-23,17;36,869;84,4081;0,11095687
2026-03-28 14:45:00;41,02;-30,68;51,929;99,4681;0,09182826
2026-03-28 15:00:00;47,67;-36,59;37,769;85,3081;0,07597419
2026-03-28 15:15:00;43,63;-34,37;45,339;92,8781;0,059731726
2026-03-28 15:30:00;12,02;-1,03;54,809;102,3481;0,0453986
2026-03-28 15:45:00;13,95;-1,59;68,609;116,1481;0,032810677
2026-03-28 16:00:00;9,49;7,58;56,229;103,7681;0,02223631
2026-03-28 16:15:00;8,7;8,19;70,299;117,8381;0,013143702
2026-03-28 16:30:00;13,18;2,9;89,319;136,8581;0,006578439
2026-03-28 16:45:00;17,18;-0,44;107,699;155,2381;0,002181451
2026-03-28 17:00:00;19,42;-3,33;100,629;148,1681;0,000205462
2026-03-28 17:15:00;4,61;13,61;124,059;171,5981;0
2026-03-28 17:30:00;1,84;15,39;123,509;171,0481;0
2026-03-28 17:45:00;0,2;9,52;145,739;193,2781;0
2026-03-28 18:00:00;0,05;6,25;148,749;196,2881;0
2026-03-28 18:15:00;0,05;5,35;147,089;194,6281;0
2026-03-28 18:30:00;0,05;5,45;145,709;193,2481;0
2026-03-28 18:45:00;0,06;6,04;137,729;185,2681;0
2026-03-28 19:00:00;0,05;6,02;152,539;200,0781;0
2026-03-28 19:15:00;0,05;5,83;139,649;187,1881;0
2026-03-28 19:30:00;0,06;11,63;121,679;169,2181;0
2026-03-28 19:45:00;0,05;7,58;109,779;157,3181;0
2026-03-28 20:00:00;0,06;9,92;129,539;177,0781;0
2026-03-28 20:15:00;0,06;8,66;122,939;170,4781;0
2026-03-28 20:30:00;0,06;9,71;111,019;158,5581;0
2026-03-28 20:45:00;0,06;7,73;98,939;146,4781;0
2026-03-28 21:00:00;0,06;9,43;110,449;157,9881;0
2026-03-28 21:15:00;0,06;8,65;106,899;154,4381;0
2026-03-28 21:30:00;0,05;9,63;116,759;164,2981;0
2026-03-28 21:45:00;0,05;9,6;111,679;159,2181;0
2026-03-28 22:00:00;0,05;11,33;120,749;168,2881;0
2026-03-28 22:15:00;0,05;11,18;108,799;156,3381;0
2026-03-28 22:30:00;0,05;7,44;111,669;159,2081;0
2026-03-28 22:45:00;0,05;12,61;100,099;147,6381;0
2026-03-28 23:00:00;0,05;11,46;116,629;164,1681;0
2026-03-28 23:15:00;0,05;11,29;110,979;158,5181;0
2026-03-28 23:30:00;0,05;9,26;94,659;142,1981;0
2026-03-28 23:45:00;0,05;12,06;84,219;131,7581;0
2026-03-29 00:00:00;0,05;10,34;100,479;148,0181;0
2026-03-29 00:15:00;0,05;10,54;95,459;142,9981;0
2026-03-29 00:30:00;0,05;9,32;97,379;144,9181;0
2026-03-29 00:45:00;0,05;14,43;83,129;130,6681;0
2026-03-29 01:00:00;0,05;15,41;86,609;134,1481;0
2026-03-29 01:15:00;0,05;12,64;77,879;125,4181;0
2026-03-29 01:30:00;0,05;14,42;75,669;123,2081;0
2026-03-29 01:45:00;0,05;12,57;75,939;123,4781;0
2026-03-29 02:00:00;0,05;13,84;80,809;128,3481;0
2026-03-29 02:15:00;0,05;12,6;75,809;123,3481;0
2026-03-29 02:30:00;0,05;12,91;77,999;125,5381;0
2026-03-29 02:45:00;0,05;11,45;75,359;122,8981;0
2026-03-29 03:00:00;0,05;8,32;80,139;127,6781;0
2026-03-29 03:15:00;0,05;11,28;76,589;124,1281;0
2026-03-29 03:30:00;0,05;9,32;86,669;134,2081;0
2026-03-29 03:45:00;0,06;9,77;90,339;137,8781;0
2026-03-29 04:00:00;0,05;17,74;90,909;138,4481;0
2026-03-29 04:15:00;0,05;16,2;96,049;143,5881;1,81E-05
2026-03-29 04:30:00;0,05;19,93;104,339;151,8781;0,001719437
2026-03-29 04:45:00;0,05;18,3;108,549;156,0881;0,006537381
2026-03-29 05:00:00;0,05;18,05;110,419;157,9581;0,014562895
2026-03-29 05:15:00;0,18;11,96;105,989;153,5281;0,026021587
2026-03-29 05:30:00;1,21;6,6;103,749;151,2881;0,040127147
2026-03-29 05:45:00;3,21;5,07;102,999;150,5381;0,055463012
2026-03-29 06:00:00;6,5;3,74;113,219;160,7581;0,063479
2026-03-29 06:15:00;11,5;-1,85;115,749;163,2881;0,081313565
2026-03-29 06:30:00;18,66;-8,49;99,709;147,2481;0,10089629
2026-03-29 06:45:00;26,55;-16,65;93,609;141,1481;0,122569256
2026-03-29 07:00:00;36,95;-26,98;102,829;150,3681;0,17295131
2026-03-29 07:15:00;45,89;-35,22;85,469;133,0081;0,19774014
2026-03-29 07:30:00;54,75;-45,93;73,759;121,2981;0,22181004
2026-03-29 07:45:00;63,18;-53,72;56,159;103,6981;0,24437287
2026-03-29 08:00:00;71,18;-64,22;78,699;126,2381;0,27432188
2026-03-29 08:15:00;78,67;-72,88;61,149;108,6881;0,2968527
2026-03-29 08:30:00;84,35;-76,03;48,749;96,2881;0,32088006
2026-03-29 08:45:00;64,81;-58,11;26,119;73,6581;0,34459937
2026-03-29 09:00:00;66,03;-52,69;50,059;97,5981;0,3954682
2026-03-29 09:15:00;45,13;-33,74;34,859;82,3981;0,41507643
2026-03-29 09:30:00;56,88;-45,18;23,439;70,9781;0,43186802
2026-03-29 09:45:00;115,92;-102,88;1,619;49,1581;0,44516423
2026-03-29 10:00:00;106,72;-94,02;19,339;66,8781;0,46086302
2026-03-29 10:15:00;112,87;-100,05;2,289;49,8281;0,46811897
2026-03-29 10:30:00;66,78;-54,68;-1,081;46,4581;0,4739778
2026-03-29 10:45:00;80,07;-71,52;-5,751;41,7881;0,47858247
2026-03-29 11:00:00;105,01;-93,38;-3,681;43,8581;0,4880215
2026-03-29 11:15:00;37,56;-28,84;-6,411;41,1281;0,48797485
2026-03-29 11:30:00;46,36;-39,18;-7,931;39,6081;0,4881125
2026-03-29 11:45:00;53,82;-45,17;-9,101;38,4381;0,48394632
2026-03-29 12:00:00;78,34;-70,32;-9,241;38,2981;0,48414686
2026-03-29 12:15:00;44,91;-36,45;-9,421;38,1181;0,47000152
2026-03-29 12:30:00;77,37;-68,88;-10,181;37,3581;0,4531901
2026-03-29 12:45:00;67,01;-59,34;-10,531;37,0081;0,43276384
2026-03-29 13:00:00;50,69;-41,53;-10,051;37,4881;0,408939
2026-03-29 13:15:00;38,85;-29,07;-10,151;37,3881;0,3824956
2026-03-29 13:30:00;55,93;-46,42;-10,041;37,4981;0,3551824
2026-03-29 13:45:00;59,9;-52,09;-9,581;37,9581;0,3266448
2026-03-29 14:00:00;33,35;-25,59;-8,161;39,3781;0,2959825
2026-03-29 14:15:00;29,66;-21,86;-7,531;40,0081;0,26355428
2026-03-29 14:30:00;20,68;-13,14;-7,901;39,6381;0,23260483
2026-03-29 14:45:00;19,12;-10,06;-4,361;43,1781;0,20317209
2026-03-29 15:00:00;13,52;5,3;-6,061;41,4781;0,17219833
2026-03-29 15:15:00;9,42;9,73;4,649;52,1881;0,14141439
2026-03-29 15:30:00;10,64;8,16;19,459;66,9981;0,11057511
2026-03-29 15:45:00;8,88;6,72;59,899;107,4381;0,080776915
2026-03-29 16:00:00;6,47;9,41;33,349;80,8881;0,05551656
2026-03-29 16:15:00;5,21;8,93;52,859;100,3981;0,030903202
2026-03-29 16:30:00;3,89;12,65;79,129;126,6681;0,014183848
2026-03-29 16:45:00;3,03;7,15;111,499;159,0381;0,005056218
2026-03-29 17:00:00;2,05;9,3;90,539;138,0781;0,000780875
2026-03-29 17:15:00;1,97;3,51;100,939;148,4781;0
2026-03-29 17:30:00;1,52;0,92;100,749;148,2881;0
2026-03-29 17:45:00;0,28;3,39;98,349;145,8881;0
2026-03-29 18:00:00;0,06;3,89;111,499;159,0381;0
2026-03-29 18:15:00;0,06;4,11;100,399;147,9381;0
2026-03-29 18:30:00;0,06;10,29;69,799;117,3381;0
2026-03-29 18:45:00;0,05;7,8;61,539;109,0781;0
2026-03-29 19:00:00;0,05;7,24;85,629;133,1681;0
2026-03-29 19:15:00;0,05;6,54;65,699;113,2381;0
2026-03-29 19:30:00;0,05;5,52;46,709;94,2481;0
2026-03-29 19:45:00;0,05;8,02;33,799;81,3381;0
2026-03-29 20:00:00;0,05;5,91;72,239;119,7781;0
2026-03-29 20:15:00;0,05;6,73;51,229;98,7681;0
2026-03-29 20:30:00;0,06;5,2;55,059;102,5981;0
2026-03-29 20:45:00;0,04;6,81;21,609;69,1481;0
2026-03-29 21:00:00;0,05;5,35;47,599;95,1381;0
2026-03-29 21:15:00;0,05;6,33;19,359;66,8981;0
2026-03-29 21:30:00;0,04;4,79;13,759;61,2981;0
2026-03-29 21:45:00;0,05;3,19;1,099;48,6381;0
2026-03-29 22:00:00;0,05;4,51;10,799;58,3381;0
2026-03-29 22:15:00;0,04;5,95;3,039;50,5781;0
2026-03-29 22:30:00;0,05;7,88;-1,951;45,5881;0
2026-03-29 22:45:00;0,04;11,52;-2,021;45,5181;0
2026-03-29 23:00:00;0,05;7,74;-1,061;46,4781;0
2026-03-29 23:15:00;0,04;9,21;-2,771;44,7681;0
2026-03-29 23:30:00;0,06;7,94;-3,221;44,3181;0
2026-03-29 23:45:00;0,04;9;-4,591;42,9481;0
2026-03-30 00:00:00;0,05;8,31;-2,281;45,2581;0
2026-03-30 00:15:00;0,04;8,07;-3,421;44,1181;0
2026-03-30 00:30:00;0,05;9;-3,311;44,2281;0
2026-03-30 00:45:00;0,05;7,36;-3,681;43,8581;0
2026-03-30 01:00:00;0,03;7,4;-5,071;42,4681;0
2026-03-30 01:15:00;0,04;7,73;-4,391;43,1481;0
2026-03-30 01:30:00;0,05;9,44;-4,691;42,8481;0
2026-03-30 01:45:00;0,04;9,31;-4,461;43,0781;0
2026-03-30 02:00:00;0,03;8,92;-5,901;41,6381;0
2026-03-30 02:15:00;0,04;9,21;-4,981;42,5581;0
2026-03-30 02:30:00;0,04;8,1;-4,411;43,1281;0
2026-03-30 02:45:00;0,05;13,45;-2,281;45,2581;0
2026-03-30 03:00:00;0,05;14,8;-3,851;43,6881;0
2026-03-30 03:15:00;0,05;17,62;-1,601;45,9381;0
2026-03-30 03:30:00;0,04;14,96;4,939;52,4781;0
2026-03-30 03:45:00;0,04;15,48;29,159;76,6981;0
2026-03-30 04:00:00;0,04;15,89;16,419;63,9581;0
2026-03-30 04:15:00;0,04;13,8;48,209;95,7481;0,000230454
2026-03-30 04:30:00;0,05;12,99;62,069;109,6081;0,00380789
2026-03-30 04:45:00;0,05;9,3;67,969;115,5081;0,011930057
2026-03-30 05:00:00;0,05;8,3;69,439;116,9781;0,026598275
2026-03-30 05:15:00;0,09;6;86,539;134,0781;0,050199207
2026-03-30 05:30:00;0,71;8,66;98,109;145,6481;0,0793737
2026-03-30 05:45:00;2,38;3,28;93,699;141,2381;0,11198308
2026-03-30 06:00:00;8,68;-6,64;115,119;162,6581;0,17768826
2026-03-30 06:15:00;6,24;3,21;107,389;154,9281;0,21493112
2026-03-30 06:30:00;10,71;-3,08;105,529;153,0681;0,2532384
2026-03-30 06:45:00;32,58;-25,08;97,819;145,3581;0,2909296
2026-03-30 07:00:00;38,92;-39,38;109,859;157,3981;0,34238562
2026-03-30 07:15:00;39,24;-27,97;95,959;143,4981;0,37574068
2026-03-30 07:30:00;42,73;-37,86;89,769;137,3081;0,40525547
2026-03-30 07:45:00;16,31;-9,93;70,219;117,7581;0,42980286
2026-03-30 08:00:00;21,62;-16,72;79,939;127,4781;0,45969346
2026-03-30 08:15:00;32,18;-27,63;65,869;113,4081;0,47297394
2026-03-30 08:30:00;89,1;-82,05;76,499;124,0381;0,48437235
2026-03-30 08:45:00;71,42;-59,07;49,009;96,5481;0,4928214
2026-03-30 09:00:00;32,34;-13,13;63,559;111,0981;0,48356235
2026-03-30 09:15:00;52,99;-38,48;42,659;90,1981;0,49010625
2026-03-30 09:30:00;80,41;-66,1;31,839;79,3781;0,49374625
2026-03-30 09:45:00;63,99;-50,73;16,119;63,6581;0,49581927
2026-03-30 10:00:00;78,91;-66,09;31,719;79,2581;0,50141495
2026-03-30 10:15:00;81,77;-68,65;20,029;67,5681;0,49865448
2026-03-30 10:30:00;100,69;-88,67;15,579;63,1181;0,4932431
2026-03-30 10:45:00;50,29;-37,89;5,949;53,4881;0,48523298
2026-03-30 11:00:00;60,8;-47,7;14,009;61,5481;0,5101831
2026-03-30 11:15:00;81,79;-68,52;12,559;60,0981;0,4900444
2026-03-30 11:30:00;46,87;-31,71;7,239;54,7781;0,47035494
2026-03-30 11:45:00;71,64;-56,55;-0,221;47,3181;0,4418174
2026-03-30 12:00:00;53,25;-39,66;7,439;54,9781;0,39464548
2026-03-30 12:15:00;43,55;-28,48;7,269;54,8081;0,3632083
2026-03-30 12:30:00;97,18;-83,55;6,809;54,3481;0,33195662
2026-03-30 12:45:00;90,01;-77,24;4,709;52,2481;0,30055726
2026-03-30 13:00:00;112,92;-101,78;4,379;51,9181;0,27656648
2026-03-30 13:15:00;109,56;-97,41;6,099;53,6381;0,24599311
2026-03-30 13:30:00;67,49;-56,26;7,119;54,6581;0,2164456
2026-03-30 13:45:00;49,42;-40,64;14,229;61,7681;0,18817149
2026-03-30 14:00:00;69,21;-61,47;5,439;52,9781;0,14241551
2026-03-30 14:15:00;69,44;-60,97;14,529;62,0681;0,122968964
2026-03-30 14:30:00;81,4;-72,16;30,059;77,5981;0,105273135
2026-03-30 14:45:00;54,94;-40,46;41,969;89,5081;0,08934834
2026-03-30 15:00:00;71,17;-52,94;27,259;74,7981;0,05995682
2026-03-30 15:15:00;70,33;-51,64;41,729;89,2681;0,05114618
2026-03-30 15:30:00;44,52;-26,31;57,399;104,9381;0,042233534
2026-03-30 15:45:00;10,53;6,3;77,869;125,4081;0,03321922
2026-03-30 16:00:00;14,24;4,19;55,549;103,0881;0,021412337
2026-03-30 16:15:00;12,57;5,88;83,489;131,0281;0,013880798
2026-03-30 16:30:00;17,01;1,27;89,359;136,8981;0,007640092
2026-03-30 16:45:00;13,58;3,94;110,649;158,1881;0,003016815
2026-03-30 17:00:00;7,13;3,59;104,829;152,3681;0,000471704
2026-03-30 17:15:00;4,47;7,11;113,339;160,8781;0
2026-03-30 17:30:00;2,39;8,78;120,219;167,7581;0
2026-03-30 17:45:00;1,27;9,24;128,969;176,5081;0
2026-03-30 18:00:00;0,47;9,66;123,029;170,5681;0
2026-03-30 18:15:00;0,06;10,03;122,259;169,7981;0
2026-03-30 18:30:00;0,05;8,26;123,029;170,5681;0
2026-03-30 18:45:00;0,05;8,85;119,429;166,9681;0
2026-03-30 19:00:00;0,05;7,55;132,609;180,1481;0
2026-03-30 19:15:00;0,05;8,45;116,099;163,6381;0
2026-03-30 19:30:00;0,05;8,72;113,979;161,5181;0
2026-03-30 19:45:00;0,06;7,04;96,579;144,1181;0
2026-03-30 20:00:00;0,06;8,99;115,959;163,4981;0
2026-03-30 20:15:00;0,05;8,58;113,379;160,9181;0
2026-03-30 20:30:00;0,05;8,36;110,049;157,5881;0
2026-03-30 20:45:00;0,06;8,65;104,629;152,1681;0
2026-03-30 21:00:00;0,06;6,83;103,059;150,5981;0
2026-03-30 21:15:00;0,05;6,55;103,909;151,4481;0
2026-03-30 21:30:00;0,05;5,34;101,729;149,2681;0
2026-03-30 21:45:00;0,06;5,37;96,339;143,8781;0
2026-03-30 22:00:00;0,05;6,13;117,119;164,6581;0
2026-03-30 22:15:00;0,05;6,03;101,349;148,8881;0
2026-03-30 22:30:00;0,05;7,45;95,179;142,7181;0
2026-03-30 22:45:00;0,05;13,11;89,989;137,5281;0
2026-03-30 23:00:00;0,05;13,21;94,719;142,2581;0
2026-03-30 23:15:00;0,05;7,85;94,169;141,7081;0
2026-03-30 23:30:00;0,05;8,54;95,819;143,3581;0
2026-03-30 23:45:00;0,05;7,46;92,019;139,5581;0
2026-03-31 00:00:00;0,05;7,72;94,699;142,2381;0
2026-03-31 00:15:00;0,05;7,67;92,399;139,9381;0
2026-03-31 00:30:00;0,05;6,17;89,759;137,2981;0
2026-03-31 00:45:00;0,04;6,2;88,269;135,8081;0
2026-03-31 01:00:00;0,05;5,44;89,819;137,3581;0
2026-03-31 01:15:00;0,04;6,89;88,419;135,9581;0
2026-03-31 01:30:00;0,05;6,25;88,819;136,3581;0
2026-03-31 01:45:00;0,05;8,68;87,449;134,9881;0
2026-03-31 02:00:00;0,05;9,62;86,799;134,3381;0
2026-03-31 02:15:00;0,05;6,55;89,249;136,7881;0
2026-03-31 02:30:00;0,04;7,32;89,969;137,5081;0
2026-03-31 02:45:00;0,04;8,21;91,169;138,7081;0
2026-03-31 03:00:00;0,05;7,3;83,879;131,4181;0
2026-03-31 03:15:00;0,04;13,11;88,449;135,9881;0
2026-03-31 03:30:00;0,04;16,67;100,099;147,6381;0
2026-03-31 03:45:00;0,04;15,32;115,339;162,8781;0
2026-03-31 04:00:00;0,05;15,9;104,749;152,2881;0
2026-03-31 04:15:00;0,05;15,81;120,869;168,4081;0,000413729
2026-03-31 04:30:00;0,05;16,93;144,049;191,5881;0,004032819
2026-03-31 04:45:00;0,05;7,95;150,039;197,5781;0,011706999
2026-03-31 05:00:00;0,05;6,9;145,169;192,7081;0,024810577
2026-03-31 05:15:00;0,24;12,26;145,049;192,5881;0,04249204
2026-03-31 05:30:00;2,04;6,51;146,319;193,8581;0,062759414
2026-03-31 05:45:00;6,35;6,05;140,169;187,7081;0,084431455
2026-03-31 06:00:00;9,96;-3,56;193,859;241,3981;0,12665462
2026-03-31 06:15:00;8,45;-0,47;172,359;219,8981;0,14896013
2026-03-31 06:30:00;13,89;-3,3;138,409;185,9481;0,17084968
2026-03-31 06:45:00;23,01;-11,34;118,319;165,8581;0,19101335
2026-03-31 07:00:00;22,26;-15,26;161,329;208,8681;0,2372258
2026-03-31 07:15:00;28,41;-17,79;129,069;176,6081;0,2532169
2026-03-31 07:30:00;33,76;-21,91;118,429;165,9681;0,2678315
2026-03-31 07:45:00;36,39;-26,55;109,749;157,2881;0,28086817
2026-03-31 08:00:00;35,98;-27,81;114,109;161,6481;0,2923993
2026-03-31 08:15:00;33,53;-23,76;103,229;150,7681;0,30002424
2026-03-31 08:30:00;37,44;-28,81;93,239;140,7781;0,3046806
2026-03-31 08:45:00;40,5;-25,2;85,619;133,1581;0,3055941
2026-03-31 09:00:00;68,29;-49,5;91,849;139,3881;0,3389419
2026-03-31 09:15:00;78,61;-63,5;84,329;131,8681;0,33717385
2026-03-31 09:30:00;66,19;-48,8;78,689;126,2281;0,33534622
2026-03-31 09:45:00;100,6;-85,93;68,329;115,8681;0,33351454
2026-03-31 10:00:00;57,11;-42,51;81,989;129,5281;0,36765638
2026-03-31 10:15:00;72,5;-53,26;76,139;123,6781;0,36235243
2026-03-31 10:30:00;90,09;-72,51;73,339;120,8781;0,35626823
2026-03-31 10:45:00;109,06;-92,71;60,479;108,0181;0,3499125
2026-03-31 11:00:00;88,87;-71,08;70,679;118,2181;0,37207457
2026-03-31 11:15:00;47,38;-32,12;57,869;105,4081;0,36249754
2026-03-31 11:30:00;77,83;-63,8;40,769;88,3081;0,35341063
2026-03-31 11:45:00;92,55;-78,45;33,679;81,2181;0,34151024
2026-03-31 12:00:00;114,87;-100,71;45,889;93,4281;0,34768403
2026-03-31 12:15:00;115,82;-102,31;45,749;93,2881;0,33204326
2026-03-31 12:30:00;99,24;-87,45;49,329;96,8681;0,31583896
2026-03-31 12:45:00;46,69;-36,43;52,569;100,1081;0,29976523
2026-03-31 13:00:00;34,21;-23,94;47,399;94,9381;0,30748966
2026-03-31 13:15:00;59,19;-49,36;55,989;103,5281;0,28803292
2026-03-31 13:30:00;36,01;-26;64,809;112,3481;0,26935524
2026-03-31 13:45:00;101,56;-91,51;74,819;122,3581;0,25092256
2026-03-31 14:00:00;53,8;-40,94;57,249;104,7881;0,23901172
2026-03-31 14:15:00;80,97;-70,65;72,659;120,1981;0,21574207
2026-03-31 14:30:00;64,47;-54,72;81,269;128,8081;0,1924839
2026-03-31 14:45:00;60,72;-50,93;90,749;138,2881;0,16934091
2026-03-31 15:00:00;43,71;-32,5;82,459;129,9981;0,145526
2026-03-31 15:15:00;52,62;-34,9;89,549;137,0881;0,121111475
2026-03-31 15:30:00;42,13;-21,77;97,489;145,0281;0,09606066
2026-03-31 15:45:00;26,84;-7,48;139,319;186,8581;0,0712574
2026-03-31 16:00:00;18,05;0,72;98,059;145,5981;0,051623836
2026-03-31 16:15:00;24,97;-6,65;132,569;180,1081;0,03046737
2026-03-31 16:30:00;20,07;-1,51;148,639;196,1781;0,015257232
2026-03-31 16:45:00;15,36;2,7;181,229;228,7681;0,006128922
2026-03-31 17:00:00;6,65;14,14;144,229;191,7681;0,001285561
2026-03-31 17:15:00;4,03;20,09;166,829;214,3681;0
2026-03-31 17:30:00;2,83;14,05;170,159;217,6981;0
2026-03-31 17:45:00;1,62;11,65;176,449;223,9881;0
2026-03-31 18:00:00;0,48;12,72;177,579;225,1181;0
2026-03-31 18:15:00;0,05;10,82;168,939;216,4781;0
2026-03-31 18:30:00;0,06;12,97;162,579;210,1181;0
2026-03-31 18:45:00;0,05;10,84;150,739;198,2781;0
2026-03-31 19:00:00;0,05;11,57;176,999;224,5381;0
2026-03-31 19:15:00;0,05;12,5;154,509;202,0481;0
2026-03-31 19:30:00;0,05;9,67;143,909;191,4481;0
2026-03-31 19:45:00;0,05;9,15;122,419;169,9581;0
2026-03-31 20:00:00;0,05;9,3;153,849;201,3881;0
2026-03-31 20:15:00;0,05;10,58;152,049;199,5881;0
2026-03-31 20:30:00;0,05;11,05;143,699;191,2381;0
2026-03-31 20:45:00;0,06;9,69;140,679;188,2181;0
2026-03-31 21:00:00;0,05;10,37;139,399;186,9381;0
2026-03-31 21:15:00;0,06;11,64;133,109;180,6481;0
2026-03-31 21:30:00;0,05;9,8;140,709;188,2481;0
2026-03-31 21:45:00;0,05;9,04;130,259;177,7981;0
2026-03-31 22:00:00;0,05;6,67;142,939;190,4781;0
2026-03-31 22:15:00;0,05;6,69;132,559;180,0981;0
2026-03-31 22:30:00;0,07;7,91;132,289;179,8281;0
2026-03-31 22:45:00;0,05;12,88;124,199;171,7381;0
2026-03-31 23:00:00;0,05;12,61;128,269;175,8081;0
2026-03-31 23:15:00;0,05;8,99;119,959;167,4981;0
2026-03-31 23:30:00;0,04;12,63;119,979;167,5181;0
2026-03-31 23:45:00;0,05;16,67;110,909;158,4481;0
2026-04-01 00:00:00;0,05;14,86;116,429;163,9681;0
2026-04-01 00:15:00;0,05;14,99;109,749;157,2881;0
2026-04-01 00:30:00;0,04;15,41;111,009;158,5481;0
2026-04-01 00:45:00;0,06;14,03;114,899;162,4381;0
2026-04-01 01:00:00;0,06;14,73;114,429;161,9681;0
2026-04-01 01:15:00;0,05;13,69;118,749;166,2881;0
2026-04-01 01:30:00;0,05;12,8;122,869;170,4081;0
2026-04-01 01:45:00;0,05;11,48;124,659;172,1981;0
2026-04-01 02:00:00;0,05;11,13;119,029;166,5681;0
2026-04-01 02:15:00;0,04;12,29;120,689;168,2281;0
2026-04-01 02:30:00;0,06;9,94;125,309;172,8481;0
2026-04-01 02:45:00;0,05;9,39;130,459;177,9981;0
2026-04-01 03:00:00;0,05;8,89;117,779;165,3181;0
2026-04-01 03:15:00;0,05;5,87;130,659;178,1981;0
2026-04-01 03:30:00;0,05;6,91;124,139;171,6781;0
2026-04-01 03:45:00;0,06;9,67;141,219;188,7581;0
2026-04-01 04:00:00;0,05;10,93;134,009;181,5481;0
2026-04-01 04:15:00;0,06;12,18;154,679;202,2181;0,000798556
2026-04-01 04:30:00;0,05;13,19;170,749;218,2881;0,005117934
2026-04-01 04:45:00;0,04;18,82;167,699;215,2381;0,013537285
2026-04-01 05:00:00;0,06;14,57;191,539;239,0781;0,0260527
2026-04-01 05:15:00;0,06;15,41;194,359;241,8981;0,043059126
2026-04-01 05:30:00;0,58;21,03;183,089;230,6281;0,061972763
2026-04-01 05:45:00;3,1;16,9;190,469;238,0081;0,08209605
2026-04-01 06:00:00;5,54;8,26;229,869;277,4081;0,11452343
2026-04-01 06:15:00;7,48;5,83;205,339;252,8781;0,13508382
2026-04-01 06:30:00;12,9;2,29;174,899;222,4381;0,1554976
2026-04-01 06:45:00;15;-0,6;152,799;200,3381;0,1752437
2026-04-01 07:00:00;18,41;-9,41;199,749;247,2881;0,19038405
2026-04-01 07:15:00;22,61;-9,57;176,559;224,0981;0,20909418
2026-04-01 07:30:00;24,29;-9,51;152,189;199,7281;0,22589166
2026-04-01 07:45:00;26,94;-12,66;120,659;168,1981;0,24018839
2026-04-01 08:00:00;74,93;-62,6;155,119;202,6581;0,2698341
2026-04-01 08:15:00;68,32;-56,16;134,509;182,0481;0,28058288
2026-04-01 08:30:00;88,23;-74,84;122,789;170,3281;0,28816983
2026-04-01 08:45:00;66,57;-51,37;115,659;163,1981;0,2908594
2026-04-01 09:00:00;85,35;-64,28;132,199;179,7381;0,2976176
2026-04-01 09:15:00;80,99;-63,11;123,499;171,0381;0,29822797
2026-04-01 09:30:00;72,18;-56,59;114,459;161,9981;0,29706362
2026-04-01 09:45:00;94,08;-79,7;113,839;161,3781;0,294037
2026-04-01 10:00:00;73,73;-59,23;123,499;171,0381;0,26677084
2026-04-01 10:15:00;74,03;-60,11;106,729;154,2681;0,26236233
2026-04-01 10:30:00;77,09;-59,33;103,969;151,5081;0,25515142
2026-04-01 10:45:00;91,96;-77,51;96,989;144,5281;0,24712871
2026-04-01 11:00:00;82,44;-69,74;101,839;149,3781;0,21384522
2026-04-01 11:15:00;94,18;-79,83;94,559;142,0981;0,21090823
2026-04-01 11:30:00;97,72;-84,66;85,949;133,4881;0,20774409
2026-04-01 11:45:00;121,77;-108,65;77,259;124,7981;0,20506161
2026-04-01 12:00:00;103,14;-90,72;85,129;132,6681;0,21393406
2026-04-01 12:15:00;79,95;-67,19;81,869;129,4081;0,21302609
2026-04-01 12:30:00;84,8;-73,11;81,309;128,8481;0,21075138
2026-04-01 12:45:00;50,01;-38,73;81,439;128,9781;0,20697546
2026-04-01 13:00:00;52,1;-41,29;78,039;125,5781;0,24278909
2026-04-01 13:15:00;42,48;-31,58;82,549;130,0881;0,23312728
2026-04-01 13:30:00;36,32;-24,08;91,459;138,9981;0,22065641
2026-04-01 13:45:00;45,47;-27,14;99,649;147,1881;0,20530736
2026-04-01 14:00:00;42,75;-24,14;75,859;123,3981;0,19910331
2026-04-01 14:15:00;39,58;-28,36;89,109;136,6481;0,17964257
2026-04-01 14:30:00;33,75;-22,21;101,389;148,9281;0,15949658
2026-04-01 14:45:00;53,32;-35,5;123,619;171,1581;0,1389411
2026-04-01 15:00:00;43,41;-22,23;110,749;158,2881;0,12007235
2026-04-01 15:15:00;51,32;-30,34;110,869;158,4081;0,09938793
2026-04-01 15:30:00;44,33;-21,19;119,599;167,1381;0,079088844
2026-04-01 15:45:00;24,11;-3,27;143,169;190,7081;0,0595476
2026-04-01 16:00:00;23,51;-3,71;102,139;149,6781;0,044271152
2026-04-01 16:15:00;22,43;-1,69;132,769;180,3081;0,026771097
2026-04-01 16:30:00;24,25;-5,19;140,959;188,4981;0,01378304
2026-04-01 16:45:00;10,13;2,26;188,239;235,7781;0,00573806
2026-04-01 17:00:00;4,36;10,01;140,749;188,2881;0,001374139
2026-04-01 17:15:00;4,07;5,24;175,209;222,7481;1,70E-07
2026-04-01 17:30:00;3,14;6,68;183,959;231,4981;0
2026-04-01 17:45:00;2,28;7,37;188,539;236,0781;0
2026-04-01 18:00:00;0,96;9,02;176,949;224,4881;0
2026-04-01 18:15:00;0,13;12,68;168,029;215,5681;0
2026-04-01 18:30:00;0,05;9,38;170,749;218,2881;0
2026-04-01 18:45:00;0,04;11,96;147,319;194,8581;0
2026-04-01 19:00:00;0,05;13,61;169,429;216,9681;0
2026-04-01 19:15:00;0,05;12,16;158,629;206,1681;0
2026-04-01 19:30:00;0,05;13,2;154,679;202,2181;0
2026-04-01 19:45:00;0,05;11,02;142,849;190,3881;0
2026-04-01 20:00:00;0,06;12,59;158,389;205,9281;0
2026-04-01 20:15:00;0,06;10,39;139,009;186,5481;0
2026-04-01 20:30:00;0,05;10,93;141,259;188,7981;0
2026-04-01 20:45:00;0,04;10,67;129,169;176,7081;0
2026-04-01 21:00:00;0,05;10,47;136,609;184,1481;0
2026-04-01 21:15:00;0,05;9,88;123,349;170,8881;0
2026-04-01 21:30:00;0,06;9,97;121,329;168,8681;0
2026-04-01 21:45:00;0,06;8,59;109,929;157,4681;0
2026-04-01 22:00:00;0,06;9,56;124,339;171,8781;0
2026-04-01 22:15:00;0,05;9,62;117,819;165,3581;0
2026-04-01 22:30:00;0,06;10,42;112,299;159,8381;0
2026-04-01 22:45:00;0,06;14,95;110,049;157,5881;0
2026-04-01 23:00:00;0,07;12,08;116,179;163,7181;0
2026-04-01 23:15:00;0,05;12,07;110,109;157,6481;0
2026-04-01 23:30:00;0,06;11,81;107,359;154,8981;0
2026-04-01 23:45:00;0,05;13,61;105,329;152,8681;0
2026-04-02 00:00:00;0,06;13,14;107,649;155,1881;0
2026-04-02 00:15:00;0,05;10,07;105,189;152,7281;0
2026-04-02 00:30:00;0,06;12,18;104,499;152,0381;0
2026-04-02 00:45:00;0,07;11,02;102,179;149,7181;0
2026-04-02 01:00:00;0,05;11,35;100,959;148,4981;0
2026-04-02 01:15:00;0,05;10,34;96,649;144,1881;0
2026-04-02 01:30:00;0,05;11,31;96,579;144,1181;0
2026-04-02 01:45:00;0,04;10,37;94,769;142,3081;0
2026-04-02 02:00:00;0,06;11,26;95,649;143,1881;0
2026-04-02 02:15:00;0,05;10,81;94,489;142,0281;0
2026-04-02 02:30:00;0,06;11,01;97,709;145,2481;0
2026-04-02 02:45:00;0,05;13,16;97,969;145,5081;0
2026-04-02 03:00:00;0,05;11,99;99,039;146,5781;0
2026-04-02 03:15:00;0,05;19,35;103,919;151,4581;0
2026-04-02 03:30:00;0,05;20,62;110,049;157,5881;0
2026-04-02 03:45:00;0,05;21,55;125,019;172,5581;0
2026-04-02 04:00:00;0,06;23,16;120,949;168,4881;0
2026-04-02 04:15:00;0,05;21,48;135,279;182,8181;0,00096891
2026-04-02 04:30:00;0,06;17,8;144,239;191,7781;0,004763114
2026-04-02 04:45:00;0,05;14,63;149,129;196,6681;0,011085087
2026-04-02 05:00:00;0,06;15,57;154,369;201,9081;0,019291071
2026-04-02 05:15:00;0,05;9,65;157,429;204,9681;0,029770652
2026-04-02 05:30:00;0,52;7,62;152,269;199,8081;0,041924108
2026-04-02 05:45:00;0,24;9,49;138,959;186,4981;0,055766825
2026-04-02 06:00:00;2,05;7,36;187,679;235,2181;0,0890458
2026-04-02 06:15:00;4,28;4,93;164,209;211,7481;0,10581192
2026-04-02 06:30:00;5,19;2,95;144,799;192,3381;0,12372204
2026-04-02 06:45:00;9,68;-0,96;96,879;144,4181;0,14200152
2026-04-02 07:00:00;14,79;-0,41;128,319;175,8581;0,18594973
2026-04-02 07:15:00;13,34;3,96;119,559;167,0981;0,20030971
2026-04-02 07:30:00;14,75;2,12;115,059;162,5981;0,21447343
2026-04-02 07:45:00;23,89;-7,87;112,019;159,5581;0,22840157
2026-04-02 08:00:00;28,6;-14,43;113,129;160,6681;0,2952796
2026-04-02 08:15:00;22,81;-8,48;107,789;155,3281;0,30657777
2026-04-02 08:30:00;27,82;-13,66;97,139;144,6781;0,31703544
2026-04-02 08:45:00;29,48;-15,32;115,879;163,4181;0,32541594
2026-04-02 09:00:00;21,27;-1,89;118,709;166,2481;0,36295795
2026-04-02 09:15:00;29,89;-11,21;114,529;162,0681;0,37045684
2026-04-02 09:30:00;22,66;-6,52;83,809;131,3481;0,37992728
2026-04-02 09:45:00;17,91;-2,83;67,719;115,2581;0,39228263
2026-04-02 10:00:00;18,55;-3,26;100,259;147,7981;0,47254825
2026-04-02 10:15:00;21,73;-6,25;82,669;130,2081;0,4848848
2026-04-02 10:30:00;23,58;-7,63;79,269;126,8081;0,49825573
2026-04-02 10:45:00;36,89;-18,36;71,209;118,7481;0,5113697
2026-04-02 11:00:00;26,1;-0,53;86,559;134,0981;0,55549145
2026-04-02 11:15:00;26,69;-0,81;75,059;122,5981;0,5548429
2026-04-02 11:30:00;27,18;-1,14;73,029;120,5681;0,5541987
2026-04-02 11:45:00;26,42;-11,79;56,889;104,4281;0,5486155
2026-04-02 12:00:00;28,35;-14,61;70,499;118,0381;0,4918303
2026-04-02 12:15:00;31,47;-16,05;74,319;121,8581;0,48197642
2026-04-02 12:30:00;30,8;-17,55;74,539;122,0781;0,46838656
2026-04-02 12:45:00;30,45;-16,18;74,229;121,7681;0,45150697
2026-04-02 13:00:00;30,56;-16,81;79,269;126,8081;0,4180143
2026-04-02 13:15:00;33,17;-19,66;72,169;119,7081;0,39804968
2026-04-02 13:30:00;34,95;-21,41;80,849;128,3881;0,37543756
2026-04-02 13:45:00;37,14;-23,97;84,329;131,8681;0,34990662
2026-04-02 14:00:00;35,74;-21,92;70,279;117,8181;0,310521
2026-04-02 14:15:00;27;-11,54;80,249;127,7881;0,279873
2026-04-02 14:30:00;18,84;-3,69;87,569;135,1081;0,2484084
2026-04-02 14:45:00;12,45;4,27;100,749;148,2881;0,21794248
2026-04-02 15:00:00;10,37;12,83;88,199;135,7381;0,1877977
2026-04-02 15:15:00;10,23;11,07;92,669;140,2081;0,15615256
2026-04-02 15:30:00;8,89;12,63;101,139;148,6781;0,12313541
2026-04-02 15:45:00;7,96;10,87;106,799;154,3381;0,09081233
2026-04-02 16:00:00;6,94;11,07;94,539;142,0781;0,062191404
2026-04-02 16:15:00;6,03;18,6;104,719;152,2581;0,037078112
2026-04-02 16:30:00;4,74;25,67;114,209;161,7481;0,018500336
2026-04-02 16:45:00;5,63;23,69;141,189;188,7281;0,008279005
2026-04-02 17:00:00;4,99;15,24;122,069;169,6081;0,002371526
2026-04-02 17:15:00;3,21;9,03;143,839;191,3781;7,23E-06
2026-04-02 17:30:00;1,51;10,77;153,309;200,8481;0
2026-04-02 17:45:00;1,03;6,93;167,479;215,0181;0
2026-04-02 18:00:00;0,35;13,8;154,739;202,2781;0
2026-04-02 18:15:00;0,05;12,32;145,649;193,1881;0
2026-04-02 18:30:00;0,04;12,06;142,529;190,0681;0
2026-04-02 18:45:00;0,05;10,85;132,619;180,1581;0
2026-04-02 19:00:00;0,06;10,51;148,349;195,8881;0
2026-04-02 19:15:00;0,05;10,25;126,839;174,3781;0
2026-04-02 19:30:00;0,06;10,28;133,599;181,1381;0
2026-04-02 19:45:00;0,06;9,71;121,809;169,3481;0
2026-04-02 20:00:00;0,05;9,92;134,679;182,2181;0
2026-04-02 20:15:00;0,06;10,15;122,179;169,7181;0
2026-04-02 20:30:00;0,05;9,57;120,969;168,5081;0
2026-04-02 20:45:00;0,05;10,37;115,289;162,8281;0
2026-04-02 21:00:00;0,05;10,23;120,879;168,4181;0
2026-04-02 21:15:00;0,05;11,06;110,769;158,3081;0
2026-04-02 21:30:00;0,05;9,24;118,559;166,0981;0
2026-04-02 21:45:00;0,05;10,82;105,459;152,9981;0
2026-04-02 22:00:00;0,06;8,45;128,079;175,6181;0
2026-04-02 22:15:00;0,05;9,23;127,269;174,8081;0
2026-04-02 22:30:00;0,05;9,05;117,289;164,8281;0
2026-04-02 22:45:00;0,05;14,52;114,679;162,2181;0
2026-04-02 23:00:00;0,05;13,49;115,279;162,8181;0
2026-04-02 23:15:00;0,05;13,21;114,849;162,3881;0
2026-04-02 23:30:00;0,05;13,19;115,159;162,6981;0
2026-04-02 23:45:00;0,05;13,35;105,669;153,2081;0
2026-04-03 00:00:00;0,04;11,92;118,279;165,8181;0
2026-04-03 00:15:00;0,05;11,01;110,749;158,2881;0
2026-04-03 00:30:00;0,05;12,98;105,089;152,6281;0
2026-04-03 00:45:00;0,05;13,74;102,719;150,2581;0
2026-04-03 01:00:00;0,05;12,99;110,029;157,5681;0
2026-04-03 01:15:00;0,05;12,21;107,909;155,4481;0
2026-04-03 01:30:00;0,05;13,55;102,039;149,5781;0
2026-04-03 01:45:00;0,05;13,86;102,979;150,5181;0
2026-04-03 02:00:00;0,04;13,18;105,999;153,5381;0
2026-04-03 02:15:00;0,05;15,48;105,239;152,7781;0
2026-04-03 02:30:00;0,05;14,1;107,109;154,6481;0
2026-04-03 02:45:00;0,05;11,7;106,119;153,6581;0
2026-04-03 03:00:00;0,05;11,67;103,899;151,4381;0
2026-04-03 03:15:00;0,05;13,3;104,579;152,1181;0
2026-04-03 03:30:00;0,05;20,85;99,889;147,4281;0
2026-04-03 03:45:00;0,05;20,81;107,209;154,7481;0
2026-04-03 04:00:00;0,05;20,5;102,239;149,7781;0
2026-04-03 04:15:00;0,05;21,94;113,479;161,0181;0,001104752
2026-04-03 04:30:00;0,06;18,73;130,819;178,3581;0,004750703
2026-04-03 04:45:00;0,04;14,98;129,359;176,8981;0,010739109
2026-04-03 05:00:00;0,05;15,74;130,749;178,2881;0,018724669
2026-04-03 05:15:00;0,04;11,96;130,159;177,6981;0,029019617
2026-04-03 05:30:00;0,49;9,59;126,539;174,0781;0,040457822
2026-04-03 05:45:00;1,8;12,24;120,549;168,0881;0,052074626
2026-04-03 06:00:00;3,58;9,85;147,329;194,8681;0,05655722
2026-04-03 06:15:00;8,56;4,15;126,339;173,8781;0,06778393
2026-04-03 06:30:00;11,96;-1,43;118,899;166,4381;0,07826241
2026-04-03 06:45:00;11,94;-1,58;94,659;142,1981;0,08747946
2026-04-03 07:00:00;11,45;-1,19;134,199;181,7381;0,094246194
2026-04-03 07:15:00;16,09;0,15;113,199;160,7381;0,10370909
2026-04-03 07:30:00;20,58;-2,79;94,499;142,0381;0,11148239
2026-04-03 07:45:00;22,92;-4,41;75,229;122,7681;0,11715184
2026-04-03 08:00:00;26,48;-4,13;117,529;165,0681;0,13503078
2026-04-03 08:15:00;29,94;-10,02;87,659;135,1981;0,13793972
2026-04-03 08:30:00;34,92;-15,69;55,859;103,3981;0,13974102
2026-04-03 08:45:00;51,33;-30,76;46,009;93,5481;0,14063767
2026-04-03 09:00:00;58,37;-33,12;63,069;110,6081;0,1417381
2026-04-03 09:15:00;45,1;-26,22;50,929;98,4681;0,14290771
2026-04-03 09:30:00;68,72;-51,5;40,039;87,5781;0,14468971
2026-04-03 09:45:00;67,18;-50,68;21,669;69,2081;0,14740118
2026-04-03 10:00:00;75,59;-59,32;39,579;87,1181;0,13730463
2026-04-03 10:15:00;64,26;-48,57;21,959;69,4981;0,13997029
2026-04-03 10:30:00;66,45;-51,25;10,899;58,4381;0,14287387
2026-04-03 10:45:00;62,55;-46,01;-0,221;47,3181;0,1459644
2026-04-03 11:00:00;85,14;-67,77;10,209;57,7481;0,14160489
2026-04-03 11:15:00;64,29;-48,18;2,789;50,3281;0,14569856
2026-04-03 11:30:00;75,53;-59,16;-1,141;46,3981;0,14968675
2026-04-03 11:45:00;60,77;-45,31;-7,331;40,2081;0,15172379
2026-04-03 12:00:00;52,11;-39,56;-4,481;43,0581;0,16125494
2026-04-03 12:15:00;45,37;-31,76;-6,891;40,6481;0,16279016
2026-04-03 12:30:00;35,07;-19,88;-8,201;39,3381;0,16277605
2026-04-03 12:45:00;33,63;-18,84;-7,781;39,7581;0,16135933
2026-04-03 13:00:00;29,21;-15,25;-7,631;39,9081;0,18037507
2026-04-03 13:15:00;20,15;-7,8;-8,111;39,4281;0,17512827
2026-04-03 13:30:00;21,09;-8,73;-5,091;42,4481;0,16809222
2026-04-03 13:45:00;29,25;-16,53;1,269;48,8081;0,15898083
2026-04-03 14:00:00;22,31;-7,71;-6,321;41,2181;0,14267775
2026-04-03 14:15:00;24,03;-9,84;3,389;50,9281;0,1330899
2026-04-03 14:30:00;16,18;-3,57;18,609;66,1481;0,12206338
2026-04-03 14:45:00;15,79;-3,59;29,529;77,0681;0,109964244
2026-04-03 15:00:00;11,7;7,26;26,109;73,6481;0,086708024
2026-04-03 15:15:00;10,44;9,02;45,579;93,1181;0,07649043
2026-04-03 15:30:00;12,41;6,31;56,989;104,5281;0,064467296
2026-04-03 15:45:00;11,16;7,2;75,289;122,8281;0,051217165
2026-04-03 16:00:00;8,5;8,65;60,439;107,9781;0,03518373
2026-04-03 16:15:00;7;13,19;76,919;124,4581;0,023964418
2026-04-03 16:30:00;4,25;16,61;85,749;133,2881;0,013863713
2026-04-03 16:45:00;4,56;15,14;92,319;139,8581;0,006627573
2026-04-03 17:00:00;3,23;9,98;88,499;136,0381;0,001759561
2026-04-03 17:15:00;1,31;9,88;92,219;139,7581;3,76E-05
2026-04-03 17:30:00;1,05;11,47;97,349;144,8881;0
2026-04-03 17:45:00;1,09;10,43;96,969;144,5081;0
2026-04-03 18:00:00;0,2;10,24;100,479;148,0181;0
2026-04-03 18:15:00;0,04;17,92;99,519;147,0581;0
2026-04-03 18:30:00;0,05;20,94;95,629;143,1681;0
2026-04-03 18:45:00;0,04;20,08;84,229;131,7681;0
2026-04-03 19:00:00;0,03;19,85;94,209;141,7481;0
2026-04-03 19:15:00;0,04;20,88;85,079;132,6181;0
2026-04-03 19:30:00;0,04;19,67;78,459;125,9981;0
2026-04-03 19:45:00;0,04;20,31;76,519;124,0581;0
2026-04-03 20:00:00;0,05;19,57;87,929;135,4681;0
2026-04-03 20:15:00;0,04;19,75;80,159;127,6981;0
2026-04-03 20:30:00;0,04;19,59;79,439;126,9781;0
2026-04-03 20:45:00;0,05;20,65;74,719;122,2581;0
2026-04-03 21:00:00;0,06;20,35;74,569;122,1081;0
2026-04-03 21:15:00;0,05;12,17;60,759;108,2981;0
2026-04-03 21:30:00;0,05;9,94;50,839;98,3781;0
2026-04-03 21:45:00;0,05;13,85;43,389;90,9281;0
2026-04-03 22:00:00;0,04;15,28;17,029;64,5681;0
2026-04-03 22:15:00;0,05;14;11,809;59,3481;0
2026-04-03 22:30:00;0,05;14,37;2,619;50,1581;0
2026-04-03 22:45:00;0,05;14,48;0,649;48,1881;0
2026-04-03 23:00:00;0,05;12,31;13,489;61,0281;0
2026-04-03 23:15:00;0,05;13,78;8,829;56,3681;0
2026-04-03 23:30:00;0,05;19,62;7,579;55,1181;0
2026-04-03 23:45:00;0,05;19,6;2,529;50,0681;0
2026-04-04 00:00:00;0,05;18,46;17,119;64,6581;0
2026-04-04 00:15:00;0,05;17,26;20,049;67,5881;0
2026-04-04 00:30:00;0,04;17,03;17,899;65,4381;0
2026-04-04 00:45:00;0,04;16,58;14,929;62,4681;0
2026-04-04 01:00:00;0,05;15,91;17,179;64,7181;0
2026-04-04 01:15:00;0,05;17,09;18,339;65,8781;0
2026-04-04 01:30:00;0,05;13,44;21,299;68,8381;0
2026-04-04 01:45:00;0,05;13,43;24,289;71,8281;0
2026-04-04 02:00:00;0,05;11,46;17,099;64,6381;0
2026-04-04 02:15:00;0,04;9,13;23,499;71,0381;0
2026-04-04 02:30:00;0,04;12,46;22,559;70,0981;0
2026-04-04 02:45:00;0,05;9,83;26,169;73,7081;0
2026-04-04 03:00:00;0,06;8,35;17,519;65,0581;0
2026-04-04 03:15:00;0,06;11,74;22,819;70,3581;0
2026-04-04 03:30:00;0,06;11,78;26,029;73,5681;0
2026-04-04 03:45:00;0,05;11,11;49,559;97,0981;0
2026-04-04 04:00:00;0,06;16,66;23,139;70,6781;7,31E-06
2026-04-04 04:15:00;0,05;21,15;33,859;81,3981;0,001762961
2026-04-04 04:30:00;0,05;19,79;46,089;93,6281;0,00706349
2026-04-04 04:45:00;0,04;16,85;96,529;144,0681;0,015337138
2026-04-04 05:00:00;0,05;16,26;55,909;103,4481;0,027157877
2026-04-04 05:15:00;0,35;13,38;93,539;141,0781;0,041348953
2026-04-04 05:30:00;2,2;8,69;114,699;162,2381;0,056009773
2026-04-04 05:45:00;4,07;1,17;122,689;170,2281;0,07101649
2026-04-04 06:00:00;5,6;8,58;111,419;158,9581;0,082758
2026-04-04 06:15:00;8,18;2,23;64,649;112,1881;0,09812778
2026-04-04 06:30:00;11,49;-0,42;52,139;99,6781;0,11487774
2026-04-04 06:45:00;16,85;-8,36;35,579;83,1181;0,13351588
2026-04-04 07:00:00;19,59;-17,21;99,369;146,9081;0,16547367
2026-04-04 07:15:00;28,57;-17,42;51,729;99,2681;0,18548144
2026-04-04 07:30:00;44,59;-28,06;33,829;81,3681;0,20468079
2026-04-04 07:45:00;34,43;-17,87;18,619;66,1581;0,22289218
2026-04-04 08:00:00;41,57;-20,92;70,059;117,5981;0,23655808
2026-04-04 08:15:00;42,24;-24,61;38,689;86,2281;0,25586456
2026-04-04 08:30:00;45,68;-29,07;27,619;75,1581;0,2732235
2026-04-04 08:45:00;38,23;-21,83;20,739;68,2781;0,28516424
2026-04-04 09:00:00;40,22;-21,83;23,169;70,7081;0,3450177
2026-04-04 09:15:00;50,65;-30,69;18,199;65,7381;0,35231027
2026-04-04 09:30:00;27,28;-10,67;7,839;55,3781;0,35491872
2026-04-04 09:45:00;29,09;-13,45;-4,291;43,2481;0,34860614
2026-04-04 10:00:00;45,65;-30,21;6,529;54,0681;0,35398307
2026-04-04 10:15:00;44,52;-28,43;-0,681;46,8581;0,33760825
2026-04-04 10:30:00;44,47;-29,44;-6,901;40,6381;0,32046878
2026-04-04 10:45:00;43,11;-24,62;-8,911;38,6281;0,30256486
2026-04-04 11:00:00;23,48;-6,9;-9,171;38,3681;0,34210587
2026-04-04 11:15:00;50,82;-33,91;-9,201;38,3381;0,3163167
2026-04-04 11:30:00;77,45;-60,41;-9,221;38,3181;0,2915266
2026-04-04 11:45:00;38,87;-23,95;-9,251;38,2881;0,26333156
2026-04-04 12:00:00;40,28;-28,01;-9,211;38,3281;0,26599628
2026-04-04 12:15:00;26,45;-13,54;-9,211;38,3281;0,2399831
2026-04-04 12:30:00;28,18;-14,65;-9,211;38,3281;0,21449842
2026-04-04 12:45:00;37,53;-25;-9,211;38,3281;0,18981211
2026-04-04 13:00:00;38,06;-23,72;-9,261;38,2781;0,15935273
2026-04-04 13:15:00;32,82;-16,68;-9,271;38,2681;0,13902918
2026-04-04 13:30:00;34,74;-16,97;-9,281;38,2581;0,120271854
2026-04-04 13:45:00;34,34;-18,44;-9,201;38,3381;0,10290144
2026-04-04 14:00:00;32,08;-17,08;-10,091;37,4481;0,07771513
2026-04-04 14:15:00;21,93;-7,4;-7,301;40,2381;0,06618818
2026-04-04 14:30:00;35,85;-19,76;-4,691;42,8481;0,056432597
2026-04-04 14:45:00;52,48;-33,36;16,279;63,8181;0,048560694
2026-04-04 15:00:00;44,03;-21,3;0,369;47,9081;0,040045537
2026-04-04 15:15:00;32,83;-13,11;25,299;72,8381;0,0336213
2026-04-04 15:30:00;43,22;-23,8;56,469;104,0081;0,02771646
2026-04-04 15:45:00;25,87;-6,37;62,089;109,6281;0,022197463
2026-04-04 16:00:00;24,43;-4,56;34,589;82,1281;0,015236661
2026-04-04 16:15:00;20,29;-0,01;57,229;104,7681;0,010878605
2026-04-04 16:30:00;20,78;-1,31;76,559;124,0981;0,006796057
2026-04-04 16:45:00;13,21;0,14;108,489;156,0281;0,003473047
2026-04-04 17:00:00;9,57;8,48;84,289;131,8281;0,000990842
2026-04-04 17:15:00;5,4;9,67;94,769;142,3081;4,04E-05
2026-04-04 17:30:00;1,98;7,35;120,059;167,5981;0
2026-04-04 17:45:00;1,21;8,67;123,029;170,5681;0
2026-04-04 18:00:00;0,77;9,01;126,319;173,8581;0
2026-04-04 18:15:00;0,08;14,87;98,609;146,1481;0
2026-04-04 18:30:00;0,05;15,19;94,509;142,0481;0
2026-04-04 18:45:00;0,05;12,32;79,389;126,9281;0
2026-04-04 19:00:00;0,05;6,41;99,469;147,0081;0
2026-04-04 19:15:00;0,05;10,27;73,919;121,4581;0
2026-04-04 19:30:00;0,05;10,86;70,749;118,2881;0
2026-04-04 19:45:00;0,05;11,55;48,559;96,0981;0
2026-04-04 20:00:00;0,06;12,2;81,079;128,6181;0
2026-04-04 20:15:00;0,05;9,87;51,819;99,3581;0
2026-04-04 20:30:00;0,04;9,5;53,199;100,7381;0
2026-04-04 20:45:00;0,05;9,67;42,699;90,2381;0
2026-04-04 21:00:00;0,06;11,53;54,289;101,8281;0
2026-04-04 21:15:00;0,06;7,43;31,739;79,2781;0
2026-04-04 21:30:00;0,05;7,25;26,939;74,4781;0
2026-04-04 21:45:00;0,05;12,34;12,799;60,3381;0
2026-04-04 22:00:00;0,05;13,59;-6,531;41,0081;0
2026-04-04 22:15:00;0,05;10,88;-5,721;41,8181;0
2026-04-04 22:30:00;0,06;10,17;-8,601;38,9381;0
2026-04-04 22:45:00;0,05;10,22;-9,211;38,3281;0
2026-04-04 23:00:00;0,05;9,83;-6,871;40,6681;0
2026-04-04 23:15:00;0,06;9,89;-6,681;40,8581;0
2026-04-04 23:30:00;0,04;10,07;-8,631;38,9081;0
2026-04-04 23:45:00;0,05;9,78;-9,271;38,2681;0
2026-04-05 00:00:00;0,05;12,35;-9,031;38,5081;0
2026-04-05 00:15:00;0,05;12,41;-9,291;38,2481;0
2026-04-05 00:30:00;0,05;12,51;-9,371;38,1681;0
2026-04-05 00:45:00;0,05;11,93;-9,881;37,6581;0
2026-04-05 01:00:00;0,05;11,7;-9,551;37,9881;0
2026-04-05 01:15:00;0,05;11,74;-9,661;37,8781;0
2026-04-05 01:30:00;0,05;9,82;-9,281;38,2581;0
2026-04-05 01:45:00;0,05;9,61;-9,501;38,0381;0
2026-04-05 02:00:00;0,05;8,38;-9,811;37,7281;0
2026-04-05 02:15:00;0,05;9,11;-9,791;37,7481;0
2026-04-05 02:30:00;0,05;9,37;-10,091;37,4481;0
2026-04-05 02:45:00;0,05;9,08;-10,371;37,1681;0
2026-04-05 03:00:00;0,05;9,82;-10,451;37,0881;0
2026-04-05 03:15:00;0,05;17,93;-10,101;37,4381;0
2026-04-05 03:30:00;0,05;20;-9,821;37,7181;0
2026-04-05 03:45:00;0,05;19,4;-9,491;38,0481;0
2026-04-05 04:00:00;0,05;19,71;-9,391;38,1481;5,02E-05
2026-04-05 04:15:00;0,05;20,79;-9,661;37,8781;0,002093383
2026-04-05 04:30:00;0,05;20,23;-10,451;37,0881;0,007570471
2026-04-05 04:45:00;0,05;22,25;-10,431;37,1081;0,01564393
2026-04-05 05:00:00;0,05;19,94;-8,421;39,1181;0,02567544
2026-04-05 05:15:00;0,08;18,86;-9,721;37,8181;0,03901126
2026-04-05 05:30:00;0,97;12,16;-9,971;37,5681;0,05420822
2026-04-05 05:45:00;1,97;9,94;-10,951;36,5881;0,071096994
2026-04-05 06:00:00;3;11,25;-9,291;38,2481;0,09852187
2026-04-05 06:15:00;4,35;9,61;-10,071;37,4681;0,117790505
2026-04-05 06:30:00;7,32;6,5;-10,271;37,2681;0,13757147
2026-04-05 06:45:00;8,53;5,71;-13,011;34,5281;0,1573079
2026-04-05 07:00:00;13,81;-0,56;-10,781;36,7581;0,18896767
2026-04-05 07:15:00;16,14;-5,34;-14,141;33,3981;0,20856382
2026-04-05 07:30:00;20,88;-10,84;-16,051;31,4881;0,22601858
2026-04-05 07:45:00;20,39;-7,87;-21,651;25,8881;0,2401355
2026-04-05 08:00:00;22,8;-4,76;-22,851;24,6881;0,26599297
2026-04-05 08:15:00;27,26;-8,67;-26,531;21,0081;0,27641943
2026-04-05 08:30:00;31,9;-15,38;-35,651;11,8881;0,28268307
2026-04-05 08:45:00;29,86;-12,84;-44,741;2,7981;0,28225702
2026-04-05 09:00:00;24,44;-7,69;-44,361;3,1781;0,25084785
2026-04-05 09:15:00;25,61;-9,22;-51,681;-4,1419;0,25021395
2026-04-05 09:30:00;44,35;-25,83;-53,821;-6,2819;0,24761231
2026-04-05 09:45:00;48,1;-29,38;-58,801;-11,2619;0,24179903
2026-04-05 10:00:00;45,23;-26,67;-54,391;-6,8519;0,18690354
2026-04-05 10:15:00;41,5;-24,85;-59,891;-12,3519;0,18238471
2026-04-05 10:30:00;22,94;-8,77;-61,071;-13,5319;0,17820942
2026-04-05 10:45:00;30,57;-15,76;-70,861;-23,3219;0,17431892
2026-04-05 11:00:00;10,28;4,52;-70,911;-23,3719;0,20807987
2026-04-05 11:15:00;19,92;-6,7;-75,971;-28,4319;0,20378092
2026-04-05 11:30:00;114,78;-100,23;-83,231;-35,6919;0,19936436
2026-04-05 11:45:00;52,68;-38,89;-86,581;-39,0419;0,1982931
2026-04-05 12:00:00;36,17;-20,45;-96,161;-48,6219;0,22004019
2026-04-05 12:15:00;84,8;-69,79;-89,691;-42,1519;0,21541521
2026-04-05 12:30:00;122,65;-108,02;-87,001;-39,4619;0,21328834
2026-04-05 12:45:00;85,07;-71,95;-81,311;-33,7719;0,21321489
2026-04-05 13:00:00;39,33;-26,99;-78,541;-31,0019;0,19507006
2026-04-05 13:15:00;88,06;-73,85;-74,251;-26,7119;0,19413838
2026-04-05 13:30:00;85,85;-72,58;-67,181;-19,6419;0,19352378
2026-04-05 13:45:00;19,23;-3,79;-56,541;-9,0019;0,1928535
2026-04-05 14:00:00;55,35;-38,32;-58,281;-10,7419;0,18719365
2026-04-05 14:15:00;55,9;-40,56;-38,391;9,1481;0,18289085
2026-04-05 14:30:00;42,57;-28,37;-33,461;14,0781;0,17513701
2026-04-05 14:45:00;66,65;-49,37;-23,571;23,9681;0,16440666
2026-04-05 15:00:00;29,74;-8,41;-22,321;25,2181;0,16839723
2026-04-05 15:15:00;26,68;-4,14;-15,211;32,3281;0,14717668
2026-04-05 15:30:00;33,62;-15,59;-12,211;35,3281;0,120923355
2026-04-05 15:45:00;7,7;11,76;-8,541;38,9981;0,09206882
2026-04-05 16:00:00;5,63;13,59;-11,191;36,3481;0,068385355
2026-04-05 16:15:00;6,43;13,92;-8,551;38,9881;0,0428262
2026-04-05 16:30:00;9,32;11,33;-6,841;40,6981;0,02298879
2026-04-05 16:45:00;13,45;10,56;-3,571;43,9681;0,011018101
2026-04-05 17:00:00;11,97;6,41;-0,091;47,4481;0,00369092
2026-04-05 17:15:00;6,48;9,2;23,869;71,4081;0,000269047
2026-04-05 17:30:00;4,33;9,1;43,209;90,7481;0
2026-04-05 17:45:00;2,66;10,56;65,409;112,9481;0
2026-04-05 18:00:00;1,06;13,17;47,819;95,3581;0
2026-04-05 18:15:00;0,14;14,56;65,459;112,9981;0
2026-04-05 18:30:00;0,04;13,81;64,259;111,7981;0
2026-04-05 18:45:00;0,07;11,47;85,729;133,2681;0
2026-04-05 19:00:00;0,07;8,55;94,069;141,6081;0
2026-04-05 19:15:00;0,05;15,5;84,289;131,8281;0
2026-04-05 19:30:00;0,05;13,27;83,589;131,1281;0
2026-04-05 19:45:00;0,05;11,82;72,879;120,4181;0
2026-04-05 20:00:00;0,05;13,57;83,229;130,7681;0
2026-04-05 20:15:00;0,05;11,3;80,969;128,5081;0
2026-04-05 20:30:00;0,04;6,55;85,749;133,2881;0
2026-04-05 20:45:00;0,05;15,01;79,189;126,7281;0
2026-04-05 21:00:00;0,05;14,75;71,929;119,4681;0
2026-04-05 21:15:00;0,05;10,3;56,189;103,7281;0
2026-04-05 21:30:00;0,06;9,15;55,749;103,2881;0
2026-04-05 21:45:00;0,05;12,45;49,049;96,5881;0
2026-04-05 22:00:00;0,05;12,45;67,859;115,3981;0
2026-04-05 22:15:00;0,06;11,92;66,829;114,3681;0
2026-04-05 22:30:00;0,05;11,64;48,889;96,4281;0
2026-04-05 22:45:00;0,05;11,52;42,719;90,2581;0
2026-04-05 23:00:00;0,05;12,32;58,009;105,5481;0
2026-04-05 23:15:00;0,05;10,6;45,889;93,4281;0
2026-04-05 23:30:00;0,05;11,25;40,119;87,6581;0
2026-04-05 23:45:00;0,05;12,89;38,429;85,9681;0
2026-04-06 00:00:00;0,05;10,85;45,589;93,1281;0
2026-04-06 00:15:00;0,05;10,46;43,619;91,1581;0
2026-04-06 00:30:00;0,05;11,48;45,969;93,5081;0
2026-04-06 00:45:00;0,05;10,83;46,269;93,8081;0
2026-04-06 01:00:00;0,05;9,51;42,539;90,0781;0
2026-04-06 01:15:00;0,05;10,03;46,449;93,9881;0
2026-04-06 01:30:00;0,05;9,6;50,969;98,5081;0
2026-04-06 01:45:00;0,05;8,59;62,679;110,2181;0
2026-04-06 02:00:00;0,06;9,22;49,679;97,2181;0
2026-04-06 02:15:00;0,05;8,62;62,059;109,5981;0
2026-04-06 02:30:00;0,05;8,89;68,439;115,9781;0
2026-04-06 02:45:00;0,05;10,84;69,599;117,1381;0
2026-04-06 03:00:00;0,05;12,33;43,939;91,4781;0
2026-04-06 03:15:00;0,05;17,13;49,229;96,7681;0
2026-04-06 03:30:00;0,04;19,16;60,449;107,9881;0
2026-04-06 03:45:00;0,05;18,99;66,729;114,2681;0
2026-04-06 04:00:00;0,05;19,14;39,539;87,0781;0,000158793
2026-04-06 04:15:00;0,05;19,9;47,059;94,5981;0,002510428
2026-04-06 04:30:00;0,04;18,27;51,899;99,4381;0,008124122
2026-04-06 04:45:00;0,04;15,49;56,099;103,6381;0,015907196
2026-04-06 05:00:00;0,32;15,86;49,869;97,4081;0,02593437
2026-04-06 05:15:00;1,8;11,69;59,819;107,3581;0,038340893
2026-04-06 05:30:00;3,1;10,33;68,059;115,5981;0,051237054
2026-04-06 05:45:00;5,9;5,37;58,829;106,3681;0,06366356
2026-04-06 06:00:00;9,47;-2,5;104,409;151,9481;0,065673545
2026-04-06 06:15:00;13,07;-2,49;52,959;100,4981;0,07657425
2026-04-06 06:30:00;17,15;-5,9;49,319;96,8581;0,08674747
2026-04-06 06:45:00;24,78;-13,31;18,539;66,0781;0,09599054
2026-04-06 07:00:00;35,72;-26,42;45,919;93,4581;0,10624358
2026-04-06 07:15:00;38;-22,51;28,909;76,4481;0,1122574
2026-04-06 07:30:00;38,61;-19,26;2,609;50,1481;0,11845747
2026-04-06 07:45:00;55,88;-36,18;-5,351;42,1881;0,12504561
2026-04-06 08:00:00;61,19;-30,18;-5,441;42,0981;0,15252124
2026-04-06 08:15:00;68,09;-36,45;-18,851;28,6881;0,15752126
2026-04-06 08:30:00;64,69;-34,36;-25,471;22,0681;0,16088687
2026-04-06 08:45:00;62;-37,06;-35,991;11,5481;0,16302471
2026-04-06 09:00:00;89,11;-74,69;-36,131;11,4081;0,18774569
2026-04-06 09:15:00;99,61;-82,84;-44,831;2,7081;0,18955608
2026-04-06 09:30:00;101,17;-83,78;-52,251;-4,7119;0,19284567
2026-04-06 09:45:00;98,38;-79,75;-59,261;-11,7219;0,19891901
2026-04-06 10:00:00;96,59;-79,52;-50,621;-3,0819;0,22029981
2026-04-06 10:15:00;115,98;-98,02;-73,521;-25,9819;0,22898191
2026-04-06 10:30:00;109,55;-91,24;-76,621;-29,0819;0,23888396
2026-04-06 10:45:00;118,02;-101,43;-83,561;-36,0219;0,24960938
2026-04-06 11:00:00;109,01;-92,61;-97,081;-49,5419;0,29151982
2026-04-06 11:15:00;101,58;-83,49;-105,251;-57,7119;0,29918474
2026-04-06 11:30:00;98,3;-76,89;-119,391;-71,8519;0,3071011
2026-04-06 11:45:00;87,86;-68,67;-126,911;-79,3719;0,31423292
2026-04-06 12:00:00;96,32;-72,74;-118,961;-71,4219;0,3627913
2026-04-06 12:15:00;82,08;-58,27;-111,151;-63,6119;0,36290598
2026-04-06 12:30:00;77,33;-57,95;-107,651;-60,1119;0,3579144
2026-04-06 12:45:00;71,13;-49,39;-95,241;-47,7019;0,3473055
2026-04-06 13:00:00;97,82;-81,59;-103,641;-56,1019;0,37995604
2026-04-06 13:15:00;101,51;-87,61;-85,431;-37,8919;0,36137357
2026-04-06 13:30:00;94,05;-79,28;-73,681;-26,1419;0,33961558
2026-04-06 13:45:00;92,38;-77,89;-57,491;-9,9519;0,31414554
2026-04-06 14:00:00;90,01;-75,9;-51,621;-4,0819;0,299215
2026-04-06 14:15:00;85,58;-73,25;-32,601;14,9381;0,26981106
2026-04-06 14:30:00;76,64;-63,69;-19,981;27,5581;0,23799013
2026-04-06 14:45:00;70,41;-46,88;-13,491;34,0481;0,2052
2026-04-06 15:00:00;62,32;-35,89;-18,231;29,3081;0,1698183
2026-04-06 15:15:00;55,38;-36,93;-7,361;40,1781;0,14042346
2026-04-06 15:30:00;45,93;-26,61;7,169;54,7081;0,11210371
2026-04-06 15:45:00;36,89;-17,92;57,409;104,9481;0,08557123
2026-04-06 16:00:00;30,81;-11,32;5,219;52,7581;0,06239117
2026-04-06 16:15:00;23,45;0,33;25,269;72,8081;0,040662263
2026-04-06 16:30:00;17,42;7,88;95,749;143,2881;0,022860773
2026-04-06 16:45:00;12,41;4,34;210,749;258,2881;0,011426136
2026-04-06 17:00:00;8,62;11,9;102,839;150,3781;0,004408805
2026-04-06 17:15:00;5,82;3,27;182,539;230,0781;0,000456488
2026-04-06 17:30:00;3,82;11,16;116,069;163,6081;0
2026-04-06 17:45:00;2,64;13,26;136,279;183,8181;0
2026-04-06 18:00:00;1,49;11,64;121,569;169,1081;0
2026-04-06 18:15:00;0,5;11,39;114,369;161,9081;0
2026-04-06 18:30:00;0,05;11,64;118,039;165,5781;0
2026-04-06 18:45:00;0,05;11,13;110,749;158,2881;0
2026-04-06 19:00:00;0,05;11,87;111,139;158,6781;0
2026-04-06 19:15:00;0,05;16,24;103,279;150,8181;0
2026-04-06 19:30:00;0,05;13,51;97,529;145,0681;0
2026-04-06 19:45:00;0,05;13,13;90,799;138,3381;0
2026-04-06 20:00:00;0,05;9,91;104,649;152,1881;0
2026-04-06 20:15:00;0,05;11,64;99,999;147,5381;0
2026-04-06 20:30:00;0,05;12,16;95,869;143,4081;0
2026-04-06 20:45:00;0,05;13,02;89,819;137,3581;0
2026-04-06 21:00:00;0,06;11,38;98,969;146,5081;0
2026-04-06 21:15:00;0,05;10,23;94,299;141,8381;0
2026-04-06 21:30:00;0,06;9,87;90,169;137,7081;0
2026-04-06 21:45:00;0,05;14,24;85,209;132,7481;0
2026-04-06 22:00:00;0,05;14,53;104,559;152,0981;0
2026-04-06 22:15:00;0,05;16,21;101,939;149,4781;0
2026-04-06 22:30:00;0,05;14,44;97,349;144,8881;0
2026-04-06 22:45:00;0,06;12,92;87,149;134,6881;0
2026-04-06 23:00:00;0,05;16,78;88,589;136,1281;0
2026-04-06 23:15:00;0,05;17,74;86,119;133,6581;0
2026-04-06 23:30:00;0,05;15,53;85,019;132,5581;0
2026-04-06 23:45:00;0,04;17,2;82,419;129,9581;0
2026-04-07 00:00:00;0,06;15,81;85,889;133,4281;0
2026-04-07 00:15:00;0,05;16,49;85,419;132,9581;0
2026-04-07 00:30:00;0,04;16,9;84,709;132,2481;0
2026-04-07 00:45:00;0,04;15,29;84,189;131,7281;0
2026-04-07 01:00:00;0,05;15,42;89,519;137,0581;0
2026-04-07 01:15:00;0,05;13,39;88,379;135,9181;0
2026-04-07 01:30:00;0,06;13,26;88,169;135,7081;0
2026-04-07 01:45:00;0,05;12,32;85,839;133,3781;0
2026-04-07 02:00:00;0,05;12,68;93,819;141,3581;0
2026-04-07 02:15:00;0,05;11,56;93,389;140,9281;0
2026-04-07 02:30:00;0,05;11,43;93,569;141,1081;0
2026-04-07 02:45:00;0,05;10,91;96,409;143,9481;0
2026-04-07 03:00:00;0,05;12,09;90,689;138,2281;0
2026-04-07 03:15:00;0,05;12,97;91,499;139,0381;0
2026-04-07 03:30:00;0,05;13,24;104,409;151,9481;0
2026-04-07 03:45:00;0,05;12,52;109,299;156,8381;0
2026-04-07 04:00:00;0,05;20,83;95,069;142,6081;0,000614771
2026-04-07 04:15:00;0,05;21,2;108,019;155,5581;0,005245869
2026-04-07 04:30:00;0,06;19,13;115,059;162,5981;0,014126214
2026-04-07 04:45:00;0,05;17,05;130,199;177,7381;0,027139429
2026-04-07 05:00:00;0,34;16,24;140,749;188,2881;0,050530817
2026-04-07 05:15:00;1,93;7,64;195,599;243,1381;0,07492333
2026-04-07 05:30:00;3,99;-0,88;159,979;207,5181;0,10258522
2026-04-07 05:45:00;7,05;0,83;119,389;166,9281;0,13259508
2026-04-07 06:00:00;12,61;-9,52;281,369;328,9081;0,16971111
2026-04-07 06:15:00;19,52;-10,51;156,489;204,0281;0,20283979
2026-04-07 06:30:00;26,99;-13,19;105,889;153,4281;0,23776841
2026-04-07 06:45:00;36,14;-21,75;63,739;111,2781;0,27356488
2026-04-07 07:00:00;45,27;-30,76;211,879;259,4181;0,30839768
2026-04-07 07:15:00;53,83;-38,59;151,029;198,5681;0,34371328
2026-04-07 07:30:00;62,47;-40,09;110,399;157,9381;0,37733465
2026-04-07 07:45:00;70,6;-45,65;70,999;118,5381;0,40886697
2026-04-07 08:00:00;78,66;-51,22;146,739;194,2781;0,43914887
2026-04-07 08:15:00;85,21;-52,98;55,619;103,1581;0,46458367
2026-04-07 08:30:00;90,22;-61,61;-5,741;41,7981;0,4864362
2026-04-07 08:45:00;95,13;-67,03;-9,261;38,2781;0,50219965
2026-04-07 09:00:00;100,81;-76,39;-8,191;39,3481;0,5518474
2026-04-07 09:15:00;105,23;-77,05;-9,251;38,2881;0,5623912
2026-04-07 09:30:00;108,28;-80,42;-9,341;38,1981;0,5708699
2026-04-07 09:45:00;111,59;-84,77;-10,251;37,2881;0,5776654
2026-04-07 10:00:00;113,81;-89,87;-9,451;38,0881;0,6177774
2026-04-07 10:15:00;116,02;-93,52;-11,241;36,2981;0,61596566
2026-04-07 10:30:00;117,92;-92,5;-13,991;33,5481;0,6109232
2026-04-07 10:45:00;118,64;-94,72;-14,361;33,1781;0,60233873
2026-04-07 11:00:00;118,98;-95,33;-15,161;32,3781;0,61262274
2026-04-07 11:15:00;118,68;-94,6;-18,751;28,7881;0,5975283
2026-04-07 11:30:00;118,67;-102,51;-22,991;24,5481;0,58295256
2026-04-07 11:45:00;117,34;-101,03;-23,931;23,6081;0,5689829
2026-04-07 12:00:00;115,89;-102,16;-23,901;23,6381;0,54562104
2026-04-07 12:15:00;114,21;-100,79;-23,491;24,0481;0,52216095
2026-04-07 12:30:00;111,82;-99,38;-19,091;28,4481;0,50026715
2026-04-07 12:45:00;109,85;-94,49;-14,321;33,2181;0,48011592
2026-04-07 13:00:00;106,82;-83,49;-20,441;27,0981;0,4771754
2026-04-07 13:15:00;103,11;-82,83;-13,471;34,0681;0,45177823
2026-04-07 13:30:00;98,88;-80,32;-9,491;38,0481;0,42581767
2026-04-07 13:45:00;94,15;-84,87;-9,261;38,2781;0,39919755
2026-04-07 14:00:00;89,2;-76,74;-10,471;37,0681;0,3919194
2026-04-07 14:15:00;84,05;-70,8;-9,261;38,2781;0,350569
2026-04-07 14:30:00;77,96;-61,88;-9,241;38,2981;0,30743065
2026-04-07 14:45:00;70,63;-57,63;3,969;51,5081;0,26526982
2026-04-07 15:00:00;63,04;-46,49;0,089;47,6281;0,23335494
2026-04-07 15:15:00;55,22;-36,62;46,399;93,9381;0,1902062
2026-04-07 15:30:00;46,36;-28,32;72,849;120,3881;0,14864475
2026-04-07 15:45:00;37,62;-18,04;112,559;160,0981;0,10993705
2026-04-07 16:00:00;30,59;-12,14;73,469;121,0081;0,081006095
2026-04-07 16:15:00;23,56;-5,38;105,129;152,6681;0,04953802
2026-04-07 16:30:00;17,38;1,47;120,379;167,9181;0,026033064
2026-04-07 16:45:00;12,19;4,53;171,459;218,9981;0,012796279
2026-04-07 17:00:00;8;17,24;110,749;158,2881;0,005748346
2026-04-07 17:15:00;5,14;9,76;140,279;187,8181;0,000835194
2026-04-07 17:30:00;3,35;4,17;178,719;226,2581;0
2026-04-07 17:45:00;2,34;6,32;191,859;239,3981;0
2026-04-07 18:00:00;1,45;8,06;186,859;234,3981;0
2026-04-07 18:15:00;0,52;8,01;177,829;225,3681;0
2026-04-07 18:30:00;0,05;12,35;145,569;193,1081;0
2026-04-07 18:45:00;0,05;14,82;125,049;172,5881;0
2026-04-07 19:00:00;0,05;12,99;152,729;200,2681;0
2026-04-07 19:15:00;0,05;10,7;134,529;182,0681;0
2026-04-07 19:30:00;0,05;10,33;125,459;172,9981;0
2026-04-07 19:45:00;0,06;12,92;107,829;155,3681;0
2026-04-07 20:00:00;0,05;11,39;118,829;166,3681;0
2026-04-07 20:15:00;0,06;11,66;112,759;160,2981;0
2026-04-07 20:30:00;0,05;11,02;114,219;161,7581;0
2026-04-07 20:45:00;0,06;11,35;105,449;152,9881;0
2026-04-07 21:00:00;0,06;11,69;109,859;157,3981;0
2026-04-07 21:15:00;0,05;9,06;100,559;148,0981;0
2026-04-07 21:30:00;0,05;8,33;98,089;145,6281;0
2026-04-07 21:45:00;0,05;12,8;95,609;143,1481;0
2026-04-07 22:00:00;0,05;13,88;99,839;147,3781;0
2026-04-07 22:15:00;0,05;14,39;92,329;139,8681;0
2026-04-07 22:30:00;0,05;13,74;86,069;133,6081;0
2026-04-07 22:45:00;0,05;13,36;79,859;127,3981;0
2026-04-07 23:00:00;0,06;13,09;86,139;133,6781;0
2026-04-07 23:15:00;0,05;11,43;85,289;132,8281;0
2026-04-07 23:30:00;0,05;10,82;84,469;132,0081;0
2026-04-07 23:45:00;0,05;13,43;82,909;130,4481;0
2026-04-08 00:00:00;0,06;14,15;85,389;132,9281;0
2026-04-08 00:15:00;0,05;12,05;83,309;130,8481;0
2026-04-08 00:30:00;0,05;11,55;82,969;130,5081;0
2026-04-08 00:45:00;0,05;11,4;82,619;130,1581;0
2026-04-08 01:00:00;0,06;11,49;83,779;131,3181;0
2026-04-08 01:15:00;0,06;11,15;86,149;133,6881;0
2026-04-08 01:30:00;0,04;11,68;86,229;133,7681;0
2026-04-08 01:45:00;0,05;9,77;87,029;134,5681;0
2026-04-08 02:00:00;0,05;9,18;84,989;132,5281;0
2026-04-08 02:15:00;0,05;8,72;86,969;134,5081;0
2026-04-08 02:30:00;0,05;9,03;91,409;138,9481;0
2026-04-08 02:45:00;0,06;9,74;96,689;144,2281;0
2026-04-08 03:00:00;0,05;10,71;88,179;135,7181;0
2026-04-08 03:15:00;0,05;15,55;94,409;141,9481;0
2026-04-08 03:30:00;0,05;19,63;100,659;148,1981;0
2026-04-08 03:45:00;0,06;21,06;118,369;165,9081;0
2026-04-08 04:00:00;0,05;21,82;95,719;143,2581;0,001215431
2026-04-08 04:15:00;0,05;20,88;109,469;157,0081;0,006499298
2026-04-08 04:30:00;0,05;18,06;126,439;173,9781;0,014770142
2026-04-08 04:45:00;0,05;17,52;131,829;179,3681;0,028452875
2026-04-08 05:00:00;0,26;16,46;170,759;218,2981;0,052778825
2026-04-08 05:15:00;1,7;10,94;169,089;216,6281;0,084022224
2026-04-08 05:30:00;3,45;6,53;154,799;202,3381;0,11976242
2026-04-08 05:45:00;6,66;1,84;125,239;172,7781;0,15831396
2026-04-08 06:00:00;12,22;-8,67;175,609;223,1481;0,2287474
2026-04-08 06:15:00;19,57;-8,23;144,679;192,2181;0,26849726
2026-04-08 06:30:00;27,72;-11,77;140,749;188,2881;0,30987808
2026-04-08 06:45:00;36,72;-18,19;90,569;138,1081;0,35104164
2026-04-08 07:00:00;45,73;-35,65;172,649;220,1881;0,39148894
2026-04-08 07:15:00;54,82;-44,2;134,529;182,0681;0,42717957
2026-04-08 07:30:00;63,14;-49,44;112,659;160,1981;0,46055505
2026-04-08 07:45:00;71,49;-57,06;86,019;133,5581;0,49087408
2026-04-08 08:00:00;78,77;-48,26;92,629;140,1681;0,51657534
2026-04-08 08:15:00;85,02;-56,15;66,129;113,6681;0,5393519
2026-04-08 08:30:00;90,25;-66,66;16,879;64,4181;0,559018
2026-04-08 08:45:00;94,93;-76,3;-9,251;38,2881;0,57365644
2026-04-08 09:00:00;99,42;-87,26;-3,351;44,1881;0,6090548
2026-04-08 09:15:00;103,16;-87,08;-9,261;38,2781;0,62023467
2026-04-08 09:30:00;105,82;-90,34;-10,341;37,1981;0,6300774
2026-04-08 09:45:00;107,99;-92,76;-14,251;33,2881;0,63876516
2026-04-08 10:00:00;110,32;-94,47;-14,551;32,9881;0,6737989
2026-04-08 10:15:00;112,63;-97,47;-25,881;21,6581;0,6773707
2026-04-08 10:30:00;113,97;-98,6;-28,271;19,2681;0,67756855
2026-04-08 10:45:00;114,51;-98,92;-34,991;12,5481;0,674956
2026-04-08 11:00:00;114,67;-101,14;-34,511;13,0281;0,68190706
2026-04-08 11:15:00;115,1;-99,98;-38,541;8,9981;0,6726371
2026-04-08 11:30:00;113,93;-98,97;-41,061;6,4781;0,6636391
2026-04-08 11:45:00;113,78;-98,52;-47,101;0,4381;0,64949805
2026-04-08 12:00:00;113,75;-98,33;-41,461;6,0781;0,6443479
2026-04-08 12:15:00;111,97;-99,55;-40,501;7,0381;0,6252027
2026-04-08 12:30:00;109,77;-97,04;-37,641;9,8981;0,604295
2026-04-08 12:45:00;105,58;-93,29;-29,961;17,5781;0,5814378
2026-04-08 13:00:00;99,44;-80,88;-30,771;16,7681;0,5621053
2026-04-08 13:15:00;103,94;-90,32;-26,251;21,2881;0,5327619
2026-04-08 13:30:00;100,48;-87,94;-19,001;28,5381;0,50066996
2026-04-08 13:45:00;92,35;-79,28;-10,271;37,2681;0,46567008
2026-04-08 14:00:00;87,3;-71,87;-14,951;32,5881;0,4205127
2026-04-08 14:15:00;85,25;-71,35;-9,261;38,2781;0,37740698
2026-04-08 14:30:00;76,5;-61,81;-7,891;39,6481;0,33043918
2026-04-08 14:45:00;70,5;-59,69;48,019;95,5581;0,28396583
2026-04-08 15:00:00;58,86;-46,64;17,059;64,5981;0,2420123
2026-04-08 15:15:00;52,2;-34,35;67,799;115,3381;0,19783695
2026-04-08 15:30:00;41,93;-23,36;110,749;158,2881;0,1550263
2026-04-08 15:45:00;36,38;-23,08;186,979;234,5181;0,114333525
2026-04-08 16:00:00;28,98;-8,38;92,179;139,7181;0,08239171
2026-04-08 16:15:00;24,28;-4,9;110,749;158,2881;0,05003276
2026-04-08 16:30:00;18,76;2,35;120,109;167,6481;0,02593743
2026-04-08 16:45:00;13,26;14,83;153,319;200,8581;0,012900497
2026-04-08 17:00:00;9,58;10,38;133,839;181,3781;0,006629104
2026-04-08 17:15:00;6,37;9,67;156,479;204,0181;0,001245523
2026-04-08 17:30:00;4,15;10,85;171,549;219,0881;0
2026-04-08 17:45:00;2,73;6,42;175,269;222,8081;0
2026-04-08 18:00:00;1,79;6,49;190,539;238,0781;0
2026-04-08 18:15:00;0,61;11,91;153,789;201,3281;0
2026-04-08 18:30:00;0,05;12,02;132,859;180,3981;0
2026-04-08 18:45:00;0,07;9,7;126,249;173,7881;0
2026-04-08 19:00:00;0,06;9,33;145,699;193,2381;0
2026-04-08 19:15:00;0,05;10,24;133,449;180,9881;0
2026-04-08 19:30:00;0,05;9,4;126,469;174,0081;0
2026-04-08 19:45:00;0,06;8,77;107,799;155,3381;0
2026-04-08 20:00:00;0,07;7,74;118,149;165,6881;0
2026-04-08 20:15:00;0,07;8,08;112,299;159,8381;0
2026-04-08 20:30:00;0,06;8,47;112,639;160,1781;0
2026-04-08 20:45:00;0,05;7,94;104,729;152,2681;0
2026-04-08 21:00:00;0,05;8,28;107,179;154,7181;0
2026-04-08 21:15:00;0,06;7,86;102,359;149,8981;0
2026-04-08 21:30:00;0,06;7,99;97,709;145,2481;0
2026-04-08 21:45:00;0,06;13,3;90,509;138,0481;0
2026-04-08 22:00:00;0,06;14,5;100,179;147,7181;0
2026-04-08 22:15:00;0,06;12,6;95,889;143,4281;0
2026-04-08 22:30:00;0,06;12,03;92,849;140,3881;0
2026-04-08 22:45:00;0,06;11,2;91,269;138,8081;0
2026-04-08 23:00:00;0,06;11,35;92,369;139,9081;0
2026-04-08 23:15:00;0,06;11,71;90,989;138,5281;0
2026-04-08 23:30:00;0,06;11,61;90,369;137,9081;0
2026-04-08 23:45:00;0,06;11,76;89,369;136,9081;0
2026-04-09 00:00:00;0,06;11,55;89,399;136,9381;0
2026-04-09 00:15:00;0,06;11,66;88,989;136,5281;0
2026-04-09 00:30:00;0,06;13,02;89,069;136,6081;0
2026-04-09 00:45:00;0,06;14,12;88,359;135,8981;0
2026-04-09 01:00:00;0,05;12,27;88,229;135,7681;0
2026-04-09 01:15:00;0,05;11,6;89,579;137,1181;0
2026-04-09 01:30:00;0,05;11,8;89,019;136,5581;0
2026-04-09 01:45:00;0,06;10,04;89,409;136,9481;0
2026-04-09 02:00:00;0,04;8,72;84,899;132,4381;0
2026-04-09 02:15:00;0,05;8,64;86,469;134,0081;0
2026-04-09 02:30:00;0,05;10,3;89,609;137,1481;0
2026-04-09 02:45:00;0,05;11,11;96,269;143,8081;0
2026-04-09 03:00:00;0,06;12,19;90,749;138,2881;0
2026-04-09 03:15:00;0,05;15,13;96,189;143,7281;0
2026-04-09 03:30:00;0,05;18,24;104,439;151,9781;0
2026-04-09 03:45:00;0,04;18,04;112,139;159,6781;0
2026-04-09 04:00:00;0,06;19,73;105,869;153,4081;0,001786933
2026-04-09 04:15:00;0,05;17,49;116,499;164,0381;0,007410998
2026-04-09 04:30:00;0,05;17,58;127,139;174,6781;0,015420105
2026-04-09 04:45:00;0,05;15,01;134,429;181,9681;0,029445076
2026-04-09 05:00:00;0,3;13,87;143,349;190,8881;0,055789944
2026-04-09 05:15:00;1,88;11,32;142,519;190,0581;0,08810052
2026-04-09 05:30:00;3,94;7,04;136,369;183,9081;0,12605225
2026-04-09 05:45:00;7,29;2,51;119,679;167,2181;0,16711976
2026-04-09 06:00:00;10,73;-2,05;149,499;197,0381;0,24409133
2026-04-09 06:15:00;18,01;-9,46;126,549;174,0881;0,28454846
2026-04-09 06:30:00;24,34;-14,16;114,809;162,3481;0,32640713
2026-04-09 06:45:00;33,73;-17,17;103,669;151,2081;0,36762202
2026-04-09 07:00:00;41,48;-28,41;163,859;211,3981;0,3991171
2026-04-09 07:15:00;47,91;-30,18;131,639;179,1781;0,4356488
2026-04-09 07:30:00;52,72;-38,13;106,259;153,7981;0,469092
2026-04-09 07:45:00;60,03;-46,52;81,949;129,4881;0,49862263
2026-04-09 08:00:00;71,32;-52,89;75,499;123,0381;0,5216878
2026-04-09 08:15:00;78,88;-56,65;61,239;108,7781;0,5447472
2026-04-09 08:30:00;83,38;-58,26;34,069;81,6081;0,56551516
2026-04-09 08:45:00;86,21;-61,86;-0,731;46,8081;0,5829627
2026-04-09 09:00:00;92,3;-78,3;-4,831;42,7081;0,6087301
2026-04-09 09:15:00;95,2;-82,08;-9,241;38,2981;0,6239221
2026-04-09 09:30:00;99,59;-83,76;-9,251;38,2881;0,63728786
2026-04-09 09:45:00;102,84;-86,21;-9,261;38,2781;0,64835036
2026-04-09 10:00:00;104,36;-90,13;-9,261;38,2781;0,67133015
2026-04-09 10:15:00;105,75;-90,85;-9,351;38,1881;0,67398643
2026-04-09 10:30:00;107,31;-93,35;-10,301;37,2381;0,6742867
2026-04-09 10:45:00;96,13;-81,1;-12,141;35,3981;0,6718453
2026-04-09 11:00:00;97,23;-82,33;-12,211;35,3281;0,67343026
2026-04-09 11:15:00;65,08;-50,93;-14,321;33,2181;0,6640797
2026-04-09 11:30:00;63,86;-50,33;-18,921;28,6181;0,6548913
2026-04-09 11:45:00;85,79;-71,16;-22,201;25,3381;0,6397018
2026-04-09 12:00:00;81,25;-63,74;-19,201;28,3381;0,6322695
2026-04-09 12:15:00;73,96;-52,08;-19,001;28,5381;0,612729
2026-04-09 12:30:00;64,01;-42,98;-16,221;31,3181;0,5916108
2026-04-09 12:45:00;62,74;-41,59;-14,261;33,2781;0,5689465
2026-04-09 13:00:00;78,22;-55,47;-12,061;35,4781;0,54768914
2026-04-09 13:15:00;61,56;-40,81;-10,321;37,2181;0,51917475
2026-04-09 13:30:00;45,04;-30,41;-10,091;37,4481;0,48743528
2026-04-09 13:45:00;61,62;-50,4;-9,451;38,0881;0,45232138
2026-04-09 14:00:00;54,41;-41,19;-9,281;38,2581;0,41191286
2026-04-09 14:15:00;52,27;-32,93;-6,451;41,0881;0,37097654
2026-04-09 14:30:00;42,26;-26,16;17,179;64,7181;0,3261067
2026-04-09 14:45:00;45,08;-27,59;46,759;94,2981;0,2809445
2026-04-09 15:00:00;50,67;-29,81;12,329;59,8681;0,23920257
2026-04-09 15:15:00;37,03;-9,74;52,489;100,0281;0,19626756
2026-04-09 15:30:00;25,5;2,87;74,819;122,3581;0,15380195
2026-04-09 15:45:00;28,68;-5,62;94,949;142,4881;0,11334277
2026-04-09 16:00:00;20,29;-0,29;69,959;117,4981;0,08116004
2026-04-09 16:15:00;12,84;5,9;89,569;137,1081;0,049956508
2026-04-09 16:30:00;7,73;10,6;104,429;151,9681;0,02645691
2026-04-09 16:45:00;7,75;9,48;112,669;160,2081;0,013482456
2026-04-09 17:00:00;7,08;14,6;100,749;148,2881;0,00736926
2026-04-09 17:15:00;4,47;17,77;107,569;155,1081;0,001638426
2026-04-09 17:30:00;1,96;16,93;119,859;167,3981;0
2026-04-09 17:45:00;0,85;13,39;123,379;170,9181;0
2026-04-09 18:00:00;0,53;12,08;128,209;175,7481;0
2026-04-09 18:15:00;0,05;10,37;112,489;160,0281;0
2026-04-09 18:30:00;0,05;10,49;104,539;152,0781;0
2026-04-09 18:45:00;0,05;10,97;93,719;141,2581;0
2026-04-09 19:00:00;0,05;9,61;113,129;160,6681;0
2026-04-09 19:15:00;0,06;9,48;102,859;150,3981;0
2026-04-09 19:30:00;0,05;8,46;86,769;134,3081;0
2026-04-09 19:45:00;0,06;10,06;65,789;113,3281;0
2026-04-09 20:00:00;0,05;6,72;90,719;138,2581;0
2026-04-09 20:15:00;0,06;7,73;81,199;128,7381;0
2026-04-09 20:30:00;0,05;7,52;83,299;130,8381;0
2026-04-09 20:45:00;0,06;8,22;75,329;122,8681;0
2026-04-09 21:00:00;0,06;6,44;78,619;126,1581;0
2026-04-09 21:15:00;0,06;7,78;73,469;121,0081;0
2026-04-09 21:30:00;0,06;7,14;68,899;116,4381;0
2026-04-09 21:45:00;0,05;12,46;58,759;106,2981;0
2026-04-09 22:00:00;0,06;12,1;67,669;115,2081;0
2026-04-09 22:15:00;0,06;11,89;67,899;115,4381;0
2026-04-09 22:30:00;0,05;10,31;59,299;106,8381;0
2026-04-09 22:45:00;0,05;10,75;57,369;104,9081;0
2026-04-09 23:00:00;0,05;10,77;61,709;109,2481;0
2026-04-09 23:15:00;0,05;11,11;58,809;106,3481;0
2026-04-09 23:30:00;0,05;16,99;60,829;108,3681;0
2026-04-09 23:45:00;0,04;16,02;57,729;105,2681;0
2026-04-10 00:00:00;0,05;15,73;63,889;111,4281;0
2026-04-10 00:15:00;0,05;15,59;58,509;106,0481;0
2026-04-10 00:30:00;0,05;15,6;58,189;105,7281;0
2026-04-10 00:45:00;0,05;15,94;56,429;103,9681;0
2026-04-10 01:00:00;0,05;16,13;57,199;104,7381;0
2026-04-10 01:15:00;0,05;15,78;58,389;105,9281;0
2026-04-10 01:30:00;0,05;14,84;59,339;106,8781;0
2026-04-10 01:45:00;0,05;11,53;57,649;105,1881;0
2026-04-10 02:00:00;0,04;10,69;57,659;105,1981;0
2026-04-10 02:15:00;0,05;10,93;59,649;107,1881;0
2026-04-10 02:30:00;0,04;10,84;59,329;106,8681;0
2026-04-10 02:45:00;0,04;10,75;62,159;109,6981;0
2026-04-10 03:00:00;0,05;9,94;56,849;104,3881;0
2026-04-10 03:15:00;0,05;12,48;64,919;112,4581;0
2026-04-10 03:30:00;0,05;12,18;64,809;112,3481;0
2026-04-10 03:45:00;0,05;10,97;77,559;125,0981;8,50E-08
2026-04-10 04:00:00;0,05;16,99;68,119;115,6581;0,002287624
2026-04-10 04:15:00;0,05;18,32;95,479;143,0181;0,008572109
2026-04-10 04:30:00;0,06;17,77;98,159;145,6981;0,017315678
2026-04-10 04:45:00;0,05;16,11;104,989;152,5281;0,03163494
2026-04-10 05:00:00;0,33;13,4;108,069;155,6081;0,061026208
2026-04-10 05:15:00;1,09;13,02;111,809;159,3481;0,08994679
2026-04-10 05:30:00;2,26;11,06;110,659;158,1981;0,123363145
2026-04-10 05:45:00;4,6;2,72;111,479;159,0181;0,15918945
2026-04-10 06:00:00;7,9;0,74;120,419;167,9581;0,21397877
2026-04-10 06:15:00;11,83;-1,4;119,109;166,6481;0,24943316
2026-04-10 06:30:00;16,72;-4,7;115,109;162,6481;0,286599
2026-04-10 06:45:00;19,45;-3,2;124,099;171,6381;0,32432446
2026-04-10 07:00:00;21,38;-10,22;153,959;201,4981;0,36153126
2026-04-10 07:15:00;22,24;-6,93;139,859;187,3981;0,39581028
2026-04-10 07:30:00;24,22;-11,84;145,749;193,2881;0,428105
2026-04-10 07:45:00;32,97;-20,4;116,109;163,6481;0,45757645
2026-04-10 08:00:00;44,64;-31,84;186,899;234,4381;0,48455137
2026-04-10 08:15:00;43,74;-25,36;103,829;151,3681;0,5068188
2026-04-10 08:30:00;40,72;-26,72;157,719;205,2581;0,52625686
2026-04-10 08:45:00;43;-24,41;114,549;162,0881;0,5406304
2026-04-10 09:00:00;51,11;-26,48;139,989;187,5281;0,5597613
2026-04-10 09:15:00;52,45;-28,78;99,789;147,3281;0,57100755
2026-04-10 09:30:00;46,42;-23,84;93,559;141,0981;0,5799438
2026-04-10 09:45:00;66,72;-43,6;92,399;139,9381;0,58631915
2026-04-10 10:00:00;68,04;-45,89;94,889;142,4281;0,61883384
2026-04-10 10:15:00;70,8;-53,89;81,439;128,9781;0,6152531
2026-04-10 10:30:00;57,94;-41,01;124,569;172,1081;0,60849303
2026-04-10 10:45:00;82,78;-71,68;150,099;197,6381;0,5987745
2026-04-10 11:00:00;67,29;-50,58;92,359;139,8981;0,58519435
2026-04-10 11:15:00;47,85;-31,11;94,179;141,7181;0,5663854
2026-04-10 11:30:00;68,1;-47,26;90,079;137,6181;0,5479963
2026-04-10 11:45:00;41,82;-27,17;81,429;128,9681;0,5239937
2026-04-10 12:00:00;56,08;-38,92;94,939;142,4781;0,4958375
2026-04-10 12:15:00;61,56;-49,62;103,329;150,8681;0,46933395
2026-04-10 12:30:00;48,74;-37,16;97,989;145,5281;0,44199002
2026-04-10 12:45:00;59,71;-48,85;103,919;151,4581;0,4136489
2026-04-10 13:00:00;41,09;-29,77;62,999;110,5381;0,36557266
2026-04-10 13:15:00;43,91;-31,32;69,279;116,8181;0,33987936
2026-04-10 13:30:00;50,62;-38,86;71,859;119,3981;0,31223023
2026-04-10 13:45:00;46,94;-32,34;72,919;120,4581;0,2835284
2026-04-10 14:00:00;40,76;-29,32;74,559;122,0981;0,24801211
2026-04-10 14:15:00;48,45;-37,08;82,919;130,4581;0,21991295
2026-04-10 14:30:00;27,48;-16,32;90,729;138,2681;0,1915728
2026-04-10 14:45:00;14,77;-2,33;100,379;147,9181;0,1636138
2026-04-10 15:00:00;15,21;1,12;88,009;135,5481;0,13621834
2026-04-10 15:15:00;26,3;-8,93;99,789;147,3281;0,11130744
2026-04-10 15:30:00;26,72;-10,34;106,839;154,3781;0,08970665
2026-04-10 15:45:00;20,99;-3,44;130,619;178,1581;0,07115616
2026-04-10 16:00:00;16,84;0,7;111,179;158,7181;0,048906673
2026-04-10 16:15:00;13,85;3,92;117,149;164,6881;0,03558607
2026-04-10 16:30:00;11,16;10,51;130,809;178,3481;0,022831446
2026-04-10 16:45:00;8,24;20,17;167,989;215,5281;0,012977514
2026-04-10 17:00:00;7,33;23,79;115,179;162,7181;0,005508881
2026-04-10 17:15:00;5,53;13,66;154,109;201,6481;0,001281056
2026-04-10 17:30:00;3,69;3,85;199,629;247,1681;0
2026-04-10 17:45:00;2,5;4,79;286,049;333,5881;0
2026-04-10 18:00:00;1,4;7,13;196,569;244,1081;0
2026-04-10 18:15:00;0,24;9,01;192,749;240,2881;0
2026-04-10 18:30:00;0,04;9,07;189,199;236,7381;0
2026-04-10 18:45:00;0,04;12,87;170,749;218,2881;0
2026-04-10 19:00:00;0,04;7,16;180,309;227,8481;0
2026-04-10 19:15:00;0,05;11,45;135,059;182,5981;0
2026-04-10 19:30:00;0,05;10,93;130,939;178,4781;0
2026-04-10 19:45:00;0,05;10,24;111,939;159,4781;0
2026-04-10 20:00:00;0,05;9,78;131,169;178,7081;0
2026-04-10 20:15:00;0,04;9,35;117,959;165,4981;0
2026-04-10 20:30:00;0,05;9,72;114,239;161,7781;0
2026-04-10 20:45:00;0,04;9,56;103,509;151,0481;0
2026-04-10 21:00:00;0,05;10,08;114,699;162,2381;0
2026-04-10 21:15:00;0,05;7,77;111,259;158,7981;0
2026-04-10 21:30:00;0,05;7,96;106,789;154,3281;0
2026-04-10 21:45:00;0,05;12,88;103,999;151,5381;0
2026-04-10 22:00:00;0,05;13,07;112,429;159,9681;0
2026-04-10 22:15:00;0,03;12,3;101,289;148,8281;0
2026-04-10 22:30:00;0,05;14,07;71,049;118,5881;0
2026-04-10 22:45:00;0,06;13,3;58,439;105,9781;0
2026-04-10 23:00:00;0,05;12,04;107,109;154,6481;0
2026-04-10 23:15:00;0,04;12,37;100,729;148,2681;0
2026-04-10 23:30:00;0,05;11,72;93,599;141,1381;0
2026-04-10 23:45:00;0,05;13,49;80,569;128,1081;0
2026-04-11 00:00:00;0,05;12,62;96,469;144,0081;0
2026-04-11 00:15:00;0,05;14,08;80,749;128,2881;0
2026-04-11 00:30:00;0,05;12,21;80,999;128,5381;0
2026-04-11 00:45:00;0,05;12;77,799;125,3381;0
2026-04-11 01:00:00;0,05;11,6;79,779;127,3181;0
2026-04-11 01:15:00;0,05;11,93;75,679;123,2181;0
2026-04-11 01:30:00;0,05;11,93;79,579;127,1181;0
2026-04-11 01:45:00;0,05;10,48;76,189;123,7281;0
2026-04-11 02:00:00;0,05;8,58;80,749;128,2881;0
2026-04-11 02:15:00;0,05;8,48;79,039;126,5781;0
2026-04-11 02:30:00;0,05;9,87;78,109;125,6481;0
2026-04-11 02:45:00;0,05;10,78;74,559;122,0981;0
2026-04-11 03:00:00;0,05;10,68;78,839;126,3781;0
2026-04-11 03:15:00;0,05;17,51;74,449;121,9881;0
2026-04-11 03:30:00;0,05;20,01;74,869;122,4081;0
2026-04-11 03:45:00;0,05;22,23;74,669;122,2081;1,07E-05
2026-04-11 04:00:00;0,05;21,51;76,319;123,8581;0,001818301
2026-04-11 04:15:00;0,05;19,11;76,719;124,2581;0,007167283
2026-04-11 04:30:00;0,05;19,48;77,399;124,9381;0,01540166
2026-04-11 04:45:00;0,05;16,88;69,949;117,4881;0,026610432
2026-04-11 05:00:00;0,05;16,34;81,349;128,8881;0,03583803
2026-04-11 05:15:00;1,08;12,43;73,419;120,9581;0,04969001
2026-04-11 05:30:00;2,55;7,67;62,199;109,7381;0,064096406
2026-04-11 05:45:00;4,34;7,03;43,649;91,1881;0,079720445
2026-04-11 06:00:00;6,11;6,27;76,329;123,8681;0,09028988
2026-04-11 06:15:00;9,44;0,78;60,389;107,9281;0,10704537
2026-04-11 06:30:00;11,55;-1,22;44,299;91,8381;0,12548237
2026-04-11 06:45:00;15;-6,09;13,329;60,8681;0,1456933
2026-04-11 07:00:00;19,11;-11,04;39,869;87,4081;0,18633227
2026-04-11 07:15:00;24,77;-16,54;13,209;60,7481;0,20803508
2026-04-11 07:30:00;30,71;-19,21;-1,251;46,2881;0,23117042
2026-04-11 07:45:00;35,02;-17,5;-9,241;38,2981;0,2544972
2026-04-11 08:00:00;33,57;-11,85;-1,521;46,0181;0,32469252
2026-04-11 08:15:00;41,03;-21,98;-9,251;38,2881;0,3467963
2026-04-11 08:30:00;52;-35,05;-10,211;37,3281;0,3664122
2026-04-11 08:45:00;67,72;-51,78;-16,231;31,3081;0,38006523
2026-04-11 09:00:00;58,76;-42,27;-10,191;37,3481;0,40585366
2026-04-11 09:15:00;57,11;-40,46;-9,251;38,2881;0,41556224
2026-04-11 09:30:00;76,35;-59,48;-13,781;33,7581;0,4218453
2026-04-11 09:45:00;95,52;-78,95;-14,281;33,2581;0,4234708
2026-04-11 10:00:00;88,21;-73,33;-10,251;37,2881;0,44222078
2026-04-11 10:15:00;84,89;-70,42;-16,051;31,4881;0,42942527
2026-04-11 10:30:00;81,98;-66,98;-9,351;38,1881;0,41472602
2026-04-11 10:45:00;71,13;-58,26;-9,351;38,1881;0,39874902
2026-04-11 11:00:00;96,25;-82,26;-4,251;43,2881;0,43954656
2026-04-11 11:15:00;109,86;-94,7;-10,251;37,2881;0,4189423
2026-04-11 11:30:00;85,53;-69,94;-39,251;8,2881;0,39931875
2026-04-11 11:45:00;66,56;-52,04;-36,001;11,5381;0,37985003
2026-04-11 12:00:00;88,5;-74,22;-34,251;13,2881;0,35065222
2026-04-11 12:15:00;76,53;-62,81;-11,251;36,2881;0,33233586
2026-04-11 12:30:00;38,48;-27,45;-9,351;38,1881;0,3112082
2026-04-11 12:45:00;40,44;-29,7;-9,351;38,1881;0,2866065
2026-04-11 13:00:00;26,51;-16,13;-11,251;36,2881;0,2680745
2026-04-11 13:15:00;6,9;3,38;-9,331;38,2081;0,24339631
2026-04-11 13:30:00;11,14;1,1;-16,631;30,9081;0,2204734
2026-04-11 13:45:00;5,22;5,83;-21,141;26,3981;0,19946186
2026-04-11 14:00:00;3,92;7,92;-18,361;29,1781;0,18622746
2026-04-11 14:15:00;5,34;8,15;-13,901;33,6381;0,166882
2026-04-11 14:30:00;5,84;7,58;-9,211;38,3281;0,14910556
2026-04-11 14:45:00;5,85;7,94;-10,581;36,9581;0,13326679
2026-04-11 15:00:00;8,41;10,67;-10,991;36,5481;0,11975366
2026-04-11 15:15:00;5,95;15,45;-10,311;37,2281;0,10446276
2026-04-11 15:30:00;6,08;14,42;-2,441;45,0981;0,08813478
2026-04-11 15:45:00;4,03;15,58;14,299;61,8381;0,071026094
2026-04-11 16:00:00;3,97;14,21;-1,911;45,6281;0,049614783
2026-04-11 16:15:00;3,27;16,17;30,329;77,8681;0,035512622
2026-04-11 16:30:00;2,83;16,99;52,939;100,4781;0,022723995
2026-04-11 16:45:00;2,21;16,75;71,719;119,2581;0,012895566
2026-04-11 17:00:00;3,07;10,67;51,279;98,8181;0,00561837
2026-04-11 17:15:00;4,85;6,68;56,039;103,5781;0,001384425
2026-04-11 17:30:00;4,14;8,24;61,929;109,4681;3,91E-06
2026-04-11 17:45:00;2,89;8,42;72,389;119,9281;0
2026-04-11 18:00:00;2,38;4,52;72,769;120,3081;0
2026-04-11 18:15:00;1;10,25;65,639;113,1781;0
2026-04-11 18:30:00;0,34;9,38;68,039;115,5781;0
2026-04-11 18:45:00;0,05;9,17;64,329;111,8681;0
2026-04-11 19:00:00;0,05;11,22;69,259;116,7981;0
2026-04-11 19:15:00;0,05;9,6;65,039;112,5781;0
2026-04-11 19:30:00;0,06;9,33;60,069;107,6081;0
2026-04-11 19:45:00;0,05;8,76;56,679;104,2181;0
2026-04-11 20:00:00;0,04;8,19;72,429;119,9681;0
2026-04-11 20:15:00;0,05;4,83;72,429;119,9681;0
2026-04-11 20:30:00;0,05;8,69;68,329;115,8681;0
2026-04-11 20:45:00;0,05;9;55,329;102,8681;0
2026-04-11 21:00:00;0,05;9,1;63,559;111,0981;0
2026-04-11 21:15:00;0,05;6,74;57,689;105,2281;0
2026-04-11 21:30:00;0,05;6,98;54,639;102,1781;0
2026-04-11 21:45:00;0,05;11,69;49,559;97,0981;0
2026-04-11 22:00:00;0,04;12,38;50,659;98,1981;0
2026-04-11 22:15:00;0,04;11,05;51,369;98,9081;0
2026-04-11 22:30:00;0,04;9,46;53,729;101,2681;0
2026-04-11 22:45:00;0,04;9,51;52,129;99,6681;0
2026-04-11 23:00:00;0,04;9,99;54,629;102,1681;0
2026-04-11 23:15:00;0,05;9,77;50,219;97,7581;0
2026-04-11 23:30:00;0,04;10,93;52,129;99,6681;0
2026-04-11 23:45:00;0,04;12,13;53,539;101,0781;0
2026-04-12 00:00:00;0,05;10,53;53,689;101,2281;0
2026-04-12 00:15:00;0,05;9,94;54,849;102,3881;0
2026-04-12 00:30:00;0,04;10,17;55,779;103,3181;0
2026-04-12 00:45:00;0,04;9,84;58,019;105,5581;0
2026-04-12 01:00:00;0,05;10,08;57,449;104,9881;0
2026-04-12 01:15:00;0,05;9,66;59,419;106,9581;0
2026-04-12 01:30:00;0,05;9,73;58,309;105,8481;0
2026-04-12 01:45:00;0,05;8,27;60,479;108,0181;0
2026-04-12 02:00:00;0,06;7,18;63,019;110,5581;0
2026-04-12 02:15:00;0,06;7,31;64,659;112,1981;0
2026-04-12 02:30:00;0,05;7,37;66,509;114,0481;0
2026-04-12 02:45:00;0,05;9,05;69,859;117,3981;0
2026-04-12 03:00:00;0,04;10,57;66,659;114,1981;0
2026-04-12 03:15:00;0,05;18,17;69,459;116,9981;0
2026-04-12 03:30:00;0,05;19,68;69,289;116,8281;0
2026-04-12 03:45:00;0,05;18,14;68,459;115,9981;8,06E-05
2026-04-12 04:00:00;0,05;17,71;71,139;118,6781;0,002146428
2026-04-12 04:15:00;0,05;17,23;70,659;118,1981;0,007483849
2026-04-12 04:30:00;0,06;17,94;68,029;115,5681;0,015350655
2026-04-12 04:45:00;0,06;21,05;65,679;113,2181;0,02587359
2026-04-12 05:00:00;0,94;15,44;74,129;121,6681;0,039190453
2026-04-12 05:15:00;3,13;10,94;66,149;113,6881;0,053237267
2026-04-12 05:30:00;5,3;4,7;61,139;108,6781;0,06770071
2026-04-12 05:45:00;8,35;2,52;58,689;106,2281;0,08282677
2026-04-12 06:00:00;11,79;-0,98;48,009;95,5481;0,11438674
2026-04-12 06:15:00;11,09;1,21;38,219;85,7581;0,13015606
2026-04-12 06:30:00;29,09;-15,44;33,309;80,8481;0,14623012
2026-04-12 06:45:00;45,49;-32,05;22,619;70,1581;0,16216631
2026-04-12 07:00:00;47,48;-35,83;30,089;77,6281;0,20105089
2026-04-12 07:15:00;51,1;-41,05;20,659;68,1981;0,21396296
2026-04-12 07:30:00;58,48;-47,23;19,049;66,5881;0,22687188
2026-04-12 07:45:00;70,75;-59,94;13,559;61,0981;0,23974441
2026-04-12 08:00:00;77,76;-62,13;21,619;69,1581;0,32434145
2026-04-12 08:15:00;82,91;-66,9;9,719;57,2581;0,33596012
2026-04-12 08:30:00;88,24;-68,41;-1,611;45,9281;0,34657767
2026-04-12 08:45:00;87,82;-68,34;-2,991;44,5481;0,35415316
2026-04-12 09:00:00;89,4;-72,62;0,739;48,2781;0,45408148
2026-04-12 09:15:00;91,16;-74,57;-0,391;47,1481;0,45596346
2026-04-12 09:30:00;98,76;-84,59;-1,451;46,0881;0,45566157
2026-04-12 09:45:00;99,92;-86,01;-0,141;47,3981;0,44925058
2026-04-12 10:00:00;102,89;-87,99;2,289;49,8281;0,4586715
2026-04-12 10:15:00;105,27;-91,98;-0,761;46,7781;0,43128592
2026-04-12 10:30:00;110,99;-99,31;5,819;53,3581;0,39839432
2026-04-12 10:45:00;109,17;-97,79;-2,271;45,2681;0,36235133
2026-04-12 11:00:00;114,23;-102,03;-7,301;40,2381;0,3757706
2026-04-12 11:15:00;107,67;-94,69;-9,251;38,2881;0,33185914
2026-04-12 11:30:00;99,24;-87,09;-9,391;38,1481;0,29002148
2026-04-12 11:45:00;101,12;-88,73;-9,331;38,2081;0,25094485
2026-04-12 12:00:00;100,06;-87,97;-9,251;38,2881;0,1579962
2026-04-12 12:15:00;96,56;-85,2;-5,711;41,8281;0,13389178
2026-04-12 12:30:00;89,23;-77,86;-0,491;47,0481;0,11602083
2026-04-12 12:45:00;91,6;-80,17;-1,571;45,9681;0,10414441
2026-04-12 13:00:00;78,84;-67,9;-3,271;44,2681;0,08098799
2026-04-12 13:15:00;91,85;-80,69;0,789;48,3281;0,07349062
2026-04-12 13:30:00;89,87;-79,41;8,009;55,5481;0,067049384
2026-04-12 13:45:00;92,61;-81,19;21,209;68,7481;0,061474282
2026-04-12 14:00:00;89,66;-78,43;20,529;68,0681;0,053341914
2026-04-12 14:15:00;74,85;-60,22;34,599;82,1381;0,05019274
2026-04-12 14:30:00;65,78;-52,54;30,799;78,3381;0,04621195
2026-04-12 14:45:00;62,5;-48,96;53,429;100,9681;0,041615617
2026-04-12 15:00:00;57,6;-39,08;38,089;85,6281;0,03444026
2026-04-12 15:15:00;35,46;-16,98;53,559;101,0981;0,030353291
2026-04-12 15:30:00;46,11;-28,27;78,809;126,3481;0,026235042
2026-04-12 15:45:00;;0;97,179;144,7181;0,022046743
2026-04-12 16:00:00;;0;95,819;143,3581;0,015154459
2026-04-12 16:15:00;;0;106,669;154,2081;0,011941703
2026-04-12 16:30:00;;0;123,509;171,0481;0,008650485
2026-04-12 16:45:00;;0;138,129;185,6681;0,00556439
2026-04-12 17:00:00;;0;123,639;171,1781;0,002925517
2026-04-12 17:15:00;;0;124,459;171,9981;0,000801786
2026-04-12 17:30:00;;0;133,629;181,1681;1,54E-05
2026-04-12 17:45:00;;0;147,799;195,3381;0
2026-04-12 18:00:00;;0;133,959;181,4981;0
2026-04-12 18:15:00;;0;135,569;183,1081;0
2026-04-12 18:30:00;;0;134,019;181,5581;0
2026-04-12 18:45:00;;0;130,149;177,6881;0
2026-04-12 19:00:00;;0;131,669;179,2081;0
2026-04-12 19:15:00;0,04;19,4;126,049;173,5881;0
2026-04-12 19:30:00;0,05;19,55;128,049;175,5881;0
2026-04-12 19:45:00;0,04;19,22;124,159;171,6981;0
2026-04-12 20:00:00;0,04;18,34;130,339;177,8781;0
2026-04-12 20:15:00;0,05;12,26;125,449;172,9881;0
2026-04-12 20:30:00;0,04;8,31;119,469;167,0081;0
2026-04-12 20:45:00;0,04;9,05;110,159;157,6981;0
2026-04-12 21:00:00;0,04;8,94;125,799;173,3381;0
2026-04-12 21:15:00;0,05;8,33;110,049;157,5881;0
2026-04-12 21:30:00;0,05;6,21;110,169;157,7081;0
2026-04-12 21:45:00;0,05;12,75;100,979;148,5181;0
2026-04-12 22:00:00;0,05;12,68;114,079;161,6181;0
2026-04-12 22:15:00;0,05;10,26;110,129;157,6681;0
2026-04-12 22:30:00;0,05;10,89;101,259;148,7981;0
2026-04-12 22:45:00;0,05;10,72;97,519;145,0581;0
2026-04-12 23:00:00;0,05;11,46;104,039;151,5781;0
2026-04-12 23:15:00;0,05;11,87;101,349;148,8881;0
2026-04-12 23:30:00;0,04;16,48;100,749;148,2881;0
2026-04-12 23:45:00;0,04;17,16;96,039;143,5781;0
2026-04-13 00:00:00;0,04;15,51;99,949;147,4881;0
2026-04-13 00:15:00;0,04;15,82;91,999;139,5381;0
2026-04-13 00:30:00;0,05;15,51;96,369;143,9081;0
2026-04-13 00:45:00;0,04;15,41;94,959;142,4981;0
2026-04-13 01:00:00;0,05;15,51;99,779;147,3181;0
2026-04-13 01:15:00;0,04;16,13;92,609;140,1481;0
2026-04-13 01:30:00;0,04;14,23;96,379;143,9181;0
2026-04-13 01:45:00;0,05;11,29;90,039;137,5781;0
2026-04-13 02:00:00;0,05;11,13;99,909;147,4481;0
2026-04-13 02:15:00;0,05;11,27;100,229;147,7681;0
2026-04-13 02:30:00;0,05;11,39;93,589;141,1281;0
2026-04-13 02:45:00;0,05;11,68;99,499;147,0381;0
2026-04-13 03:00:00;0,05;12,2;103,339;150,8781;0
2026-04-13 03:15:00;0,05;13,49;103,709;151,2481;0
2026-04-13 03:30:00;0,05;11,29;106,159;153,6981;0
2026-04-13 03:45:00;0,04;12,04;108,749;156,2881;0,000289874
2026-04-13 04:00:00;0,04;19,2;111,649;159,1881;0,004070732
2026-04-13 04:15:00;0,05;19,21;123,619;171,1581;0,012067174
2026-04-13 04:30:00;0,05;17,13;131,679;179,2181;0,022522954
2026-04-13 04:45:00;0,05;16,77;131,129;178,6681;0,03780458
2026-04-13 05:00:00;0,3;14,81;132,819;180,3581;0,060807656
2026-04-13 05:15:00;1,52;13,44;127,019;174,5581;0,08573767
2026-04-13 05:30:00;3,25;11,56;134,509;182,0481;0,11405428
2026-04-13 05:45:00;5,82;7,86;133,999;181,5381;0,14503068
2026-04-13 06:00:00;8,54;1,91;200,729;248,2681;0,18346754
2026-04-13 06:15:00;10,24;-1,72;163,239;210,7781;0,21501893
2026-04-13 06:30:00;11,58;-1,07;149,929;197,4681;0,2477002
2026-04-13 06:45:00;14,32;-6,18;144,269;191,8081;0,2813851
2026-04-13 07:00:00;16,09;-13,38;187,079;234,6181;0,32245472
2026-04-13 07:15:00;16,52;-11,34;173,919;221,4581;0,3549777
2026-04-13 07:30:00;16,6;-2,65;140,789;188,3281;0,38438526
2026-04-13 07:45:00;19,07;-3,15;127,909;175,4481;0,40973347
2026-04-13 08:00:00;22,29;-4,39;176,269;223,8081;0,42138326
2026-04-13 08:15:00;28,23;-10,16;130,329;177,8681;0,43939236
2026-04-13 08:30:00;36,65;-20,69;118,579;166,1181;0,45394853
2026-04-13 08:45:00;45,53;-28,97;115,749;163,2881;0,46173558
2026-04-13 09:00:00;48,76;-33,53;119,919;167,4581;0,46448776
2026-04-13 09:15:00;47,72;-29,81;110,749;158,2881;0,46911845
2026-04-13 09:30:00;52,72;-34,23;113,799;161,3381;0,47112003
2026-04-13 09:45:00;57,07;-38,42;121,549;169,0881;0,47020084
2026-04-13 10:00:00;57,01;-40,11;117,109;164,6481;0,51192856
2026-04-13 10:15:00;51,75;-35,55;106,099;153,6381;0,50045806
2026-04-13 10:30:00;43,53;-24,88;109,189;156,7281;0,48762652
2026-04-13 10:45:00;44,77;-27,88;99,879;147,4181;0,47336498
2026-04-13 11:00:00;47,89;-32,01;106,019;153,5581;0,46146458
2026-04-13 11:15:00;50,41;-33,13;105,859;153,3981;0,44322115
2026-04-13 11:30:00;49,05;-33,59;105,089;152,6281;0,42524865
2026-04-13 11:45:00;46,34;-32,06;101,619;149,1581;0,40759394
2026-04-13 12:00:00;45,39;-31,38;108,489;156,0281;0,4069064
2026-04-13 12:15:00;46,56;-32,49;105,579;153,1181;0,38556078
2026-04-13 12:30:00;47,86;-36,28;102,989;150,5281;0,3633096
2026-04-13 12:45:00;46,03;-33,63;105,929;153,4681;0,34010345
2026-04-13 13:00:00;45,2;-33,44;111,319;158,8581;0,34718752
2026-04-13 13:15:00;44,73;-33,56;104,699;152,2381;0,31945005
2026-04-13 13:30:00;42,8;-31,11;92,289;139,8281;0,2917959
2026-04-13 13:45:00;43,23;-31,01;98,039;145,5781;0,26460445
2026-04-13 14:00:00;45,23;-31,19;88,649;136,1881;0,25239643
2026-04-13 14:15:00;47,16;-33,93;86,759;134,2981;0,2234199
2026-04-13 14:30:00;45,35;-32,79;97,529;145,0681;0,19587356
2026-04-13 14:45:00;40,79;-26,43;112,399;159,9381;0,1699334
2026-04-13 15:00:00;32,4;-13,77;78,299;125,8381;0,15617348
2026-04-13 15:15:00;31,88;-13,19;102,269;149,8081;0,1302715
2026-04-13 15:30:00;25,86;-7,29;120,329;167,8681;0,106761105
2026-04-13 15:45:00;23,28;-4,76;139,779;187,3181;0,08529155
2026-04-13 16:00:00;23,78;-3,55;109,979;157,5181;0,071985826
2026-04-13 16:15:00;17,27;5,46;129,439;176,9781;0,051235016
2026-04-13 16:30:00;12,34;8,46;134,759;182,2981;0,033102505
2026-04-13 16:45:00;9,65;13,24;153,199;200,7381;0,018654538
2026-04-13 17:00:00;9,02;6,24;150,149;197,6881;0,009413679
2026-04-13 17:15:00;12,08;3,33;146,689;194,2281;0,002605381
2026-04-13 17:30:00;8,84;6,57;157,639;205,1781;8,98E-05
2026-04-13 17:45:00;5,84;3;181,829;229,3681;0
2026-04-13 18:00:00;2,58;8,93;146,399;193,9381;0
2026-04-13 18:15:00;1,53;10,89;146,079;193,6181;0
2026-04-13 18:30:00;0,68;11,27;140,549;188,0881;0
2026-04-13 18:45:00;0,05;12,85;134,749;182,2881;0
2026-04-13 19:00:00;0,05;9,54;157,689;205,2281;0
2026-04-13 19:15:00;0,05;10,17;138,569;186,1081;0
2026-04-13 19:30:00;0,05;9,9;128,959;176,4981;0
2026-04-13 19:45:00;0,05;10,42;117,369;164,9081;0
2026-04-13 20:00:00;0,05;9,73;127,339;174,8781;0
2026-04-13 20:15:00;0,05;6,68;120,639;168,1781;0
2026-04-13 20:30:00;0,05;6,61;120,089;167,6281;0
2026-04-13 20:45:00;0,05;8,7;114,629;162,1681;0
2026-04-13 21:00:00;0,05;7,52;121,779;169,3181;0
2026-04-13 21:15:00;0,06;7,07;115,299;162,8381;0
2026-04-13 21:30:00;0,06;7,72;112,939;160,4781;0
2026-04-13 21:45:00;0,05;14,11;104,259;151,7981;0
2026-04-13 22:00:00;0,05;15,64;115,299;162,8381;0
2026-04-13 22:15:00;0,05;17,33;107,849;155,3881;0
2026-04-13 22:30:00;0,05;12,09;104,809;152,3481;0
2026-04-13 22:45:00;0,05;12,71;102,499;150,0381;0
2026-04-13 23:00:00;0,05;12,93;105,289;152,8281;0
2026-04-13 23:15:00;0,05;11,79;104,959;152,4981;0
2026-04-13 23:30:00;0,05;12,34;104,459;151,9981;0
2026-04-13 23:45:00;0,05;12,66;106,869;154,4081;0
2026-04-14 00:00:00;0,05;12,22;106,769;154,3081;0
2026-04-14 00:15:00;0,05;12,4;106,729;154,2681;0
2026-04-14 00:30:00;0,05;12,83;106,149;153,6881;0
2026-04-14 00:45:00;0,05;12,28;107,129;154,6681;0
2026-04-14 01:00:00;0,05;12,64;104,569;152,1081;0
2026-04-14 01:15:00;0,05;13,34;102,919;150,4581;0
2026-04-14 01:30:00;0,05;14,37;105,419;152,9581;0
2026-04-14 01:45:00;0,05;12,13;104,659;152,1981;0
2026-04-14 02:00:00;0,05;9,52;103,799;151,3381;0
2026-04-14 02:15:00;0,05;9,99;103,209;150,7481;0
2026-04-14 02:30:00;0,05;10;106,589;154,1281;0
2026-04-14 02:45:00;0,05;12,1;107,469;155,0081;0
2026-04-14 03:00:00;0,05;17,19;105,749;153,2881;0
2026-04-14 03:15:00;0,05;20,51;107,999;155,5381;0
2026-04-14 03:30:00;0,05;19,72;109,339;156,8781;0
2026-04-14 03:45:00;0,05;18,18;111,339;158,8781;0,000378281
2026-04-14 04:00:00;0,05;18,18;111,469;159,0081;0,003443465
2026-04-14 04:15:00;0,05;16,78;125,359;172,8981;0,010013573
2026-04-14 04:30:00;0,04;20,17;129,839;177,3781;0,019171722
2026-04-14 04:45:00;0,06;19,12;148,309;195,8481;0,030955568
2026-04-14 05:00:00;1,24;16,1;145,019;192,5581;0,040229578
2026-04-14 05:15:00;3,32;8,94;158,169;205,7081;0,05406337
2026-04-14 05:30:00;6,16;4,44;162,609;210,1481;0,06766381
2026-04-14 05:45:00;10,28;0,28;146,309;193,8481;0,08115944
2026-04-14 06:00:00;16,92;-9,34;188,519;236,0581;0,08903016
2026-04-14 06:15:00;24,43;-16,28;171,389;218,9281;0,10179363
2026-04-14 06:30:00;32,76;-20,16;141,119;188,6581;0,114912845
2026-04-14 06:45:00;40,88;-27,73;122,709;170,2481;0,12807049
2026-04-14 07:00:00;49,37;-43,21;163,199;210,7381;0,13914503
2026-04-14 07:15:00;58,21;-46,29;115,779;163,3181;0,1524205
2026-04-14 07:30:00;66,59;-59,59;130,609;178,1481;0,16425374
2026-04-14 07:45:00;73,66;-61,69;109,759;157,2981;0,17423117
2026-04-14 08:00:00;79,73;-64,52;126,869;174,4081;0,19545685
2026-04-14 08:15:00;86,3;-70,85;107,729;155,2681;0,20292751
2026-04-14 08:30:00;92,7;-77,13;106,669;154,2081;0,20955034
2026-04-14 08:45:00;97,89;-80,57;89,749;137,2881;0,21415202
2026-04-14 09:00:00;105,48;-88,08;91,229;138,7681;0,25095683
2026-04-14 09:15:00;101,08;-83,98;86,709;134,2481;0,25240636
2026-04-14 09:30:00;57,37;-40,21;79,529;127,0681;0,25251323
2026-04-14 09:45:00;55,02;-32,99;76,709;124,2481;0,25053987
2026-04-14 10:00:00;96,25;-70,01;83,399;130,9381;0,26452115
2026-04-14 10:15:00;70,74;-47,59;74,359;121,8981;0,25604934
2026-04-14 10:30:00;50,58;-38,34;82,049;129,5881;0,24715957
2026-04-14 10:45:00;67,74;-54,3;75,869;123,4081;0,23788019
2026-04-14 11:00:00;79;-65,99;70,979;118,5181;0,27586007
2026-04-14 11:15:00;40,43;-27,27;71,469;119,0081;0,26216295
2026-04-14 11:30:00;59,16;-46,59;72,809;120,3481;0,24907519
2026-04-14 11:45:00;108,52;-93,28;74,179;121,7181;0,23758548
2026-04-14 12:00:00;103,1;-87,81;53,579;101,1181;0,26486975
2026-04-14 12:15:00;59,16;-44,65;56,889;104,4281;0,2462913
2026-04-14 12:30:00;82,02;-64,02;63,579;111,1181;0,22755194
2026-04-14 12:45:00;119,77;-98,54;73,519;121,0581;0,20886618
2026-04-14 13:00:00;106,86;-87,81;69,989;117,5281;0,20325121
2026-04-14 13:15:00;66,32;-50,51;77,369;124,9081;0,18607546
2026-04-14 13:30:00;109,99;-94,02;82,309;129,8481;0,17020465
2026-04-14 13:45:00;92,56;-76,69;91,199;138,7381;0,15579773
2026-04-14 14:00:00;49,95;-32,69;73,179;120,7181;0,15386963
2026-04-14 14:15:00;94,29;-78,16;76,069;123,6081;0,13797331
2026-04-14 14:30:00;84,76;-64,02;85,659;133,1981;0,12279623
2026-04-14 14:45:00;78,26;-63,06;91,889;139,4281;0,108400114
2026-04-14 15:00:00;67,85;-47,39;81,469;129,0081;0,09945602
2026-04-14 15:15:00;55,93;-36,59;103,399;150,9381;0,08529648
2026-04-14 15:30:00;31,62;-12,83;114,339;161,8781;0,071704455
2026-04-14 15:45:00;34,82;-15,87;121,749;169,2881;0,05842984
2026-04-14 16:00:00;19,77;-1,36;107,109;154,6481;0,04880951
2026-04-14 16:15:00;21,75;-3,48;128,639;176,1781;0,035375763
2026-04-14 16:30:00;14,96;5,37;131,969;179,5081;0,023291588
2026-04-14 16:45:00;18,01;-1,1;178,149;225,6881;0,013669981
2026-04-14 17:00:00;11,45;10,6;131,219;178,7581;0,006895856
2026-04-14 17:15:00;7,26;7,58;151,809;199,3481;0,002119905
2026-04-14 17:30:00;6,81;1,99;175,019;222,5581;0,000138902
2026-04-14 17:45:00;4,27;4,86;229,719;277,2581;0
2026-04-14 18:00:00;2,16;7,42;185,849;233,3881;0
2026-04-14 18:15:00;0,99;7,36;181,009;228,5481;0
2026-04-14 18:30:00;0,12;11,74;186,159;233,6981;0
2026-04-14 18:45:00;0,05;13,95;170,259;217,7981;0
2026-04-14 19:00:00;0,05;14,47;165,009;212,5481;0
2026-04-14 19:15:00;0,05;14,08;148,289;195,8281;0
2026-04-14 19:30:00;0,05;10,55;137,369;184,9081;0
2026-04-14 19:45:00;0,06;8,94;130,529;178,0681;0
2026-04-14 20:00:00;0,06;9,31;136,779;184,3181;0
2026-04-14 20:15:00;0,05;8,59;129,839;177,3781;0
2026-04-14 20:30:00;0,05;9,1;129,819;177,3581;0
2026-04-14 20:45:00;0,04;8,93;124,929;172,4681;0
2026-04-14 21:00:00;0,05;10,77;130,739;178,2781;0
2026-04-14 21:15:00;0,05;10,8;122,499;170,0381;0
2026-04-14 21:30:00;0,05;10,63;118,179;165,7181;0
2026-04-14 21:45:00;0,06;13,54;104,049;151,5881;0
2026-04-14 22:00:00;0,05;14,02;113,379;160,9181;0
2026-04-14 22:15:00;0,05;14,09;110,269;157,8081;0
2026-04-14 22:30:00;0,05;13,17;105,909;153,4481;0
2026-04-14 22:45:00;0,05;11,15;101,619;149,1581;0
2026-04-14 23:00:00;0,05;11,88;104,559;152,0981;0
2026-04-14 23:15:00;0,05;12;102,519;150,0581;0
2026-04-14 23:30:00;0,05;11,48;99,869;147,4081;0
2026-04-14 23:45:00;0,04;12,04;96,649;144,1881;0
2026-04-15 00:00:00;0,04;12,94;98,159;145,6981;0
2026-04-15 00:15:00;0,04;14,73;95,929;143,4681;0
2026-04-15 00:30:00;0,04;12,96;94,409;141,9481;0
2026-04-15 00:45:00;0,05;12,2;93,669;141,2081;0
2026-04-15 01:00:00;0,06;11,79;91,989;139,5281;0
2026-04-15 01:15:00;0,06;11,51;91,719;139,2581;0
2026-04-15 01:30:00;0,05;10,76;91,659;139,1981;0
2026-04-15 01:45:00;0,04;9,49;91,649;139,1881;0
2026-04-15 02:00:00;0,04;8,2;91,799;139,3381;0
2026-04-15 02:15:00;0,05;8,65;91,009;138,5481;0
2026-04-15 02:30:00;0,04;9,11;92,859;140,3981;0
2026-04-15 02:45:00;0,05;10,25;94,259;141,7981;0
2026-04-15 03:00:00;0,05;12,28;95,269;142,8081;0
2026-04-15 03:15:00;0,05;20,68;99,209;146,7481;0
2026-04-15 03:30:00;0,05;19,93;103,489;151,0281;0
2026-04-15 03:45:00;0,05;17,73;111,639;159,1781;0,00096942
2026-04-15 04:00:00;0,05;18,71;114,849;162,3881;0,005560055
2026-04-15 04:15:00;0,05;17,22;123,579;171,1181;0,013089213
2026-04-15 04:30:00;0,23;17,65;127,539;175,0781;0,022952579
2026-04-15 04:45:00;0,84;15,49;131,869;179,4081;0,038689505
2026-04-15 05:00:00;1,86;11,86;133,489;181,0281;0,059801
2026-04-15 05:15:00;3,41;8,01;138,869;186,4081;0,08491293
2026-04-15 05:30:00;6,45;1,76;138,199;185,7381;0,11216058
2026-04-15 05:45:00;9,05;-0,8;126,859;174,3981;0,14010528
2026-04-15 06:00:00;12,97;-3,36;155,249;202,7881;0,18238133
2026-04-15 06:15:00;18,55;-10,03;129,009;176,5481;0,21073881
2026-04-15 06:30:00;31,86;-24,74;126,519;174,0581;0,2401832
2026-04-15 06:45:00;41,05;-34,71;104,999;152,5381;0,27011335
2026-04-15 07:00:00;39,48;-31,45;120,749;168,2881;0,29894638
2026-04-15 07:15:00;57,88;-42,15;112,689;160,2281;0,32952783
2026-04-15 07:30:00;63,08;-48,61;98,609;146,1481;0,36090595
2026-04-15 07:45:00;71,97;-58,76;93,739;141,2781;0,39246345
2026-04-15 08:00:00;77,87;-54,38;116,689;164,2281;0,43370622
2026-04-15 08:15:00;84,38;-70,9;78,289;125,8281;0,46581414
2026-04-15 08:30:00;89,03;-73,12;64,029;111,5681;0,49504527
2026-04-15 08:45:00;96,09;-80,87;55,989;103,5281;0,5171157
2026-04-15 09:00:00;90,77;-75,54;67,679;115,2181;0,55500305
2026-04-15 09:15:00;99,79;-83,42;56,189;103,7281;0,568414
2026-04-15 09:30:00;98,01;-84,63;52,009;99,5481;0,579154
2026-04-15 09:45:00;99,66;-86,31;36,299;83,8381;0,586581
2026-04-15 10:00:00;98,22;-84,51;51,009;98,5481;0,60621226
2026-04-15 10:15:00;100,88;-87,17;40,799;88,3381;0,604629
2026-04-15 10:30:00;114,63;-100,65;38,249;85,7881;0,60160345
2026-04-15 10:45:00;109,73;-95,46;29,679;77,2181;0,5969343
2026-04-15 11:00:00;96,94;-82,11;31,809;79,3481;0,60451883
2026-04-15 11:15:00;122,65;-106,42;29,129;76,6681;0,5945165
2026-04-15 11:30:00;120,82;-107,79;31,319;78,8581;0,584761
2026-04-15 11:45:00;120,18;-106,95;29,879;77,4181;0,5715834
2026-04-15 12:00:00;116,42;-103,02;17,939;65,4781;0,56550205
2026-04-15 12:15:00;113,74;-100,93;35,849;83,3881;0,54645693
2026-04-15 12:30:00;111,03;-98,56;44,579;92,1181;0,5261121
2026-04-15 12:45:00;111,19;-97,19;54,319;101,8581;0,5045125
2026-04-15 13:00:00;106,82;-94,21;38,939;86,4781;0,49437568
2026-04-15 13:15:00;107,89;-96,56;46,999;94,5381;0,46608958
2026-04-15 13:30:00;76,81;-64,64;54,509;102,0481;0,43514955
2026-04-15 13:45:00;88,34;-76,44;62,649;110,1881;0,40199
2026-04-15 14:00:00;54,79;-43,79;53,189;100,7281;0,37204018
2026-04-15 14:15:00;59,22;-47,64;62,069;109,6081;0,33246142
2026-04-15 14:30:00;36,41;-25,57;68,059;115,5981;0,2924258
2026-04-15 14:45:00;27,6;-17,27;73,089;120,6281;0,25355798
2026-04-15 15:00:00;29,94;-16,04;72,539;120,0781;0,22247173
2026-04-15 15:15:00;18,44;-0,71;80,119;127,6581;0,18446764
2026-04-15 15:30:00;10,53;6,84;91,399;138,9381;0,14705758
2026-04-15 15:45:00;8,62;7,19;102,209;149,7481;0,11178723
2026-04-15 16:00:00;11,67;3,89;93,059;140,5981;0,084131464
2026-04-15 16:15:00;11,29;6,42;99,069;146,6081;0,056073274
2026-04-15 16:30:00;13,86;3,48;112,349;159,8881;0,033767767
2026-04-15 16:45:00;12,76;5,22;128,489;176,0281;0,019116383
2026-04-15 17:00:00;13,41;2,19;120,469;168,0081;0,012686024
2026-04-15 17:15:00;7,22;3,88;144,469;192,0081;0,00453062
2026-04-15 17:30:00;6,96;8,49;119,879;167,4181;0,000411774
2026-04-15 17:45:00;3,94;12,18;137,009;184,5481;0
2026-04-15 18:00:00;2,4;12,56;135,249;182,7881;0
2026-04-15 18:15:00;2,01;13,05;138,329;185,8681;0
2026-04-15 18:30:00;0,28;7,7;146,359;193,8981;0
2026-04-15 18:45:00;0,05;7,27;142,989;190,5281;0
2026-04-15 19:00:00;0,06;7,88;152,989;200,5281;0
2026-04-15 19:15:00;0,06;10,34;136,659;184,1981;0
2026-04-15 19:30:00;0,06;10,24;129,539;177,0781;0
2026-04-15 19:45:00;0,06;9,45;114,949;162,4881;0
2026-04-15 20:00:00;0,06;6,81;128,709;176,2481;0
2026-04-15 20:15:00;0,06;6,37;121,819;169,3581;0
2026-04-15 20:30:00;0,06;6,51;118,479;166,0181;0
2026-04-15 20:45:00;0,06;6,61;113,359;160,8981;0
2026-04-15 21:00:00;0,06;6,23;119,179;166,7181;0
2026-04-15 21:15:00;0,05;6,07;110,229;157,7681;0
2026-04-15 21:30:00;0,06;6,03;102,129;149,6681;0
2026-04-15 21:45:00;0,05;11,16;93,249;140,7881;0
2026-04-15 22:00:00;0,05;12,27;100,609;148,1481;0
2026-04-15 22:15:00;0,05;9,87;96,129;143,6681;0
2026-04-15 22:30:00;0,06;6,55;91,839;139,3781;0
2026-04-15 22:45:00;0,06;7,03;88,509;136,0481;0
2026-04-15 23:00:00;0,06;6,67;92,129;139,6681;0
2026-04-15 23:15:00;0,06;6,47;89,089;136,6281;0
2026-04-15 23:30:00;0,06;6,29;88,629;136,1681;0
2026-04-15 23:45:00;0,05;10,88;87,759;135,2981;0
2026-04-16 00:00:00;0,05;12,58;88,199;135,7381;0
2026-04-16 00:15:00;0,05;14,03;85,849;133,3881;0
2026-04-16 00:30:00;0,04;13,55;86,149;133,6881;0
2026-04-16 00:45:00;0,04;13,49;83,839;131,3781;0
2026-04-16 01:00:00;0,04;13,26;85,929;133,4681;0
2026-04-16 01:15:00;0,04;12,2;84,779;132,3181;0
2026-04-16 01:30:00;0,05;10,95;87,079;134,6181;0
2026-04-16 01:45:00;0,04;9,59;83,739;131,2781;0
2026-04-16 02:00:00;0,05;9,1;83,989;131,5281;0
2026-04-16 02:15:00;0,05;9,21;86,169;133,7081;0
2026-04-16 02:30:00;0,06;7,98;90,199;137,7381;0
2026-04-16 02:45:00;0,06;9,15;92,999;140,5381;0
2026-04-16 03:00:00;0,05;8,87;86,879;134,4181;0
2026-04-16 03:15:00;0,05;7,79;90,749;138,2881;0
2026-04-16 03:30:00;0,05;7,81;95,619;143,1581;0
2026-04-16 03:45:00;0,05;8,25;104,259;151,7981;0,001512785
2026-04-16 04:00:00;0,05;11,18;107,959;155,4981;0,007151557
2026-04-16 04:15:00;0,05;15,72;116,159;163,6981;0,01589453
2026-04-16 04:30:00;0,3;15,79;124,189;171,7281;0,027267026
2026-04-16 04:45:00;1,56;12,17;134,529;182,0681;0,043742668
2026-04-16 05:00:00;2,77;10,18;132,399;179,9381;0,07428816
2026-04-16 05:15:00;4,45;7,83;133,219;180,7581;0,09864905
2026-04-16 05:30:00;9,42;1,6;129,499;177,0381;0,12575294
2026-04-16 05:45:00;19,64;-12,17;122,689;170,2281;0,15499213
2026-04-16 06:00:00;20,05;-16,6;150,079;197,6181;0,20852132
2026-04-16 06:15:00;16,99;-10,07;128,479;176,0181;0,23804902
2026-04-16 06:30:00;21,92;-9,76;117,599;165,1381;0,26964843
2026-04-16 06:45:00;25,44;-10,09;91,989;139,5281;0,30319995
2026-04-16 07:00:00;29,93;-10,12;113,029;160,5681;0,36636168
2026-04-16 07:15:00;58,59;-38,54;100,739;148,2781;0,39821985
2026-04-16 07:30:00;63,64;-50,32;91,919;139,4581;0,42890024
2026-04-16 07:45:00;61,48;-49,42;93,109;140,6481;0,45767146
2026-04-16 08:00:00;30,59;-14,31;110,209;157,7481;0,50626904
2026-04-16 08:15:00;24;-6,03;80,749;128,2881;0,5284884
2026-04-16 08:30:00;35,24;-15,21;72,279;119,8181;0,5476973
2026-04-16 08:45:00;52,69;-34,61;43,799;91,3381;0,5605238
2026-04-16 09:00:00;65,05;-48,89;68,969;116,5081;0,5742913
2026-04-16 09:15:00;35,42;-18,46;55,189;102,7281;0,58370996
2026-04-16 09:30:00;54,33;-40,1;40,849;88,3881;0,5901662
2026-04-16 09:45:00;78,29;-64,61;29,789;77,3281;0,5922377
2026-04-16 10:00:00;40;-27,4;54,439;101,9781;0,6080401
2026-04-16 10:15:00;50,09;-36,41;40,529;88,0681;0,59999055
2026-04-16 10:30:00;33,39;-16,9;33,839;81,3781;0,5892434
2026-04-16 10:45:00;52,23;-27,58;22,989;70,5281;0,576274
2026-04-16 11:00:00;58,99;-35,69;32,759;80,2981;0,59046924
2026-04-16 11:15:00;112,57;-94,97;27,469;75,0081;0,5696093
2026-04-16 11:30:00;84,91;-72,62;21,549;69,0881;0,5494808
2026-04-16 11:45:00;76,34;-62,99;15,649;63,1881;0,5244557
2026-04-16 12:00:00;40,4;-27,32;17,749;65,2881;0,5318147
2026-04-16 12:15:00;74,98;-61,58;27,519;75,0581;0,50059944
2026-04-16 12:30:00;70,31;-56,93;35,279;82,8181;0,46759588
2026-04-16 12:45:00;86,9;-71,5;41,189;88,7281;0,43232146
2026-04-16 13:00:00;82,52;-67,62;29,349;76,8881;0,41143242
2026-04-16 13:15:00;78,79;-63,75;37,699;85,2381;0,37148666
2026-04-16 13:30:00;85,11;-68,22;46,229;93,7681;0,33270928
2026-04-16 13:45:00;88,97;-74,35;56,959;104,4981;0,29530916
2026-04-16 14:00:00;47,76;-32,84;38,109;85,6481;0,25847155
2026-04-16 14:15:00;70,99;-56,1;53,769;101,3081;0,22392443
2026-04-16 14:30:00;77,41;-62,08;64,109;111,6481;0,19230843
2026-04-16 14:45:00;74,3;-62,08;68,869;116,4081;0,16405898
2026-04-16 15:00:00;64,55;-48,84;62,389;109,9281;0,12569879
2026-04-16 15:15:00;54,21;-35,17;90,749;138,2881;0,10601261
2026-04-16 15:30:00;48,15;-29,13;120,369;167,9081;0,08714632
2026-04-16 15:45:00;40,38;-21,87;110,749;158,2881;0,069632836
2026-04-16 16:00:00;27,94;-8,91;76,589;124,1281;0,058619577
2026-04-16 16:15:00;19,75;1,26;105,129;152,6681;0,04201668
2026-04-16 16:30:00;20,75;-2,21;118,409;165,9481;0,027560469
2026-04-16 16:45:00;12,96;2,36;130,929;178,4681;0,01679841
2026-04-16 17:00:00;9,45;4,54;109,159;156,6981;0,010419227
2026-04-16 17:15:00;7,57;7,87;129,949;177,4881;0,00368956
2026-04-16 17:30:00;5,15;8,61;124,309;171,8481;0,000406334
2026-04-16 17:45:00;3,52;4,74;156,209;203,7481;0
2026-04-16 18:00:00;2,43;5,85;146,929;194,4681;0
2026-04-16 18:15:00;1,24;7,8;150,989;198,5281;0
2026-04-16 18:30:00;0,2;7,7;148,659;196,1981;0
2026-04-16 18:45:00;0,06;8,16;148,289;195,8281;0
2026-04-16 19:00:00;0,05;11,24;144,469;192,0081;0
2026-04-16 19:15:00;0,06;11,33;139,739;187,2781;0
2026-04-16 19:30:00;0,07;9,73;130,039;177,5781;0
2026-04-16 19:45:00;0,06;8,12;115,399;162,9381;0
2026-04-16 20:00:00;0,06;6,26;132,449;179,9881;0
2026-04-16 20:15:00;0,06;6,17;128,509;176,0481;0
2026-04-16 20:30:00;0,06;6,43;124,379;171,9181;0
2026-04-16 20:45:00;0,06;6,47;115,019;162,5581;0
2026-04-16 21:00:00;0,06;5,99;120,879;168,4181;0
2026-04-16 21:15:00;0,05;6,2;116,169;163,7081;0
2026-04-16 21:30:00;0,05;4,46;114,049;161,5881;0
2026-04-16 21:45:00;0,05;8,99;107,739;155,2781;0
2026-04-16 22:00:00;0,05;9,56;119,229;166,7681;0
2026-04-16 22:15:00;0,05;10,11;114,159;161,6981;0
2026-04-16 22:30:00;0,05;9,37;108,609;156,1481;0
2026-04-16 22:45:00;0,05;9,44;106,199;153,7381;0
2026-04-16 23:00:00;0,05;9,22;108,749;156,2881;0
2026-04-16 23:15:00;0,05;9,14;107,499;155,0381;0
2026-04-16 23:30:00;0,04;9,16;104,679;152,2181;0
2026-04-16 23:45:00;0,05;8,36;103,519;151,0581;0
2026-04-17 00:00:00;0,06;7,08;103,789;151,3281;0
2026-04-17 00:15:00;0,05;6,52;103,519;151,0581;0
2026-04-17 00:30:00;0,05;7,87;103,059;150,5981;0
2026-04-17 00:45:00;0,05;9,61;102,759;150,2981;0
2026-04-17 01:00:00;0,06;8,68;99,969;147,5081;0
2026-04-17 01:15:00;0,05;6,77;98,059;145,5981;0
2026-04-17 01:30:00;0,05;8,04;98,419;145,9581;0
2026-04-17 01:45:00;0,05;6,83;98,119;145,6581;0
2026-04-17 02:00:00;0,06;5,42;99,659;147,1981;0
2026-04-17 02:15:00;0,05;5,31;99,549;147,0881;0
2026-04-17 02:30:00;0,05;6,17;100,549;148,0881;0
2026-04-17 02:45:00;0,05;7,36;102,289;149,8281;0
2026-04-17 03:00:00;0,05;6,82;98,459;145,9981;0
2026-04-17 03:15:00;0,05;13,37;102,509;150,0481;0
2026-04-17 03:30:00;0,05;15,66;108,749;156,2881;0
2026-04-17 03:45:00;0,05;14,86;123,149;170,6881;0,00181473
2026-04-17 04:00:00;0,04;16,35;111,529;159,0681;0,007587558
2026-04-17 04:15:00;0,05;14,66;124,479;172,0181;0,016187124
2026-04-17 04:30:00;0,05;15,63;124,959;172,4981;0,027342597
2026-04-17 04:45:00;0,26;15,84;129,159;176,6981;0,042732272
2026-04-17 05:00:00;1,55;13,84;129,769;177,3081;0,0674065
2026-04-17 05:15:00;2,51;9,62;126,849;174,3881;0,08897338
2026-04-17 05:30:00;4,69;3,39;126,449;173,9881;0,112065285
2026-04-17 05:45:00;9,45;-1,8;118,039;165,5781;0,13589743
2026-04-17 06:00:00;14,8;-8,24;135,979;183,5181;0,15435
2026-04-17 06:15:00;23,74;-16,92;116,839;164,3781;0,17502004
2026-04-17 06:30:00;23,96;-17,22;105,059;152,5981;0,19514468
2026-04-17 06:45:00;27;-20,28;88,079;135,6181;0,21442464
2026-04-17 07:00:00;25,09;-18,24;112,849;160,3881;0,2322228
2026-04-17 07:15:00;23,48;-14,6;96,489;144,0281;0,24890205
2026-04-17 07:30:00;30,11;-13,9;84,979;132,5181;0,26474974
2026-04-17 07:45:00;37,57;-19,98;95,459;142,9981;0,2799694
2026-04-17 08:00:00;59,76;-39,65;113,979;161,5181;0,28614548
2026-04-17 08:15:00;80,82;-63,04;109,749;157,2881;0,30277133
2026-04-17 08:30:00;83,22;-66,6;80,079;127,6181;0,31895277
2026-04-17 08:45:00;88,18;-70,57;40,609;88,1481;0,33379057
2026-04-17 09:00:00;97,9;-81,12;105,029;152,5681;0,33395413
2026-04-17 09:15:00;97,99;-81,57;57,779;105,3181;0,3483654
2026-04-17 09:30:00;99,59;-82,41;71,849;119,3881;0,36177856
2026-04-17 09:45:00;99,09;-83,24;47,929;95,4681;0,3740686
2026-04-17 10:00:00;101,23;-86,08;90,399;137,9381;0,41183993
2026-04-17 10:15:00;99,61;-83,26;54,499;102,0381;0,4171835
2026-04-17 10:30:00;88,08;-71,88;35,309;82,8481;0,4218191
2026-04-17 10:45:00;90,97;-74,26;41,639;89,1781;0,42587388
2026-04-17 11:00:00;78,5;-59,24;47,069;94,6081;0,4803642
2026-04-17 11:15:00;58,27;-42,15;47,229;94,7681;0,4778096
2026-04-17 11:30:00;38,99;-23,04;49,889;97,4281;0,47561103
2026-04-17 11:45:00;47,86;-33,23;57,159;104,6981;0,46509755
2026-04-17 12:00:00;44,4;-32,12;36,049;83,5881;0,4495726
2026-04-17 12:15:00;56,39;-43,69;48,049;95,5881;0,43574825
2026-04-17 12:30:00;91,76;-77,25;65,749;113,2881;0,42035875
2026-04-17 12:45:00;70,08;-56,5;95,059;142,5981;0,40340224
2026-04-17 13:00:00;84,67;-70,41;20,799;68,3381;0,3755111
2026-04-17 13:15:00;60,37;-47,71;31,659;79,1981;0,35498452
2026-04-17 13:30:00;84,55;-70,23;90,749;138,2881;0,332411
2026-04-17 13:45:00;53,59;-33,92;121,869;169,4081;0,30802792
2026-04-17 14:00:00;61,73;-47,52;55,339;102,8781;0,28157315
2026-04-17 14:15:00;59,93;-45,13;76,929;124,4681;0,25514776
2026-04-17 14:30:00;48,76;-34,03;87,749;135,2881;0,22926252
2026-04-17 14:45:00;43,49;-29,42;98,969;146,5081;0,20428473
2026-04-17 15:00:00;38,41;-30,14;130,749;178,2881;0,19212686
2026-04-17 15:15:00;22,45;-3,34;104,359;151,8981;0,16387409
2026-04-17 15:30:00;12,57;5,34;101,529;149,0681;0,13502917
2026-04-17 15:45:00;13,19;3,23;86,929;134,4681;0,106841855
2026-04-17 16:00:00;19,33;-2,06;113,709;161,2481;0,0848604
2026-04-17 16:15:00;11,03;5,28;97,849;145,3881;0,059863485
2026-04-17 16:30:00;9,25;10,05;104,719;152,2581;0,038970113
2026-04-17 16:45:00;12,59;7,67;114,539;162,0781;0,023405751
2026-04-17 17:00:00;19,02;4,72;104,769;152,3081;0,014991671
2026-04-17 17:15:00;10,54;8,71;114,259;161,7981;0,005929326
2026-04-17 17:30:00;7,74;4,73;122,649;170,1881;0,000956754
2026-04-17 17:45:00;6,37;1,05;144,409;191,9481;0
2026-04-17 18:00:00;5,17;5,76;128,219;175,7581;0
2026-04-17 18:15:00;2,58;4,76;130,889;178,4281;0
2026-04-17 18:30:00;0,72;10,82;128,699;176,2381;0
2026-04-17 18:45:00;0,04;10,25;129,239;176,7781;0
2026-04-17 19:00:00;0,05;4,26;136,019;183,5581;0
2026-04-17 19:15:00;0,05;7,98;126,919;174,4581;0
2026-04-17 19:30:00;0,05;7,54;120,209;167,7481;0
2026-04-17 19:45:00;0,05;7,31;108,869;156,4081;0
2026-04-17 20:00:00;0,06;6,36;122,629;170,1681;0
2026-04-17 20:15:00;0,06;6,81;113,069;160,6081;0
2026-04-17 20:30:00;0,06;6,56;108,959;156,4981;0
2026-04-17 20:45:00;0,05;6;103,849;151,3881;0
2026-04-17 21:00:00;0,06;4,63;104,899;152,4381;0
2026-04-17 21:15:00;0,05;4,08;102,109;149,6481;0
2026-04-17 21:30:00;0,06;3,89;99,649;147,1881;0
2026-04-17 21:45:00;0,06;8,93;97,179;144,7181;0
2026-04-17 22:00:00;0,05;9,8;110,009;157,5481;0
2026-04-17 22:15:00;0,05;9,33;105,719;153,2581;0
2026-04-17 22:30:00;0,05;9,09;97,229;144,7681;0
2026-04-17 22:45:00;0,05;8,7;95,269;142,8081;0
2026-04-17 23:00:00;0,05;9,2;100,689;148,2281;0
2026-04-17 23:15:00;0,05;9,12;96,779;144,3181;0
2026-04-17 23:30:00;0,05;9,55;95,989;143,5281;0
2026-04-17 23:45:00;0,05;9,26;92,769;140,3081;0
2026-04-18 00:00:00;0,05;7,73;94,619;142,1581;0
2026-04-18 00:15:00;0,06;7,69;93,509;141,0481;0
2026-04-18 00:30:00;0,05;9,76;93,839;141,3781;0
2026-04-18 00:45:00;0,05;9,35;92,969;140,5081;0
2026-04-18 01:00:00;0,05;7,4;91,949;139,4881;0
2026-04-18 01:15:00;0,05;8,95;90,309;137,8481;0
2026-04-18 01:30:00;0,05;8,71;90,459;137,9981;0
2026-04-18 01:45:00;0,05;8,19;90,109;137,6481;0
2026-04-18 02:00:00;0,05;7,26;90,259;137,7981;0
2026-04-18 02:15:00;0,05;7,48;90,749;138,2881;0
2026-04-18 02:30:00;0,05;7,75;90,929;138,4681;0
2026-04-18 02:45:00;0,04;6,71;92,039;139,5781;0
2026-04-18 03:00:00;0,06;8,07;92,559;140,0981;0
2026-04-18 03:15:00;0,05;14,91;92,169;139,7081;0
2026-04-18 03:30:00;0,05;15,21;93,439;140,9781;1,01E-05
2026-04-18 03:45:00;0,05;15,83;93,769;141,3081;0,002400344
2026-04-18 04:00:00;0,05;15,41;95,399;142,9381;0,008744843
2026-04-18 04:15:00;0,05;15,36;95,029;142,5681;0,017203128
2026-04-18 04:30:00;0,06;15,33;96,499;144,0381;0,028571205
2026-04-18 04:45:00;0,61;14,62;90,509;138,0481;0,044827525
2026-04-18 05:00:00;2,26;10,73;93,559;141,0981;0,06950192
2026-04-18 05:15:00;1,84;8;95,749;143,2881;0,09378936
2026-04-18 05:30:00;0,8;8,57;100,389;147,9281;0,120872684
2026-04-18 05:45:00;0,71;7,89;85,929;133,4681;0,1504627
2026-04-18 06:00:00;1,52;3,97;98,709;146,2481;0,21096493
2026-04-18 06:15:00;3,31;2,17;106,109;153,6481;0,24142039
2026-04-18 06:30:00;3,43;2,56;121,389;168,9281;0,27299133
2026-04-18 06:45:00;3,96;3,33;115,489;163,0281;0,30513495
2026-04-18 07:00:00;5,1;9,5;102,519;150,0581;0,35781512
2026-04-18 07:15:00;5,59;9,05;111,969;159,5081;0,38649607
2026-04-18 07:30:00;5,48;7,13;101,389;148,9281;0,41289574
2026-04-18 07:45:00;6,92;3,98;59,169;106,7081;0,4362351
2026-04-18 08:00:00;8,63;15,93;122,819;170,3581;0,4750398
2026-04-18 08:15:00;12,62;12,56;83,929;131,4681;0,49234614
2026-04-18 08:30:00;20,84;-2,49;41,959;89,4981;0,5050883
2026-04-18 08:45:00;20,98;-2,85;37,739;85,2781;0,50939363
2026-04-18 09:00:00;27,71;-10,22;48,799;96,3381;0,5303554
2026-04-18 09:15:00;45,85;-28,11;43,719;91,2581;0,53069437
2026-04-18 09:30:00;46,1;-30,2;65,749;113,2881;0,52825385
2026-04-18 09:45:00;15,71;-2,5;62,279;109,8181;0,5225152
2026-04-18 10:00:00;11,3;1,36;35,499;83,0381;0,5035625
2026-04-18 10:15:00;14,95;-1,93;44,979;92,5181;0,4911918
2026-04-18 10:30:00;7,27;6,54;30,849;78,3881;0,47816026
2026-04-18 10:45:00;5,77;6,97;31,869;79,4081;0,46401754
2026-04-18 11:00:00;8,74;3,49;34,989;82,5281;0,4435439
2026-04-18 11:15:00;10,34;3,14;34,359;81,8981;0,4283962
2026-04-18 11:30:00;20,84;-8,12;37,919;85,4581;0,41341606
2026-04-18 11:45:00;27,43;-16,59;37,989;85,5281;0,39900023
2026-04-18 12:00:00;22,32;-11,98;36,669;84,2081;0,4171978
2026-04-18 12:15:00;24,43;-14,23;37,839;85,3781;0,39933547
2026-04-18 12:30:00;20,16;-9,4;39,569;87,1081;0,3800972
2026-04-18 12:45:00;13,35;-2,63;43,249;90,7881;0,35912973
2026-04-18 13:00:00;22,12;-11,25;22,259;69,7981;0,35422447
2026-04-18 13:15:00;12,76;-1,16;35,469;83,0081;0,32991987
2026-04-18 13:30:00;11,96;-1,38;60,749;108,2881;0,30544132
2026-04-18 13:45:00;14,43;-1,87;58,099;105,6381;0,28107372
2026-04-18 14:00:00;13,54;0,55;31,839;79,3781;0,26189426
2026-04-18 14:15:00;36,08;-24,73;72,089;119,6281;0,23611365
2026-04-18 14:30:00;21,81;-11,08;122,209;169,7481;0,21078208
2026-04-18 14:45:00;21,8;-17,01;155,419;202,9581;0,18631518
2026-04-18 15:00:00;21,35;-5,36;88,549;136,0881;0,16587304
2026-04-18 15:15:00;21,58;-4,21;83,559;131,0981;0,1414353
2026-04-18 15:30:00;19,87;-3,12;102,519;150,0581;0,11747786
2026-04-18 15:45:00;25,4;-6,84;99,649;147,1881;0,09457874
2026-04-18 16:00:00;24,95;-5,2;105,009;152,5481;0,07744302
2026-04-18 16:15:00;27,98;-8,84;105,809;153,3481;0,05653716
2026-04-18 16:30:00;24,36;-5,35;115,259;162,7981;0,03819621
2026-04-18 16:45:00;19,02;1,46;128,919;176,4581;0,02339232
2026-04-18 17:00:00;17,46;3,26;113,989;161,5281;0,014059654
2026-04-18 17:15:00;10,9;2,45;127,479;175,0181;0,005700572
2026-04-18 17:30:00;7,56;5,14;136,779;184,3181;0,001067178
2026-04-18 17:45:00;4,74;6,73;140,749;188,2881;0
2026-04-18 18:00:00;3,05;7,4;133,349;180,8881;0
2026-04-18 18:15:00;2,3;7,55;143,689;191,2281;0
2026-04-18 18:30:00;0,6;9,53;143,679;191,2181;0
2026-04-18 18:45:00;0,06;7,59;139,249;186,7881;0
2026-04-18 19:00:00;0,05;5,95;147,059;194,5981;0
2026-04-18 19:15:00;0,05;8,04;136,239;183,7781;0
2026-04-18 19:30:00;0,05;8,14;118,759;166,2981;0
2026-04-18 19:45:00;0,05;7,92;119,239;166,7781;0
2026-04-18 20:00:00;0,06;6,88;110,979;158,5181;0
2026-04-18 20:15:00;0,05;7,28;110,149;157,6881;0
2026-04-18 20:30:00;0,06;6,73;110,009;157,5481;0
2026-04-18 20:45:00;0,05;6,54;115,749;163,2881;0
2026-04-18 21:00:00;0,06;4,28;110,749;158,2881;0
2026-04-18 21:15:00;0,05;5,03;113,349;160,8881;0
2026-04-18 21:30:00;0,05;4,06;114,779;162,3181;0
2026-04-18 21:45:00;0,05;9,39;102,899;150,4381;0
2026-04-18 22:00:00;0,05;11,21;113,439;160,9781;0
2026-04-18 22:15:00;0,05;10,81;104,619;152,1581;0
2026-04-18 22:30:00;0,06;8,06;109,549;157,0881;0
2026-04-18 22:45:00;0,06;7,56;109,669;157,2081;0
2026-04-18 23:00:00;0,04;8,38;106,789;154,3281;0
2026-04-18 23:15:00;0,05;9,74;88,189;135,7281;0
2026-04-18 23:30:00;0,05;13,06;90,029;137,5681;0
2026-04-18 23:45:00;0,05;15,66;85,189;132,7281;0
2026-04-19 00:00:00;0,05;13,84;106,209;153,7481;0
2026-04-19 00:15:00;0,04;12,14;105,969;153,5081;0
2026-04-19 00:30:00;0,04;12,63;104,999;152,5381;0
2026-04-19 00:45:00;0,04;13,03;103,409;150,9481;0
2026-04-19 01:00:00;0,05;11,83;105,719;153,2581;0
2026-04-19 01:15:00;0,05;13,63;102,079;149,6181;0
2026-04-19 01:30:00;0,05;13,94;90,749;138,2881;0
2026-04-19 01:45:00;0,04;10,73;85,359;132,8981;0
2026-04-19 02:00:00;0,05;7,7;103,449;150,9881;0
2026-04-19 02:15:00;0,05;9,55;102,949;150,4881;0
2026-04-19 02:30:00;0,05;9,72;94,509;142,0481;0
2026-04-19 02:45:00;0,05;8,97;91,089;138,6281;0
2026-04-19 03:00:00;0,04;8,98;79,639;127,1781;0
2026-04-19 03:15:00;0,04;13,18;78,739;126,2781;0
2026-04-19 03:30:00;0,05;14,02;80,289;127,8281;6,44E-05
2026-04-19 03:45:00;0,04;16,34;84,889;132,4281;0,001829266
2026-04-19 04:00:00;0,04;23,25;84,609;132,1481;0,006229911
2026-04-19 04:15:00;0,04;21,49;84,929;132,4681;0,012464752
2026-04-19 04:30:00;0,06;17,61;98,239;145,7781;0,020599924
2026-04-19 04:45:00;0,69;22,34;94,769;142,3081;0,030682525
2026-04-19 05:00:00;2,51;21,26;102,279;149,8181;0,048737593
2026-04-19 05:15:00;4,93;16,98;98,239;145,7781;0,061557166
2026-04-19 05:30:00;8,32;8,34;92,419;139,9581;0,074459195
2026-04-19 05:45:00;12,75;1,83;72,769;120,3081;0,08728412
2026-04-19 06:00:00;19,82;-5,37;123,979;171,5181;0,09378291
2026-04-19 06:15:00;27,79;-13,14;98,719;146,2581;0,10764483
2026-04-19 06:30:00;36,26;-21,65;89,319;136,8581;0,12163724
2026-04-19 06:45:00;44,6;-30,96;70,749;118,2881;0,1355058
2026-04-19 07:00:00;53,6;-42,02;98,329;145,8681;0,12849094
2026-04-19 07:15:00;64,28;-49,86;71,529;119,0681;0,14190921
2026-04-19 07:30:00;55,84;-43,74;67,639;115,1781;0,15460731
2026-04-19 07:45:00;61,15;-50,18;61,379;108,9181;0,16636132
2026-04-19 08:00:00;49,83;-32,65;57,329;104,8681;0,1653108
2026-04-19 08:15:00;54,36;-39,6;47,209;94,7481;0,17847872
2026-04-19 08:30:00;76,75;-64,15;39,899;87,4381;0,18766417
2026-04-19 08:45:00;102,5;-89,07;26,199;73,7381;0,19100979
2026-04-19 09:00:00;100,28;-87,21;36,069;83,6081;0,1685266
2026-04-19 09:15:00;63,2;-49,84;21,059;68,5981;0,17214172
2026-04-19 09:30:00;89,47;-75,92;8,979;56,5181;0,17474921
2026-04-19 09:45:00;92,07;-77,87;-1,131;46,4081;0,17665406
2026-04-19 10:00:00;51,45;-37,55;30,479;78,0181;0,145166
2026-04-19 10:15:00;49,54;-33,55;-7,551;39,9881;0,14695166
2026-04-19 10:30:00;52,01;-40,92;-9,251;38,2881;0,14887989
2026-04-19 10:45:00;58,32;-47,28;-9,261;38,2781;0,15090789
2026-04-19 11:00:00;61,62;-49,29;-9,251;38,2881;0,13410829
2026-04-19 11:15:00;79,24;-65,92;-9,341;38,1981;0,13832702
2026-04-19 11:30:00;66,41;-54,65;-10,451;37,0881;0,14225663
2026-04-19 11:45:00;78,08;-66,59;-11,351;36,1881;0,14679687
2026-04-19 12:00:00;112,32;-100,05;-11,351;36,1881;0,13104914
2026-04-19 12:15:00;91,8;-80,07;-11,741;35,7981;0,13579261
2026-04-19 12:30:00;76,43;-64,01;-12,291;35,2481;0,13988264
2026-04-19 12:45:00;107,71;-94,13;-13,641;33,8981;0,14348108
2026-04-19 13:00:00;101,49;-88,17;-12,461;35,0781;0,15738381
2026-04-19 13:15:00;110,87;-95,8;-12,051;35,4881;0,1587452
2026-04-19 13:30:00;103,44;-87,06;-11,261;36,2781;0,1579922
2026-04-19 13:45:00;90,35;-77,26;-10,251;37,2881;0,15466222
2026-04-19 14:00:00;69,74;-54,62;-11,261;36,2781;0,14042346
2026-04-19 14:15:00;68,96;-56,52;-10,541;36,9981;0,13642329
2026-04-19 14:30:00;66,99;-55,79;-0,071;47,4681;0,1291761
2026-04-19 14:45:00;66,31;-55,44;28,199;75,7381;0,118471496
2026-04-19 15:00:00;69,13;-56,69;11,849;59,3881;0,09714213
2026-04-19 15:15:00;59,17;-39,28;41,469;89,0081;0,087158814
2026-04-19 15:30:00;49,7;-29,67;57,489;105,0281;0,07656031
2026-04-19 15:45:00;39,66;-19,81;80,219;127,7581;0,0655343
2026-04-19 16:00:00;30,95;-9,94;83,429;130,9681;0,05256087
2026-04-19 16:15:00;24,83;-4,03;96,869;144,4081;0,041292507
2026-04-19 16:30:00;19,79;2,73;110,489;158,0281;0,02979335
2026-04-19 16:45:00;18,04;5,29;123,869;171,4081;0,019378798
2026-04-19 17:00:00;15,06;8,08;114,489;162,0281;0,010782803
2026-04-19 17:15:00;12,16;6,53;115,749;163,2881;0,004955825
2026-04-19 17:30:00;7,72;5,19;115,749;163,2881;0,001127278
2026-04-19 17:45:00;7,55;4,89;113,199;160,7381;0
2026-04-19 18:00:00;5,61;6,89;112,169;159,7081;0
2026-04-19 18:15:00;2,15;10,61;119,249;166,7881;0
2026-04-19 18:30:00;0,74;11,01;120,839;168,3781;0
2026-04-19 18:45:00;0,1;10,86;130,749;178,2881;0
2026-04-19 19:00:00;0,05;9,5;124,199;171,7381;0
2026-04-19 19:15:00;0,05;9,75;117,999;165,5381;0
2026-04-19 19:30:00;0,05;9,75;116,249;163,7881;0
2026-04-19 19:45:00;0,05;10,47;123,359;170,8981;0
2026-04-19 20:00:00;0,05;9,93;115,749;163,2881;0
2026-04-19 20:15:00;0,05;8,99;118,459;165,9981;0
2026-04-19 20:30:00;0,05;8,67;115,749;163,2881;0
2026-04-19 20:45:00;0,05;8,67;110,749;158,2881;0
2026-04-19 21:00:00;0,04;10,01;109,009;156,5481;0
2026-04-19 21:15:00;0,05;10,1;107,739;155,2781;0
2026-04-19 21:30:00;0,05;7,76;108,399;155,9381;0
2026-04-19 21:45:00;0,05;12,31;105,609;153,1481;0
2026-04-19 22:00:00;0,05;9,74;140,749;188,2881;0
2026-04-19 22:15:00;0,05;7,52;115,749;163,2881;0
2026-04-19 22:30:00;0,05;7,78;112,879;160,4181;0
2026-04-19 22:45:00;0,06;7,43;121,309;168,8481;0
2026-04-19 23:00:00;0,05;9,32;110,929;158,4681;0
2026-04-19 23:15:00;0,05;11,2;106,239;153,7781;0
2026-04-19 23:30:00;0,04;11,59;105,209;152,7481;0
2026-04-19 23:45:00;0,04;8,99;111,409;158,9481;0
2026-04-20 00:00:00;0,05;9,1;115,829;163,3681;0
2026-04-20 00:15:00;0,04;7,6;115,319;162,8581;0
2026-04-20 00:30:00;0,05;9,71;110,439;157,9781;0
2026-04-20 00:45:00;0,05;9,85;109,619;157,1581;0
2026-04-20 01:00:00;0,05;8,75;110,749;158,2881;0
2026-04-20 01:15:00;0,05;9,52;110,619;158,1581;0
2026-04-20 01:30:00;0,05;9,43;109,969;157,5081;0
2026-04-20 01:45:00;0,05;8,28;102,579;150,1181;0
2026-04-20 02:00:00;0,05;10,79;106,509;154,0481;0
2026-04-20 02:15:00;0,05;9,67;100,989;148,5281;0
2026-04-20 02:30:00;0,05;8,52;102,129;149,6681;0
2026-04-20 02:45:00;0,05;11,54;113,359;160,8981;0
2026-04-20 03:00:00;0,04;14,04;84,549;132,0881;0
2026-04-20 03:15:00;0,05;18,82;100,749;148,2881;0
2026-04-20 03:30:00;0,04;19,99;108,499;156,0381;0,000275678
2026-04-20 03:45:00;0,05;16,67;130,509;178,0481;0,004082548
2026-04-20 04:00:00;0,05;19,88;99,389;146,9281;0,011348183
2026-04-20 04:15:00;0,05;20,75;114,869;162,4081;0,019068694
2026-04-20 04:30:00;0,05;14,69;137,459;184,9981;0,030610014
2026-04-20 04:45:00;0,79;14,9;120,749;168,2881;0,049708713
2026-04-20 05:00:00;1,96;10,57;174,079;221,6181;0,091468416
2026-04-20 05:15:00;3,84;-2,03;206,049;253,5881;0,12116206
2026-04-20 05:30:00;7,57;-3,8;180,749;228,2881;0,15379064
2026-04-20 05:45:00;12,55;-8,37;148,119;195,6581;0,18834524
2026-04-20 06:00:00;20,58;-14,95;260,389;307,9281;0,25342408
2026-04-20 06:15:00;27,53;-22,61;185,749;233,2881;0,2880427
2026-04-20 06:30:00;36,46;-26,88;131,009;178,5481;0,32190457
2026-04-20 06:45:00;45,46;-37,31;116,759;164,2981;0,35367712
2026-04-20 07:00:00;58,31;-53,37;232,279;279,8181;0,39171937
2026-04-20 07:15:00;66,71;-48,38;131,319;178,8581;0,4160451
2026-04-20 07:30:00;83,04;-65;103,969;151,5081;0,43689656
2026-04-20 07:45:00;69,74;-54,88;83,589;131,1281;0,4540309
2026-04-20 08:00:00;35,39;-21,65;142,749;190,2881;0,47708812
2026-04-20 08:15:00;52,75;-37,38;108,019;155,5581;0,48613423
2026-04-20 08:30:00;91,83;-74,87;91,759;139,2981;0,49299973
2026-04-20 08:45:00;114,67;-97,22;85,899;133,4381;0,49410746
2026-04-20 09:00:00;112,68;-101,73;120,749;168,2881;0,48150417
2026-04-20 09:15:00;104,84;-87,88;95,749;143,2881;0,48000172
2026-04-20 09:30:00;104,6;-89,12;80,589;128,1281;0,4760676
2026-04-20 09:45:00;124,85;-108,83;53,729;101,2681;0,47205094
2026-04-20 10:00:00;100,43;-85,56;72,349;119,8881;0,46581152
2026-04-20 10:15:00;73,59;-59,24;48,049;95,5881;0,4628474
2026-04-20 10:30:00;44,44;-31,31;40,749;88,2881;0,4597523
2026-04-20 10:45:00;78,18;-65,46;28,639;76,1781;0,45621425
2026-04-20 11:00:00;60,52;-47,36;42,709;90,2481;0,45468
2026-04-20 11:15:00;118,35;-103,63;40,699;88,2381;0,44830975
2026-04-20 11:30:00;112,98;-100,39;40,259;87,7981;0,44195804
2026-04-20 11:45:00;64,73;-53,14;38,079;85,6181;0,43425962
2026-04-20 12:00:00;77,48;-65,92;20,749;68,2881;0,4237128
2026-04-20 12:15:00;53,87;-41,73;26,169;73,7081;0,41290644
2026-04-20 12:30:00;55,49;-44,65;56,059;103,5981;0,40126118
2026-04-20 12:45:00;41,2;-29,32;65,749;113,2881;0,38904428
2026-04-20 13:00:00;28,81;-17,57;64,009;111,5481;0,38386858
2026-04-20 13:15:00;70,61;-59,36;88,389;135,9281;0,36631233
2026-04-20 13:30:00;56,86;-47,62;97,029;144,5681;0,3465094
2026-04-20 13:45:00;85,6;-76,27;100,749;148,2881;0,32490036
2026-04-20 14:00:00;102,78;-91,48;56,069;103,6081;0,3076453
2026-04-20 14:15:00;55,15;-45,1;51,469;99,0081;0,27840874
2026-04-20 14:30:00;16,45;-5,28;72,719;120,2581;0,24910589
2026-04-20 14:45:00;20,82;-9,19;90,749;138,2881;0,22046642
2026-04-20 15:00:00;71,03;-54,38;80,749;128,2881;0,20077956
2026-04-20 15:15:00;52,52;-34,75;87,049;134,5881;0,17073426
2026-04-20 15:30:00;33,88;-16,67;119,749;167,2881;0,14080234
2026-04-20 15:45:00;30,93;-18,32;140,749;188,2881;0,11210702
2026-04-20 16:00:00;38,23;-19,48;110,649;158,1881;0,09178073
2026-04-20 16:15:00;30,69;-10,23;130,749;178,2881;0,06531898
2026-04-20 16:30:00;24,23;-4,55;118,059;165,5981;0,04321681
2026-04-20 16:45:00;21,72;-5,15;147,549;195,0881;0,02646915
2026-04-20 17:00:00;22,31;0,63;119,049;166,5881;0,01771827
2026-04-20 17:15:00;11,38;3,03;120,939;168,4781;0,008273224
2026-04-20 17:30:00;4,72;2,16;140,749;188,2881;0,002062611
2026-04-20 17:45:00;3,56;4,85;200,489;248,0281;3,49E-06
2026-04-20 18:00:00;2,66;9,24;125,409;172,9481;0
2026-04-20 18:15:00;1,77;9,96;128,419;175,9581;0
2026-04-20 18:30:00;0,67;10,28;131,879;179,4181;0
2026-04-20 18:45:00;0,08;5,42;140,749;188,2881;0
2026-04-20 19:00:00;0,06;7,81;130,219;177,7581;0
2026-04-20 19:15:00;0,05;8,55;126,389;173,9281;0
2026-04-20 19:30:00;0,05;8,09;121,039;168,5781;0
2026-04-20 19:45:00;0,06;8,17;129,949;177,4881;0
2026-04-20 20:00:00;0,06;6,99;110,749;158,2881;0
2026-04-20 20:15:00;0,06;5,95;110,749;158,2881;0
2026-04-20 20:30:00;0,06;6,27;112,829;160,3681;0
2026-04-20 20:45:00;0,06;6,42;103,649;151,1881;0
2026-04-20 21:00:00;0,06;5,98;98,769;146,3081;0
2026-04-20 21:15:00;0,06;3,73;90,749;138,2881;0
2026-04-20 21:30:00;0,05;5,9;80,749;128,2881;0
2026-04-20 21:45:00;0,05;9,96;73,029;120,5681;0
2026-04-20 22:00:00;0,05;9,34;77,399;124,9381;0
2026-04-20 22:15:00;0,05;7,78;79,129;126,6681;0
2026-04-20 22:30:00;0,05;7,34;73,949;121,4881;0
2026-04-20 22:45:00;0,05;6,49;69,209;116,7481;0
2026-04-20 23:00:00;0,05;10;86,129;133,6681;0
2026-04-20 23:15:00;0,05;12,32;80,949;128,4881;0
2026-04-20 23:30:00;0,05;8,41;90,749;138,2881;0
2026-04-20 23:45:00;0,05;9;82,589;130,1281;0
2026-04-21 00:00:00;0,05;10,09;80,369;127,9081;0
2026-04-21 00:15:00;0,05;9,19;80,369;127,9081;0
2026-04-21 00:30:00;0,05;9,44;82,519;130,0581;0
2026-04-21 00:45:00;0,05;11,73;81,569;129,1081;0
2026-04-21 01:00:00;0,05;9,64;82,009;129,5481;0
2026-04-21 01:15:00;0,05;8,35;80,749;128,2881;0
2026-04-21 01:30:00;0,05;9,76;83,199;130,7381;0
2026-04-21 01:45:00;0,05;5,81;100,289;147,8281;0
2026-04-21 02:00:00;0,05;10,15;80,749;128,2881;0
2026-04-21 02:15:00;0,05;8,87;89,519;137,0581;0
2026-04-21 02:30:00;0,05;8,82;84,009;131,5481;0
2026-04-21 02:45:00;0,05;7,09;90,749;138,2881;0
2026-04-21 03:00:00;0,05;8,95;68,939;116,4781;0
2026-04-21 03:15:00;0,06;13,56;71,539;119,0781;0
2026-04-21 03:30:00;0,05;17,58;76,499;124,0381;0,000483095
2026-04-21 03:45:00;0,05;17,25;81,369;128,9081;0,004554507
2026-04-21 04:00:00;0,05;18,45;85,579;133,1181;0,012283176
2026-04-21 04:15:00;0,04;15,79;96,749;144,2881;0,021042386
2026-04-21 04:30:00;0,05;15,26;99,429;146,9681;0,03332327
2026-04-21 04:45:00;0,1;13,94;110,499;158,0381;0,05130846
2026-04-21 05:00:00;0,23;12,69;131,749;179,2881;0,07575793
2026-04-21 05:15:00;0,98;9,87;126,529;174,0681;0,100374185
2026-04-21 05:30:00;1,81;8,62;119,279;166,8181;0,12688227
2026-04-21 05:45:00;2,91;5,26;114,259;161,7981;0,15502316
2026-04-21 06:00:00;5,6;-0,02;140,779;188,3181;0,19758056
2026-04-21 06:15:00;8,67;0,69;123,969;171,5081;0,22514945
2026-04-21 06:30:00;7,79;0,05;115,309;162,8481;0,25171477
2026-04-21 06:45:00;9,2;6,96;94,439;141,9781;0,2763379
2026-04-21 07:00:00;14,45;4,05;135,749;183,2881;0,33522838
2026-04-21 07:15:00;19,93;-5,78;111,179;158,7181;0,3548635
2026-04-21 07:30:00;21,59;-8,23;82,809;130,3481;0,37447828
2026-04-21 07:45:00;26,02;-13,41;37,719;85,2581;0,39542902
2026-04-21 08:00:00;27,75;0,13;66,839;114,3781;0,41978166
2026-04-21 08:15:00;29,04;-0,46;52,849;100,3881;0,4391924
2026-04-21 08:30:00;37;-20,37;32,709;80,2481;0,4562484
2026-04-21 08:45:00;46,52;-30,75;4,659;52,1981;0,4682695
2026-04-21 09:00:00;78,85;-65,08;23,909;71,4481;0,4672694
2026-04-21 09:15:00;39,92;-26,56;10,219;57,7581;0,4734828
2026-04-21 09:30:00;96,39;-82,04;0,729;48,2681;0,47614533
2026-04-21 09:45:00;61,91;-42,52;-6,801;40,7381;0,47469
2026-04-21 10:00:00;88,37;-62,69;0,079;47,6181;0,4775116
2026-04-21 10:15:00;74,64;-48,95;-6,481;41,0581;0,47069374
2026-04-21 10:30:00;71,35;-46,27;-7,921;39,6181;0,46364197
2026-04-21 10:45:00;125,15;-98,47;-8,301;39,2381;0,45540223
2026-04-21 11:00:00;121,31;-104,39;-9,261;38,2781;0,4739444
2026-04-21 11:15:00;124,38;-102,83;-9,301;38,2381;0,4601912
2026-04-21 11:30:00;93,8;-73,72;-9,361;38,1781;0,44652724
2026-04-21 11:45:00;124,78;-104,28;-9,361;38,1781;0,43101865
2026-04-21 12:00:00;115,29;-97,09;-9,351;38,1881;0,41076007
2026-04-21 12:15:00;121,5;-105,7;-9,351;38,1881;0,39008284
2026-04-21 12:30:00;93,06;-76,36;-9,361;38,1781;0,3715977
2026-04-21 12:45:00;87,86;-72;-9,361;38,1781;0,35508823
2026-04-21 13:00:00;99,95;-84,95;-9,361;38,1781;0,33762652
2026-04-21 13:15:00;77,75;-62,49;-9,361;38,1781;0,32067373
2026-04-21 13:30:00;63,36;-49,25;-8,481;39,0581;0,3021938
2026-04-21 13:45:00;51,11;-36,15;-8,481;39,0581;0,28229332
2026-04-21 14:00:00;71,45;-57,56;-8,101;39,4381;0,2320726
2026-04-21 14:15:00;48,09;-34,93;-7,161;40,3781;0,2162188
2026-04-21 14:30:00;63,94;-51,12;-1,991;45,5481;0,19928192
2026-04-21 14:45:00;30,18;-18,04;24,579;72,1181;0,18171401
2026-04-21 15:00:00;62,03;-49;11,499;59,0381;0,17261791
2026-04-21 15:15:00;60,53;-41,09;36,509;84,0481;0,14998624
2026-04-21 15:30:00;41,66;-23,18;55,029;102,5681;0,12638846
2026-04-21 15:45:00;43,05;-23,79;68,329;115,8681;0,102802664
2026-04-21 16:00:00;35,61;-16,1;52,439;99,9781;0,086358644
2026-04-21 16:15:00;29,52;-10,84;62,569;110,1081;0,063045725
2026-04-21 16:30:00;23,14;-4,13;100,749;148,2881;0,042644203
2026-04-21 16:45:00;16,84;6,01;122,929;170,4681;0,026681328
2026-04-21 17:00:00;12,32;12,72;79,909;127,4481;0,018134976
2026-04-21 17:15:00;8,93;11,9;103,909;151,4481;0,00900012
2026-04-21 17:30:00;5,91;10,03;106,749;154,2881;0,002472855
2026-04-21 17:45:00;4,11;8,28;120,749;168,2881;2,81E-05
2026-04-21 18:00:00;3,12;9,04;116,289;163,8281;0
2026-04-21 18:15:00;2;9,35;109,799;157,3381;0
2026-04-21 18:30:00;1,01;10,53;108,209;155,7481;0
2026-04-21 18:45:00;0,17;10,5;107,919;155,4581;0
2026-04-21 19:00:00;0,05;10,94;110,749;158,2881;0
2026-04-21 19:15:00;0,05;8,17;110,749;158,2881;0
2026-04-21 19:30:00;0,05;8,06;106,679;154,2181;0
2026-04-21 19:45:00;0,05;8,27;113,469;161,0081;0
2026-04-21 20:00:00;0,05;7,43;106,749;154,2881;0
2026-04-21 20:15:00;0,05;6,2;106,749;154,2881;0
2026-04-21 20:30:00;0,05;6,41;106,749;154,2881;0
2026-04-21 20:45:00;0,05;6,38;106,749;154,2881;0
2026-04-21 21:00:00;0,04;7,14;87,159;134,6981;0
2026-04-21 21:15:00;0,05;5,64;90,749;138,2881;0
2026-04-21 21:30:00;0,05;5,72;81,409;128,9481;0
2026-04-21 21:45:00;0,05;9,2;83,669;131,2081;0
2026-04-21 22:00:00;0,05;9,81;81,389;128,9281;0
2026-04-21 22:15:00;0,05;9,23;79,779;127,3181;0
2026-04-21 22:30:00;0,05;10,6;84,739;132,2781;0
2026-04-21 22:45:00;0,05;15,23;81,409;128,9481;0
2026-04-21 23:00:00;0,05;12,16;83,549;131,0881;0
2026-04-21 23:15:00;0,05;11,07;84,049;131,5881;0
2026-04-21 23:30:00;0,05;14,23;79,979;127,5181;0
2026-04-21 23:45:00;0,05;14,72;81,659;129,1981;0
2026-04-22 00:00:00;0,06;15,22;90,749;138,2881;0
2026-04-22 00:15:00;0,05;15,27;80,749;128,2881;0
2026-04-22 00:30:00;0,04;13,17;85,499;133,0381;0
2026-04-22 00:45:00;0,04;14,09;74,749;122,2881;0
2026-04-22 01:00:00;0,05;12,39;79,449;126,9881;0
2026-04-22 01:15:00;0,05;13,36;79,399;126,9381;0
2026-04-22 01:30:00;0,05;10,71;89,149;136,6881;0
2026-04-22 01:45:00;0,04;9,94;89,239;136,7781;0
2026-04-22 02:00:00;0,05;9,56;79,169;126,7081;0
2026-04-22 02:15:00;0,05;10,59;73,479;121,0181;0
2026-04-22 02:30:00;0,05;10,66;73,939;121,4781;0
2026-04-22 02:45:00;0,05;8,4;78,959;126,4981;0
2026-04-22 03:00:00;0,04;10,08;72,069;119,6081;0
2026-04-22 03:15:00;0,05;10,55;79,649;127,1881;0
2026-04-22 03:30:00;0,05;10,67;85,669;133,2081;0,000810967
2026-04-22 03:45:00;0,05;9,42;97,519;145,0581;0,005102972
2026-04-22 04:00:00;0,06;15,48;91,989;139,5281;0,012934331
2026-04-22 04:15:00;0,05;15,91;99,199;146,7381;0,02301285
2026-04-22 04:30:00;0,21;18,55;119,579;167,1181;0,03638726
2026-04-22 04:45:00;1,53;15,24;106,519;154,0581;0,053134922
2026-04-22 05:00:00;3,26;5,45;162,749;210,2881;0,06580429
2026-04-22 05:15:00;5,87;2,39;149,069;196,6081;0,0855175
2026-04-22 05:30:00;9,2;-5,42;129,779;177,3181;0,10578428
2026-04-22 05:45:00;13,59;-5,39;112,439;159,9781;0,12697
2026-04-22 06:00:00;20,61;-12,27;129,269;176,8081;0,1392683
2026-04-22 06:15:00;28,48;-27,32;140,469;188,0081;0,16278362
2026-04-22 06:30:00;37,09;-29,57;117,889;165,4281;0,18672246
2026-04-22 06:45:00;46,03;-39,04;70,569;118,1081;0,21124656
2026-04-22 07:00:00;55,07;-48,76;145,639;193,1781;0,21922702
2026-04-22 07:15:00;63,49;-49,7;99,789;147,3281;0,24462754
2026-04-22 07:30:00;72,07;-56,55;71,679;119,2181;0,27024296
2026-04-22 07:45:00;79,93;-65,02;45,899;93,4381;0,2960065
2026-04-22 08:00:00;86,21;-65,56;39,279;86,8181;0,3031882
2026-04-22 08:15:00;92,1;-73,25;4,479;52,0181;0,3289787
2026-04-22 08:30:00;96,93;-79,47;-8,531;39,0081;0,35539973
2026-04-22 08:45:00;101,53;-83,77;-10,121;37,4181;0,3818391
2026-04-22 09:00:00;105,97;-91,29;-9,251;38,2881;0,45978633
2026-04-22 09:15:00;109,86;-92,57;-9,721;37,8181;0,4805984
2026-04-22 09:30:00;113,64;-101,59;-9,801;37,7381;0,49916804
2026-04-22 09:45:00;116,09;-92,77;-12,281;35,2581;0,5142021
2026-04-22 10:00:00;118,19;-95,72;-10,671;36,8681;0,53851336
2026-04-22 10:15:00;119,41;-103,01;-13,121;34,4181;0,5446075
2026-04-22 10:30:00;121,13;-103,85;-15,191;32,3481;0,54744357
2026-04-22 10:45:00;122,04;-105,45;-19,851;27,6881;0,54739946
2026-04-22 11:00:00;122,46;-105,09;-20,901;26,6381;0,5328461
2026-04-22 11:15:00;122,45;-104,35;-26,191;21,3481;0,5293865
2026-04-22 11:30:00;122,34;-100,98;-32,411;15,1281;0,5259113
2026-04-22 11:45:00;121,11;-105,62;-33,011;14,5281;0,5197596
2026-04-22 12:00:00;120,17;-103,97;-35,571;11,9681;0,4785368
2026-04-22 12:15:00;118,23;-99,6;-29,881;17,6581;0,46891528
2026-04-22 12:30:00;116,13;-100,5;-23,251;24,2881;0,45740807
2026-04-22 12:45:00;113,74;-97,76;-18,891;28,6481;0,44365162
2026-04-22 13:00:00;110,97;-91,98;-18,261;29,2781;0,3926621
2026-04-22 13:15:00;107,8;-84,78;-13,711;33,8281;0,38029876
2026-04-22 13:30:00;104,26;-86,97;-11,081;36,4581;0,36605263
2026-04-22 13:45:00;99,23;-84,13;-10,331;37,2081;0,34980497
2026-04-22 14:00:00;94,61;-80,3;-10,461;37,0781;0,3133797
2026-04-22 14:15:00;89,31;-75,02;-10,111;37,4281;0,2932258
2026-04-22 14:30:00;83,69;-67,59;-8,371;39,1681;0,2705852
2026-04-22 14:45:00;77,27;-62,63;-5,501;42,0381;0,24591234
2026-04-22 15:00:00;69,63;-51,07;-5,091;42,4481;0,21250202
2026-04-22 15:15:00;61,84;-40,94;13,349;60,8881;0,18427809
2026-04-22 15:30:00;53,76;-33,23;52,409;99,9481;0,15343413
2026-04-22 15:45:00;45,23;-24,13;75,319;122,8581;0,12296641
2026-04-22 16:00:00;37,68;-16,24;46,919;94,4581;0,09743073
2026-04-22 16:15:00;30,25;-9,47;63,119;110,6581;0,06891928
2026-04-22 16:30:00;23,09;-2,49;81,979;129,5181;0,044306684
2026-04-22 16:45:00;16,9;5,98;95,269;142,8081;0,026926149
2026-04-22 17:00:00;11,94;12,81;82,019;129,5581;0,018800156
2026-04-22 17:15:00;8,22;8,94;112,859;160,3981;0,010414467
2026-04-22 17:30:00;5,17;9,61;100,869;148,4081;0,003312639
2026-04-22 17:45:00;3,52;10,3;127,239;174,7781;9,78E-05
2026-04-22 18:00:00;2,7;10,23;103,619;151,1581;0
2026-04-22 18:15:00;1,82;10,41;104,599;152,1381;0
2026-04-22 18:30:00;0,99;11,07;107,609;155,1481;0
2026-04-22 18:45:00;0,2;8,12;128,719;176,2581;0
2026-04-22 19:00:00;0,05;9,87;113,489;161,0281;0
2026-04-22 19:15:00;0,06;9,44;96,609;144,1481;0
2026-04-22 19:30:00;0,06;9,5;92,609;140,1481;0
2026-04-22 19:45:00;0,06;9,07;100,299;147,8381;0
2026-04-22 20:00:00;0,06;7,73;95,539;143,0781;0
2026-04-22 20:15:00;0,06;6,49;107,579;155,1181;0
2026-04-22 20:30:00;0,06;6,45;108,819;156,3581;0
2026-04-22 20:45:00;0,06;6,22;106,069;153,6081;0
2026-04-22 21:00:00;0,06;6,2;85,019;132,5581;0
2026-04-22 21:15:00;0,05;4,46;78,869;126,4081;0
2026-04-22 21:30:00;0,06;5,1;80,119;127,6581;0
2026-04-22 21:45:00;0,05;9,18;78,659;126,1981;0
2026-04-22 22:00:00;0,05;9,26;97,509;145,0481;0
2026-04-22 22:15:00;0,05;7,25;90,579;138,1181;0
2026-04-22 22:30:00;0,05;6,44;80,969;128,5081;0
2026-04-22 22:45:00;0,05;9,94;71,129;118,6681;0
2026-04-22 23:00:00;0,05;6,86;82,649;130,1881;0
2026-04-22 23:15:00;0,05;7,82;80,179;127,7181;0
2026-04-22 23:30:00;0,06;10,06;77,989;125,5281;0
2026-04-22 23:45:00;0,05;11,34;70,509;118,0481;0
2026-04-23 00:00:00;0,05;11,24;74,489;122,0281;0
2026-04-23 00:15:00;0,06;8,72;79,429;126,9681;0
2026-04-23 00:30:00;0,05;10,08;77,959;125,4981;0
2026-04-23 00:45:00;0,05;11,62;71,739;119,2781;0
2026-04-23 01:00:00;0,05;8,59;75,489;123,0281;0
2026-04-23 01:15:00;0,05;8,58;76,209;123,7481;0
2026-04-23 01:30:00;0,06;10,94;73,019;120,5581;0
2026-04-23 01:45:00;0,06;6,8;73,949;121,4881;0
2026-04-23 02:00:00;0,05;8,08;72,089;119,6281;0
2026-04-23 02:15:00;0,05;6,87;74,849;122,3881;0
2026-04-23 02:30:00;0,04;7,79;75,269;122,8081;0
2026-04-23 02:45:00;0,07;7,86;80,259;127,7981;0
2026-04-23 03:00:00;0,05;10,45;72,159;119,6981;0
2026-04-23 03:15:00;0,06;16,14;78,059;125,5981;0
2026-04-23 03:30:00;0,06;16,35;82,269;129,8081;0,001725643
2026-04-23 03:45:00;0,05;16,39;97,189;144,7281;0,007726374
2026-04-23 04:00:00;0,05;15,52;94,429;141,9681;0,015555012
2026-04-23 04:15:00;0,05;14,79;103,609;151,1481;0,023112904
2026-04-23 04:30:00;0,42;16,18;104,159;151,6981;0,036841284
2026-04-23 04:45:00;1,89;13,6;110,079;157,6181;0,06168714
2026-04-23 05:00:00;3,66;10,98;113,829;161,3681;0,110980764
2026-04-23 05:15:00;6,77;4,01;117,149;164,6881;0,14912385
2026-04-23 05:30:00;10,53;1,51;114,969;162,5081;0,19051114
2026-04-23 05:45:00;15,24;-4,51;97,869;145,4081;0,23637837
2026-04-23 06:00:00;22,24;-9,78;130,239;177,7781;0,3049154
2026-04-23 06:15:00;30,46;-25,1;140,749;188,2881;0,35236552
2026-04-23 06:30:00;38,91;-34,86;136,499;184,0381;0,3972621
2026-04-23 06:45:00;47,52;-38,56;89,509;137,0481;0,43748903
2026-04-23 07:00:00;56,55;-52,34;150,749;198,2881;0,4454202
2026-04-23 07:15:00;65,3;-57,88;106,889;154,4281;0,47554833
2026-04-23 07:30:00;73,35;-57,24;67,059;114,5981;0,5048683
2026-04-23 07:45:00;81,13;-61,02;-1,351;46,1881;0,53624564
2026-04-23 08:00:00;87,55;-64,84;15,909;63,4481;0,56519717
2026-04-23 08:15:00;92,83;-72,63;-6,071;41,4681;0,59630245
2026-04-23 08:30:00;98,19;-75,01;-9,081;38,4581;0,6242372
2026-04-23 08:45:00;102,21;-80,41;-9,371;38,1681;0,6455285
2026-04-23 09:00:00;106,64;-91,14;-8,881;38,6581;0,67407227
2026-04-23 09:15:00;109,93;-90,6;-9,461;38,0781;0,69172347
2026-04-23 09:30:00;112,57;-94,74;-13,801;33,7381;0,7064091
2026-04-23 09:45:00;115,77;-97,93;-18,691;28,8481;0,71777034
2026-04-23 10:00:00;117,74;-100,47;-21,141;26,3981;0,7177797
2026-04-23 10:15:00;119,92;-101,63;-32,441;15,0981;0,7211851
2026-04-23 10:30:00;121,33;-103,21;-40,871;6,6681;0,7229942
2026-04-23 10:45:00;121,98;-103,6;-54,841;-7,3019;0,72225887
2026-04-23 11:00:00;122,64;-104,06;-48,931;-1,3919;0,7181111
2026-04-23 11:15:00;122,54;-100,83;-58,601;-11,0619;0,7110909
2026-04-23 11:30:00;121,36;-100,75;-60,501;-12,9619;0,70405173
2026-04-23 11:45:00;120,24;-101,98;-65,831;-18,2919;0,6903127
2026-04-23 12:00:00;119,33;-100,8;-65,131;-17,5919;0,67503756
2026-04-23 12:15:00;117,54;-99,78;-59,871;-12,3319;0,6559673
2026-04-23 12:30:00;116,24;-97,71;-57,141;-9,6019;0,63549376
2026-04-23 12:45:00;113,73;-89,83;-48,331;-0,7919;0,6132654
2026-04-23 13:00:00;110,97;-93,56;-47,581;-0,0419;0,592657
2026-04-23 13:15:00;107,65;-90,64;-36,921;10,6181;0,5647058
2026-04-23 13:30:00;103,73;-88,24;-23,941;23,5981;0,5348998
2026-04-23 13:45:00;99,91;-83,4;-18,161;29,3781;0,5042465
2026-04-23 14:00:00;95,32;-79,28;-15,621;31,9181;0,4655058
2026-04-23 14:15:00;89,98;-75,28;-10,141;37,3981;0,43200794
2026-04-23 14:30:00;84,18;-69,6;-9,351;38,1881;0,39338213
2026-04-23 14:45:00;76,6;-62,54;-9,251;38,2881;0,3493902
2026-04-23 15:00:00;68,95;-48,56;-9,251;38,2881;0,29716843
2026-04-23 15:15:00;61,31;-40,71;-9,101;38,4381;0,24958277
2026-04-23 15:30:00;53,48;-32,45;-2,471;45,0681;0,19848344
2026-04-23 15:45:00;45,12;-22,55;53,519;101,0581;0,14891124
2026-04-23 16:00:00;37,9;-15,28;28,449;75,9881;0,109265834
2026-04-23 16:15:00;30,73;-11,24;57,659;105,1981;0,07230027
2026-04-23 16:30:00;23,35;0,66;80,709;128,2481;0,0427973
2026-04-23 16:45:00;17,2;7,86;104,449;151,9881;0,024288975
2026-04-23 17:00:00;12,28;10,43;74,299;121,8381;0,019020494
2026-04-23 17:15:00;8,57;7,83;91,569;139,1081;0,011426136
2026-04-23 17:30:00;5,59;7,15;101,549;149,0881;0,004039534
2026-04-23 17:45:00;3,9;9,32;118,289;165,8281;0,000232494
2026-04-23 18:00:00;3,02;10,43;109,179;156,7181;0
2026-04-23 18:15:00;2,1;10,13;110,749;158,2881;0
2026-04-23 18:30:00;1,13;11,19;104,869;152,4081;0
2026-04-23 18:45:00;0,33;9,74;96,069;143,6081;0
2026-04-23 19:00:00;0,06;10,01;114,089;161,6281;0
2026-04-23 19:15:00;0,06;9,3;108,999;156,5381;0
2026-04-23 19:30:00;0,06;9,9;99,639;147,1781;0
2026-04-23 19:45:00;0,05;9,48;84,649;132,1881;0
2026-04-23 20:00:00;0,06;7,91;114,079;161,6181;0
2026-04-23 20:15:00;0,05;7,13;98,109;145,6481;0
2026-04-23 20:30:00;0,05;6,48;93,099;140,6381;0
2026-04-23 20:45:00;0,05;6,49;82,489;130,0281;0
2026-04-23 21:00:00;0,06;6,38;103,589;151,1281;0
2026-04-23 21:15:00;0,06;4,16;84,859;132,3981;0
2026-04-23 21:30:00;0,06;4,49;83,059;130,5981;0
2026-04-23 21:45:00;0,05;11,77;71,019;118,5581;0
2026-04-23 22:00:00;0,05;8,41;82,299;129,8381;0
2026-04-23 22:15:00;0,05;7,73;82,669;130,2081;0
2026-04-23 22:30:00;0,05;8,96;72,599;120,1381;0
2026-04-23 22:45:00;0,05;6,87;85,509;133,0481;0
2026-04-23 23:00:00;0,05;7,94;82,989;130,5281;0
2026-04-23 23:15:00;0,05;9,3;83,849;131,3881;0
2026-04-23 23:30:00;0,05;10,79;85,749;133,2881;0
2026-04-23 23:45:00;0,03;12,32;85,769;133,3081;0
2026-04-24 00:00:00;0,05;13,45;85,019;132,5581;0
2026-04-24 00:15:00;0,05;13,54;86,699;134,2381;0
2026-04-24 00:30:00;0,04;11,05;86,899;134,4381;0
2026-04-24 00:45:00;0,04;11,35;86,699;134,2381;0
2026-04-24 01:00:00;0,04;10,9;86,819;134,3581;0
2026-04-24 01:15:00;0,04;12,78;87,309;134,8481;0
2026-04-24 01:30:00;0,05;11,01;88,109;135,6481;0
2026-04-24 01:45:00;0,05;9,44;89,069;136,6081;0
2026-04-24 02:00:00;0,05;8,5;87,629;135,1681;0
2026-04-24 02:15:00;0,05;10,05;80,749;128,2881;0
2026-04-24 02:30:00;0,05;9,62;85,749;133,2881;0
2026-04-24 02:45:00;0,05;9,54;87,619;135,1581;0
2026-04-24 03:00:00;0,05;12,3;89,629;137,1681;0
2026-04-24 03:15:00;0,05;18,07;93,429;140,9681;0
2026-04-24 03:30:00;0,04;20,97;92,279;139,8181;0,002390228
2026-04-24 03:45:00;0,05;19,82;93,349;140,8881;0,008852547
2026-04-24 04:00:00;0,05;17,88;96,239;143,7781;0,016227672
2026-04-24 04:15:00;0,05;17,75;118,729;166,2681;0,023500279
2026-04-24 04:30:00;0,17;16,67;114,029;161,5681;0,037679538
2026-04-24 04:45:00;0,8;14,01;120,809;168,3481;0,06369135
2026-04-24 05:00:00;1,94;10,68;148,749;196,2881;0,1198266
2026-04-24 05:15:00;3,54;0,59;140,849;188,3881;0,15786113
2026-04-24 05:30:00;5,33;4,14;123,449;170,9881;0,19932508
2026-04-24 05:45:00;7,46;1,25;113,679;161,2181;0,24549606
2026-04-24 06:00:00;13,44;-7,43;189,009;236,5481;0,31314048
2026-04-24 06:15:00;15,85;-4,54;137,379;184,9181;0,3610058
2026-04-24 06:30:00;15,76;-5,11;120,819;168,3581;0,40606713
2026-04-24 06:45:00;39,43;-30,04;87,879;135,4181;0,44614446
2026-04-24 07:00:00;53,92;-48,1;177,719;225,2581;0,44554126
2026-04-24 07:15:00;28,04;-20,25;107,209;154,7481;0,4755415
2026-04-24 07:30:00;65,43;-49,07;93,449;140,9881;0,5052921
2026-04-24 07:45:00;84,55;-64,83;64,619;112,1581;0,5374128
2026-04-24 08:00:00;88,51;-64,98;79,859;127,3981;0,57104295
2026-04-24 08:15:00;95,12;-75,24;15,489;63,0281;0,60145146
2026-04-24 08:30:00;99,93;-79,02;-8,021;39,5181;0,62850505
2026-04-24 08:45:00;103,95;-83,59;-9,251;38,2881;0,64929587
2026-04-24 09:00:00;108,11;-91,94;-9,161;38,3781;0,6662061
2026-04-24 09:15:00;112,12;-92,87;-9,251;38,2881;0,6841655
2026-04-24 09:30:00;115,1;-94,8;-9,281;38,2581;0,6993636
2026-04-24 09:45:00;117,39;-101,27;-9,451;38,0881;0,71119094
2026-04-24 10:00:00;119,84;-104,21;-10,751;36,7881;0,712271
2026-04-24 10:15:00;121,16;-103,71;-13,761;33,7781;0,7163585
2026-04-24 10:30:00;122,52;-103,59;-16,301;31,2381;0,7188974
2026-04-24 10:45:00;123,42;-104,56;-23,821;23,7181;0,7189666
2026-04-24 11:00:00;123,94;-103;-24,251;23,2881;0,7161805
2026-04-24 11:15:00;123,1;-102,1;-29,291;18,2481;0,71004975
2026-04-24 11:30:00;122,64;-102,76;-39,171;8,3681;0,70386463
2026-04-24 11:45:00;121,96;-103,27;-48,621;-1,0819;0,6907931
2026-04-24 12:00:00;120,79;-103,53;-41,831;5,7081;0,6734988
2026-04-24 12:15:00;119,37;-101,39;-40,411;7,1281;0,6551978
2026-04-24 12:30:00;113,19;-95,8;-39,131;8,4081;0,6352968
2026-04-24 12:45:00;110,77;-92,78;-35,211;12,3281;0,6135044
2026-04-24 13:00:00;110,65;-92,92;-35,841;11,6981;0,58711016
2026-04-24 13:15:00;106,28;-88,62;-28,931;18,6081;0,56044555
2026-04-24 13:30:00;105,31;-87,64;-22,061;25,4781;0,53162754
2026-04-24 13:45:00;99,73;-82,14;-16,251;31,2881;0,5017271
2026-04-24 14:00:00;96,45;-78,7;-14,581;32,9581;0,46662852
2026-04-24 14:15:00;91,44;-74,46;-10,241;37,2981;0,43375123
2026-04-24 14:30:00;86,26;-66,76;-9,271;38,2681;0,39560497
2026-04-24 14:45:00;77,89;-55,99;-9,241;38,2981;0,3515878
2026-04-24 15:00:00;71,47;-47,1;-9,261;38,2781;0,29886287
2026-04-24 15:15:00;63,33;-39,08;3,469;51,0081;0,25119033
2026-04-24 15:30:00;54,94;-30,15;52,259;99,7981;0,1999838
2026-04-24 15:45:00;47,07;-24,13;78,509;126,0481;0,15011774
2026-04-24 16:00:00;39,28;-17,62;42,319;89,8581;0,107193105
2026-04-24 16:15:00;31,84;-7,52;81,109;128,6481;0,07160041
2026-04-24 16:30:00;24,22;-0,16;103,999;151,5381;0,042907894
2026-04-24 16:45:00;17,74;8,58;130,849;178,3881;0,024625942
2026-04-24 17:00:00;12,66;10,17;96,009;143,5481;0,01962651
2026-04-24 17:15:00;8,8;8,06;111,859;159,3981;0,012144361
2026-04-24 17:30:00;5,68;9,07;122,559;170,0981;0,004622087
2026-04-24 17:45:00;3,84;5,93;173,369;220,9081;0,000423165
2026-04-24 18:00:00;3;10,59;130,419;177,9581;0
2026-04-24 18:15:00;2,26;7,84;145,099;192,6381;0
2026-04-24 18:30:00;1,35;8,93;165,709;213,2481;0
2026-04-24 18:45:00;0,46;8,75;164,959;212,4981;0
2026-04-24 19:00:00;0,05;8,24;216,389;263,9281;0
2026-04-24 19:15:00;0,05;9,14;145,929;193,4681;0
2026-04-24 19:30:00;0,04;11,71;127,229;174,7681;0
2026-04-24 19:45:00;0,05;11,62;118,649;166,1881;0
2026-04-24 20:00:00;0,05;9,86;137,899;185,4381;0
2026-04-24 20:15:00;0,05;10,05;128,869;176,4081;0
2026-04-24 20:30:00;0,05;9,59;121,649;169,1881;0
2026-04-24 20:45:00;0,05;9,28;114,349;161,8881;0
2026-04-24 21:00:00;0,04;9,72;122,769;170,3081;0
2026-04-24 21:15:00;0,05;6,65;116,739;164,2781;0
2026-04-24 21:30:00;0,05;7,25;110,749;158,2881;0
2026-04-24 21:45:00;0,04;12,63;100,089;147,6281;0
2026-04-24 22:00:00;0,04;12,16;101,659;149,1981;0
2026-04-24 22:15:00;0,04;12,76;95,909;143,4481;0
2026-04-24 22:30:00;0,05;13,09;89,359;136,8981;0
2026-04-24 22:45:00;0,05;11,54;87,229;134,7681;0
2026-04-24 23:00:00;0,05;13,12;94,409;141,9481;0
2026-04-24 23:15:00;0,05;14,65;89,049;136,5881;0
2026-04-24 23:30:00;0,05;18,17;88,769;136,3081;0
2026-04-24 23:45:00;0,05;18,4;85,289;132,8281;0
2026-04-25 00:00:00;0,05;19,38;92,769;140,3081;0
2026-04-25 00:15:00;0,05;18,75;91,449;138,9881;0
2026-04-25 00:30:00;0,05;18,08;89,049;136,5881;0
2026-04-25 00:45:00;0,05;17,66;95,349;142,8881;0
2026-04-25 01:00:00;0,05;16,73;103,059;150,5981;0
2026-04-25 01:15:00;0,05;16,54;100,749;148,2881;0
2026-04-25 01:30:00;0,04;16,69;98,659;146,1981;0
2026-04-25 01:45:00;0,05;14,72;93,239;140,7781;0
2026-04-25 02:00:00;0,04;11,94;79,269;126,8081;0
2026-04-25 02:15:00;0,05;13,02;79,839;127,3781;0
2026-04-25 02:30:00;0,05;12,2;79,729;127,2681;0
2026-04-25 02:45:00;0,05;12,37;79,239;126,7781;0
2026-04-25 03:00:00;0,05;12,75;76,759;124,2981;0
2026-04-25 03:15:00;0,05;13,53;77,769;125,3081;2,13E-06
2026-04-25 03:30:00;0,05;13,47;79,939;127,4781;0,00277327
2026-04-25 03:45:00;0,05;13,87;81,469;129,0081;0,009688336
2026-04-25 04:00:00;0,05;19,11;79,799;127,3381;0,017661912
2026-04-25 04:15:00;0,05;21,03;83,389;130,9281;0,026987012
2026-04-25 04:30:00;0,07;22,24;81,399;128,9381;0,04186282
2026-04-25 04:45:00;0,94;19,14;81,719;129,2581;0,06482552
2026-04-25 05:00:00;2,29;16,6;102,219;149,7581;0,09224045
2026-04-25 05:15:00;4,18;13,44;81,859;129,3981;0,121973105
2026-04-25 05:30:00;6,4;9,5;59,119;106,6581;0,15386333
2026-04-25 05:45:00;13,22;-2,66;57,479;105,0181;0,18829414
2026-04-25 06:00:00;16,34;-6,71;204,439;251,9781;0,19304724
2026-04-25 06:15:00;15,91;-5,01;76,199;123,7381;0,22516611
2026-04-25 06:30:00;15,24;-2,78;41,399;88,9381;0,25709
2026-04-25 06:45:00;28,81;-17,87;-4,361;43,1781;0,28835168
2026-04-25 07:00:00;32,68;-18,49;55,309;102,8481;0,31464377
2026-04-25 07:15:00;48,98;-31,88;6,159;53,6981;0,33939186
2026-04-25 07:30:00;80,78;-62,54;-9,211;38,3281;0,36495084
2026-04-25 07:45:00;87,82;-70,61;-9,501;38,0381;0,39439687
2026-04-25 08:00:00;80,08;-63,11;-9,241;38,2981;0,5423411
2026-04-25 08:15:00;95,24;-78,15;-10,591;36,9481;0,5810402
2026-04-25 08:30:00;99,79;-81,67;-14,181;33,3581;0,6252229
2026-04-25 08:45:00;103,92;-84,79;-23,741;23,7981;0,6677409
2026-04-25 09:00:00;108,19;-92,87;-24,281;23,2581;0,72436327
2026-04-25 09:15:00;111,33;-94,98;-39,251;8,2881;0,7571595
2026-04-25 09:30:00;115,01;-96,09;-60,621;-13,0819;0,7811124
2026-04-25 09:45:00;117,35;-98,42;-81,181;-33,6419;0,795612
2026-04-25 10:00:00;118,41;-104,24;-79,381;-31,8419;0,7306291
2026-04-25 10:15:00;121,26;-105,99;-98,891;-51,3519;0,73585576
2026-04-25 10:30:00;123,19;-105,58;-118,731;-71,1919;0,73869294
2026-04-25 10:45:00;123,85;-99,3;-140,461;-92,9219;0,73867834
2026-04-25 11:00:00;124,04;-95,48;-138,711;-91,1719;0,72008187
2026-04-25 11:15:00;122,53;-95,76;-191,821;-144,2819;0,71399534
2026-04-25 11:30:00;122,47;-93,16;-198,681;-151,1419;0,7078798
2026-04-25 11:45:00;120,95;-89,2;-210,081;-162,5419;0,69429666
2026-04-25 12:00:00;118,43;-91,84;-204,011;-156,4719;0,6731708
2026-04-25 12:15:00;119,71;-95,83;-201,721;-154,1819;0,6547734
2026-04-25 12:30:00;117,52;-97,95;-199,121;-151,5819;0,6345543
2026-04-25 12:45:00;110,74;-91,12;-191,431;-143,8919;0,6126402
2026-04-25 13:00:00;111,01;-91,17;-175,761;-128,2219;0,585464
2026-04-25 13:15:00;100,17;-80,43;-162,621;-115,0819;0,55887175
2026-04-25 13:30:00;103,72;-80,39;-129,181;-81,6419;0,5301836
2026-04-25 13:45:00;93,54;-70,65;-102,721;-55,1819;0,50042045
2026-04-25 14:00:00;89,48;-68,35;-102,631;-55,0919;0,46574208
2026-04-25 14:15:00;92,82;-73,04;-75,891;-28,3519;0,4329007
2026-04-25 14:30:00;84,14;-63,51;-47,661;-0,1219;0,39487943
2026-04-25 14:45:00;70,62;-53,81;-25,001;22,5381;0,35112238
2026-04-25 15:00:00;65,61;-47,83;-21,001;26,5381;0,29530084
2026-04-25 15:15:00;51,52;-28,19;-12,281;35,2581;0,24894327
2026-04-25 15:30:00;38,11;-13,91;-9,811;37,7281;0,19890125
2026-04-25 15:45:00;47,53;-23,5;-7,301;40,2381;0,14985576
2026-04-25 16:00:00;34,53;-9,39;-9,231;38,3081;0,10960738
2026-04-25 16:15:00;31,6;-7,31;7,429;54,9681;0,07341862
2026-04-25 16:30:00;25,14;-1,29;47,899;95,4381;0,044376988
2026-04-25 16:45:00;19,03;5,58;106,379;153,9181;0,025645006
2026-04-25 17:00:00;13,79;14,98;46,589;94,1281;0,020474965
2026-04-25 17:15:00;10,26;12,52;77,139;124,6781;0,012937986
2026-04-25 17:30:00;6,99;10,34;81,319;128,8581;0,005298064
2026-04-25 17:45:00;4,49;11,77;119,399;166,9381;0,000698418
2026-04-25 18:00:00;3,33;12,86;70,659;118,1981;0
2026-04-25 18:15:00;2,37;13,8;82,859;130,3981;0
2026-04-25 18:30:00;1,29;12,06;98,889;146,4281;0
2026-04-25 18:45:00;0,49;13,63;110,369;157,9081;0
2026-04-25 19:00:00;0,05;11,82;115,749;163,2881;0
2026-04-25 19:15:00;0,05;11,32;96,409;143,9481;0
2026-04-25 19:30:00;0,05;13,18;88,129;135,6681;0
2026-04-25 19:45:00;0,05;13,04;65,369;112,9081;0
2026-04-25 20:00:00;0,05;9,66;106,539;154,0781;0
2026-04-25 20:15:00;0,05;10,85;87,889;135,4281;0
2026-04-25 20:30:00;0,05;10,87;91,339;138,8781;0
2026-04-25 20:45:00;0,06;11,07;71,739;119,2781;0
2026-04-25 21:00:00;0,06;9,1;102,069;149,6081;0
2026-04-25 21:15:00;0,05;10,54;89,049;136,5881;0
2026-04-25 21:30:00;0,06;8,57;79,589;127,1281;0
2026-04-25 21:45:00;0,05;13,44;68,819;116,3581;0
2026-04-25 22:00:00;0,05;12,54;76,049;123,5881;0
2026-04-25 22:15:00;0,05;12,83;74,649;122,1881;0
2026-04-25 22:30:00;0,05;12,62;77,179;124,7181;0
2026-04-25 22:45:00;0,05;12;75,889;123,4281;0
2026-04-25 23:00:00;0,05;11,78;70,409;117,9481;0
2026-04-25 23:15:00;0,06;12,49;70,889;118,4281;0
2026-04-25 23:30:00;0,05;14,5;75,399;122,9381;0
2026-04-25 23:45:00;0,05;16,29;73,109;120,6481;0
2026-04-26 00:00:00;0,05;17,29;90,749;138,2881;0
2026-04-26 00:15:00;0,04;12,08;96,099;143,6381;0
2026-04-26 00:30:00;0,04;11,48;100,749;148,2881;0
2026-04-26 00:45:00;0,04;11,19;108,229;155,7681;0
2026-04-26 01:00:00;0,03;11,57;110,749;158,2881;0
2026-04-26 01:15:00;0,04;11,8;110,749;158,2881;0
2026-04-26 01:30:00;0,05;11,48;115,749;163,2881;0
2026-04-26 01:45:00;0,04;9,98;139,939;187,4781;0
2026-04-26 02:00:00;0,05;8,32;114,149;161,6881;0
2026-04-26 02:15:00;0,05;8,66;115,749;163,2881;0
2026-04-26 02:30:00;0,05;8,89;139,089;186,6281;0
2026-04-26 02:45:00;0,05;4,56;144,049;191,5881;0
2026-04-26 03:00:00;0,04;10,43;111,529;159,0681;0
2026-04-26 03:15:00;0,05;17,73;110,749;158,2881;4,46E-05
2026-04-26 03:30:00;0,04;18,54;114,169;161,7081;0,00271929
2026-04-26 03:45:00;0,05;18,37;114,179;161,7181;0,008638244
2026-04-26 04:00:00;0,06;19,25;126,479;174,0181;0,014974414
2026-04-26 04:15:00;0,05;20,55;127,349;174,8881;0,02357738
2026-04-26 04:30:00;0,73;20,81;126,719;174,2581;0,0361846
2026-04-26 04:45:00;1,93;20,12;116,369;163,9081;0,05444165
2026-04-26 05:00:00;3,06;12,57;171,729;219,2681;0,06153328
2026-04-26 05:15:00;7,74;2,04;207,049;254,5881;0,081301495
2026-04-26 05:30:00;9,48;-1,75;183,979;231,5181;0,102865145
2026-04-26 05:45:00;13,2;-4,62;153,209;200,7481;0,12506464
2026-04-26 06:00:00;15,49;0,59;140,439;187,9781;0,12587161
2026-04-26 06:15:00;20,83;-5,37;116,009;163,5481;0,14395176
2026-04-26 06:30:00;38,97;-23,91;68,039;115,5781;0,16149576
2026-04-26 06:45:00;49,13;-33,14;6,899;54,4381;0,17904946
2026-04-26 07:00:00;56,19;-40,04;-3,891;43,6481;0,2060918
2026-04-26 07:15:00;64,87;-49,35;-8,991;38,5481;0,22688861
2026-04-26 07:30:00;73,39;-59,32;-9,521;38,0181;0,253078
2026-04-26 07:45:00;81,27;-65,92;-11,841;35,6981;0,287669
2026-04-26 08:00:00;87,2;-57,24;-14,261;33,2781;0,3786129
2026-04-26 08:15:00;92,75;-64,21;-28,891;18,6481;0,43015215
2026-04-26 08:30:00;98,12;-70,89;-47,251;0,2881;0,49425954
2026-04-26 08:45:00;102,77;-82,42;-59,341;-11,8019;0,5617643
2026-04-26 09:00:00;106,52;-86,97;-81,251;-33,7119;0,66778904
2026-04-26 09:15:00;110,39;-91,34;-96,091;-48,5519;0,7188066
2026-04-26 09:30:00;112,65;-93,27;-145,951;-98,4119;0,75514793
2026-04-26 09:45:00;115,47;-97,29;-221,941;-174,4019;0,7772229
2026-04-26 10:00:00;117,54;-100,4;-222,491;-174,9519;0,7203688
2026-04-26 10:15:00;119,85;-103,11;-256,661;-209,1219;0,7288655
2026-04-26 10:30:00;120,55;-103,85;-265,061;-217,5219;0,73399955
2026-04-26 10:45:00;121,96;-103,57;-331,171;-283,6319;0,7357499
2026-04-26 11:00:00;117,36;-98,95;-369,071;-321,5319;0,7233649
2026-04-26 11:15:00;90,89;-73,31;-384,781;-337,2419;0,71810824
2026-04-26 11:30:00;119,15;-100,58;-459,881;-412,3419;0,7128328
2026-04-26 11:45:00;121,29;-101,88;-475,741;-428,2019;0,6994358
2026-04-26 12:00:00;117,81;-96,69;-488,521;-440,9819;0,6677985
2026-04-26 12:15:00;114,04;-92,62;-459,691;-412,1519;0,65023124
2026-04-26 12:30:00;114,07;-93,6;-401,501;-353,9619;0,6305504
2026-04-26 12:45:00;103,5;-79,67;-337,851;-290,3119;0,6091467
2026-04-26 13:00:00;103,4;-79,86;-329,361;-281,8219;0,57897145
2026-04-26 13:15:00;102,86;-83,25;-285,111;-237,5719;0,5529786
2026-04-26 13:30:00;99,41;-78,77;-234,491;-186,9519;0,5247216
2026-04-26 13:45:00;97,11;-79,23;-128,891;-81,3519;0,49540374
2026-04-26 14:00:00;94,12;-76,32;-97,981;-50,4419;0,45145273
2026-04-26 14:15:00;87,83;-70,87;-54,241;-6,7019;0,4210344
2026-04-26 14:30:00;85,33;-67,06;-21,251;26,2881;0,38520548
2026-04-26 14:45:00;64,93;-48,97;-12,261;35,2781;0,3434818
2026-04-26 15:00:00;60,39;-41,61;-11,351;36,1881;0,28784877
2026-04-26 15:15:00;59,06;-35,83;-9,381;38,1581;0,24389386
2026-04-26 15:30:00;50,7;-26,66;-8,861;38,6781;0,19593509
2026-04-26 15:45:00;42,03;-18,87;37,629;85,1681;0,14854631
2026-04-26 16:00:00;33,9;-10,66;33,419;80,9581;0,110297725
2026-04-26 16:15:00;25,34;-2,85;91,659;139,1981;0,07445222
2026-04-26 16:30:00;19,46;4,14;134,989;182,5281;0,04549823
2026-04-26 16:45:00;19,95;5,09;155,269;202,8081;0,026480624
2026-04-26 17:00:00;14,33;12,01;107,719;155,2581;0,02151409
2026-04-26 17:15:00;10,16;14,01;125,229;172,7681;0,013812368
2026-04-26 17:30:00;8,11;2,15;157,679;205,2181;0,006054881
2026-04-26 17:45:00;6,55;4,22;182,209;229,7481;0,001036576
2026-04-26 18:00:00;4,95;10,27;144,939;192,4781;0
2026-04-26 18:15:00;3,3;12;154,509;202,0481;0
2026-04-26 18:30:00;1,72;10,72;159,939;207,4781;0
2026-04-26 18:45:00;0,27;14,34;145,579;193,1181;0
2026-04-26 19:00:00;0,05;12,78;142,089;189,6281;0
2026-04-26 19:15:00;0,04;21,52;134,419;181,9581;0
2026-04-26 19:30:00;0,04;21,2;128,749;176,2881;0
2026-04-26 19:45:00;0,04;21,19;126,909;174,4481;0
2026-04-26 20:00:00;0,04;20,11;125,849;173,3881;0
2026-04-26 20:15:00;0,04;19,13;119,139;166,6781;0
2026-04-26 20:30:00;0,05;19,04;113,369;160,9081;0
2026-04-26 20:45:00;0,05;21,21;109,389;156,9281;0
2026-04-26 21:00:00;0,04;21,43;110,569;158,1081;0
2026-04-26 21:15:00;0,04;12,66;112,199;159,7381;0
2026-04-26 21:30:00;0,05;8,51;106,479;154,0181;0
2026-04-26 21:45:00;0,05;12,14;103,449;150,9881;0
2026-04-26 22:00:00;0,05;11,86;106,769;154,3081;0
2026-04-26 22:15:00;0,05;12,65;97,059;144,5981;0
2026-04-26 22:30:00;0,05;11,57;90,749;138,2881;0
2026-04-26 22:45:00;0,05;11,07;85,749;133,2881;0
2026-04-26 23:00:00;0,05;11,71;89,949;137,4881;0
2026-04-26 23:15:00;0,05;11,64;88,809;136,3481;0
2026-04-26 23:30:00;0,05;12,68;90,839;138,3781;0
2026-04-26 23:45:00;0,05;13,33;89,249;136,7881;0
2026-04-27 00:00:00;0,05;16,48;92,099;139,6381;0
2026-04-27 00:15:00;0,05;14,37;89,469;137,0081;0
2026-04-27 00:30:00;0,05;13,4;90,399;137,9381;0
2026-04-27 00:45:00;0,05;13,62;91,039;138,5781;0
2026-04-27 01:00:00;0,05;13,75;88,589;136,1281;0
2026-04-27 01:15:00;0,05;13,44;85,749;133,2881;0
2026-04-27 01:30:00;0,05;14,35;89,949;137,4881;0
2026-04-27 01:45:00;0,05;11,43;90,149;137,6881;0
2026-04-27 02:00:00;0,05;10,13;91,839;139,3781;0
2026-04-27 02:15:00;0,05;10,12;93,239;140,7781;0
2026-04-27 02:30:00;0,05;11,78;95,749;143,2881;0
2026-04-27 02:45:00;0,05;12,82;91,359;138,8981;0
2026-04-27 03:00:00;0,05;17,27;96,129;143,6681;0
2026-04-27 03:15:00;0,05;20,94;93,249;140,7881;0,000189736
2026-04-27 03:30:00;0,05;20,48;107,099;154,6381;0,004187872
2026-04-27 03:45:00;0,05;20,82;109,469;157,0081;0,01209072
2026-04-27 04:00:00;0,06;17,78;127,329;174,8681;0,020007595
2026-04-27 04:15:00;0,05;19,67;141,499;189,0381;0,029028371
2026-04-27 04:30:00;0,95;18,86;145,039;192,5781;0,04480738
2026-04-27 04:45:00;2,55;18,02;149,199;196,7381;0,06976187
2026-04-27 05:00:00;4,3;13,11;163,099;210,6381;0,11456687
2026-04-27 05:15:00;6,37;6,29;152,179;199,7181;0,1492165
2026-04-27 05:30:00;9,65;4,92;126,379;173,9181;0,18646938
2026-04-27 05:45:00;14,49;-1,6;103,209;150,7481;0,22738226
2026-04-27 06:00:00;16,59;-7,08;228,499;276,0381;0,29591873
2026-04-27 06:15:00;21,41;-5,58;148,789;196,3281;0,3387503
2026-04-27 06:30:00;28,29;-12,06;115,379;162,9181;0,3800249
2026-04-27 06:45:00;30,98;-15,57;127,599;175,1381;0,418585
2026-04-27 07:00:00;39,55;-25,41;158,619;206,1581;0,44137478
2026-04-27 07:15:00;42,97;-29,77;130,749;178,2881;0,4708022
2026-04-27 07:30:00;36,49;-23,27;135,079;182,6181;0,49800187
2026-04-27 07:45:00;50,24;-35,81;95,749;143,2881;0,52607626
2026-04-27 08:00:00;65,44;-48,6;145,939;193,4781;0,55307734
2026-04-27 08:15:00;87,69;-68,93;110,559;158,0981;0,5821491
2026-04-27 08:30:00;91,85;-74,24;81,599;129,1381;0,60978943
2026-04-27 08:45:00;92,71;-75,71;31,149;78,6881;0,63174146
2026-04-27 09:00:00;106,69;-89,42;31,059;78,5981;0,6697088
2026-04-27 09:15:00;106,33;-85,24;-9,241;38,2981;0,68778604
2026-04-27 09:30:00;103,75;-74,32;-9,251;38,2881;0,7025852
2026-04-27 09:45:00;97,76;-68,67;-9,271;38,2681;0,71360934
2026-04-27 10:00:00;104,63;-75,12;-9,261;38,2781;0,70600444
2026-04-27 10:15:00;113,86;-86,51;-9,301;38,2381;0,7086671
2026-04-27 10:30:00;118,87;-90,9;-9,351;38,1881;0,7101256
2026-04-27 10:45:00;119,81;-101,31;-9,481;38,0581;0,709256
2026-04-27 11:00:00;121,17;-102,33;-9,751;37,7881;0,7000315
2026-04-27 11:15:00;120,66;-100,5;-10,071;37,4681;0,6931923
2026-04-27 11:30:00;118,87;-100,24;-10,251;37,2881;0,68636924
2026-04-27 11:45:00;119,48;-100,06;-10,251;37,2881;0,6735816
2026-04-27 12:00:00;118,12;-98,93;-9,751;37,7881;0,6544239
2026-04-27 12:15:00;120,29;-99,22;-9,351;38,1881;0,636563
2026-04-27 12:30:00;100,75;-77,76;-9,301;38,2381;0,6168186
2026-04-27 12:45:00;93,4;-73,09;-9,251;38,2881;0,5956295
2026-04-27 13:00:00;107,86;-87,79;-9,261;38,2781;0,5709407
2026-04-27 13:15:00;97,01;-76,61;-9,251;38,2881;0,54467034
2026-04-27 13:30:00;109,66;-92,03;-9,251;38,2881;0,51703894
2026-04-27 13:45:00;97,5;-79,65;2,579;50,1181;0,48853832
2026-04-27 14:00:00;78,15;-60,56;4,329;51,8681;0,44447932
2026-04-27 14:15:00;76,41;-53,5;29,929;77,4681;0,41283625
2026-04-27 14:30:00;71,88;-47,58;55,529;103,0681;0,3761653
2026-04-27 14:45:00;73,58;-54,62;73,949;121,4881;0,33467603
2026-04-27 15:00:00;65,23;-41,57;50,359;97,8981;0,28047416
2026-04-27 15:15:00;56,54;-33,2;82,989;130,5281;0,2373909
2026-04-27 15:30:00;46,1;-22,83;99,729;147,2681;0,19091184
2026-04-27 15:45:00;48,56;-25,4;107,999;155,5381;0,14566524
2026-04-27 16:00:00;41,35;-18,07;86,319;133,8581;0,102233455
2026-04-27 16:15:00;24,47;-1,81;100,829;148,3681;0,07142325
2026-04-27 16:30:00;21,75;4,6;117,449;164,9881;0,045911364
2026-04-27 16:45:00;18,13;10,57;124,109;171,6481;0,028335564
2026-04-27 17:00:00;13,52;11,66;103,719;151,2581;0,020438666
2026-04-27 17:15:00;10,09;11,01;120,839;168,3781;0,013498861
2026-04-27 17:30:00;7,29;3,47;153,409;200,9481;0,006376463
2026-04-27 17:45:00;4,27;7,95;218,479;266,0181;0,001310978
2026-04-27 18:00:00;2,34;11,62;198,319;245,8581;0
2026-04-27 18:15:00;1,52;11,06;191,339;238,8781;0
2026-04-27 18:30:00;0,91;11,69;170,749;218,2881;0
2026-04-27 18:45:00;0,15;14,8;142,489;190,0281;0
2026-04-27 19:00:00;0,05;9,25;183,809;231,3481;0
2026-04-27 19:15:00;0,06;13,25;135,749;183,2881;0
2026-04-27 19:30:00;0,06;13,11;115,389;162,9281;0
2026-04-27 19:45:00;0,06;12,74;100,669;148,2081;0
2026-04-27 20:00:00;0,05;11,65;120,219;167,7581;0
2026-04-27 20:15:00;0,05;9,44;109,919;157,4581;0
2026-04-27 20:30:00;0,05;9,43;108,759;156,2981;0
2026-04-27 20:45:00;0,06;9,49;95,369;142,9081;0
2026-04-27 21:00:00;0,06;9,21;97,439;144,9781;0
2026-04-27 21:15:00;0,06;9,8;88,359;135,8981;0
2026-04-27 21:30:00;0,05;10,13;92,039;139,5781;0
2026-04-27 21:45:00;0,05;14,51;81,589;129,1281;0
2026-04-27 22:00:00;0,05;13,01;103,379;150,9181;0
2026-04-27 22:15:00;0,05;10,64;97,809;145,3481;0
2026-04-27 22:30:00;0,05;12,84;85,559;133,0981;0
2026-04-27 22:45:00;0,05;12,77;80,869;128,4081;0
2026-04-27 23:00:00;0,05;12,28;91,159;138,6981;0
2026-04-27 23:15:00;0,05;12,89;86,229;133,7681;0
2026-04-27 23:30:00;0,05;12,8;85,939;133,4781;0
2026-04-27 23:45:00;0,05;12,6;79,319;126,8581;0
2026-04-28 00:00:00;0,05;20,29;80,949;128,4881;0
2026-04-28 00:15:00;0,05;20,97;76,389;123,9281;0
2026-04-28 00:30:00;0,05;20,82;77,749;125,2881;0
2026-04-28 00:45:00;0,05;19,71;76,439;123,9781;0
2026-04-28 01:00:00;0,05;20,73;76,789;124,3281;0
2026-04-28 01:15:00;0,05;19,79;75,419;122,9581;0
2026-04-28 01:30:00;0,05;19,47;77,339;124,8781;0
2026-04-28 01:45:00;0,05;17,93;75,279;122,8181;0
2026-04-28 02:00:00;0,05;15,76;75,749;123,2881;0
2026-04-28 02:15:00;0,05;12,71;75,399;122,9381;0
2026-04-28 02:30:00;0,05;14,89;74,859;122,3981;0
2026-04-28 02:45:00;0,05;13,69;77,839;125,3781;0
2026-04-28 03:00:00;0,05;15,09;73,189;120,7281;0
2026-04-28 03:15:00;0,05;15,22;78,209;125,7481;0,00036349
2026-04-28 03:30:00;0,05;15,33;84,449;131,9881;0,004356525
2026-04-28 03:45:00;0,05;14,16;88,459;135,9981;0,0129895
2026-04-28 04:00:00;0,04;21,88;93,309;140,8481;0,023929652
2026-04-28 04:15:00;0,08;19,63;93,459;140,9981;0,037217356
2026-04-28 04:30:00;0,84;20,23;93,269;140,8081;0,0537196
2026-04-28 04:45:00;2,69;17,52;91,979;139,5181;0,07337841
2026-04-28 05:00:00;4,84;14,52;109,569;157,1081;0,10076777
2026-04-28 05:15:00;7,56;10,98;102,979;150,5181;0,12469682
2026-04-28 05:30:00;11,56;6,47;95,889;143,4281;0,14924489
2026-04-28 05:45:00;18,56;-4,9;90,129;137,6681;0,17508192
2026-04-28 06:00:00;28,39;-11,42;113,829;161,3681;0,20289284
2026-04-28 06:15:00;35,15;-20,58;103,669;151,2081;0,23114602
2026-04-28 06:30:00;41,66;-28,62;97,369;144,9081;0,26217946
2026-04-28 06:45:00;48,34;-32,95;75,749;123,2881;0,29686785
2026-04-28 07:00:00;57,72;-37,4;99,799;147,3381;0,33429492
2026-04-28 07:15:00;66,4;-46,3;83,319;130,8581;0,36921734
2026-04-28 07:30:00;72,93;-53,76;53,589;101,1281;0,40280795
2026-04-28 07:45:00;79,1;-61,86;24,099;71,6381;0,4346245
2026-04-28 08:00:00;89,56;-66,17;50,949;98,4881;0,4733621
2026-04-28 08:15:00;94,79;-72,49;14,499;62,0381;0,5020251
2026-04-28 08:30:00;101,13;-78,39;-5,931;41,6081;0,5310069
2026-04-28 08:45:00;104,84;-80,69;-10,961;36,5781;0,5572828
2026-04-28 09:00:00;109,65;-86,66;-9,171;38,3681;0,59568274
2026-04-28 09:15:00;101,06;-78,6;-9,591;37,9481;0,6197
2026-04-28 09:30:00;104,97;-82,46;-9,841;37,6981;0,64104515
2026-04-28 09:45:00;118,93;-92,92;-10,731;36,8081;0,6581027
2026-04-28 10:00:00;119,37;-96,33;-8,741;38,7981;0,67019486
2026-04-28 10:15:00;120,83;-101,45;-8,391;39,1481;0,6769077
2026-04-28 10:30:00;122,38;-102,53;-7,821;39,7181;0,6813164
2026-04-28 10:45:00;123,09;-102,65;-10,971;36,5681;0,68293434
2026-04-28 11:00:00;123,36;-102,78;-22,691;24,8481;0,69248
2026-04-28 11:15:00;122,65;-101,69;-26,561;20,9781;0,68688166
2026-04-28 11:30:00;122,35;-100,93;-38,431;9,1081;0,68137115
2026-04-28 11:45:00;123,82;-103,74;-43,611;3,9281;0,6690903
2026-04-28 12:00:00;117,5;-98,68;-19,451;28,0881;0,6546366
2026-04-28 12:15:00;112,85;-92,12;-21,371;26,1681;0,63683844
2026-04-28 12:30:00;115,56;-93,72;-19,251;28,2881;0,6167944
2026-04-28 12:45:00;112,43;-92,96;-14,351;33,1881;0,5949324
2026-04-28 13:00:00;109,31;-90,17;-11,121;36,4181;0,5565362
2026-04-28 13:15:00;105,77;-86,79;-14,031;33,5081;0,5316132
2026-04-28 13:30:00;102,4;-84,18;-22,731;24,8081;0,5042056
2026-04-28 13:45:00;97,89;-75,47;-16,441;31,0981;0,47472432
2026-04-28 14:00:00;93,16;-73,33;-20,731;26,8081;0,4307974
2026-04-28 14:15:00;87,41;-69,9;-12,511;35,0281;0,3987816
2026-04-28 14:30:00;75,33;-55,61;-9,361;38,1781;0,3620361
2026-04-28 14:45:00;76,68;-56,98;-9,261;38,2781;0,32064644
2026-04-28 15:00:00;67,32;-44,02;-9,301;38,2381;0,2644699
2026-04-28 15:15:00;60,92;-34,87;-3,441;44,0981;0,22315426
2026-04-28 15:30:00;52,78;-28,11;25,219;72,7581;0,18040065
2026-04-28 15:45:00;45,18;-20,23;52,909;100,4481;0,13963799
2026-04-28 16:00:00;38,03;-13,56;41,549;89,0881;0,10397133
2026-04-28 16:15:00;30,74;-6,18;62,759;110,2981;0,07533162
2026-04-28 16:30:00;23,82;0,25;73,509;121,0481;0,051461894
2026-04-28 16:45:00;17,79;5,53;89,849;137,3881;0,033703588
2026-04-28 17:00:00;13;14,93;80,749;128,2881;0,02397904
2026-04-28 17:15:00;9,19;19,6;88,909;136,4481;0,015408205
2026-04-28 17:30:00;6,27;14,65;93,389;140,9281;0,007438796
2026-04-28 17:45:00;4,26;10,66;101,509;149,0481;0,001730063
2026-04-28 18:00:00;3,36;9,51;99,119;146,6581;0
2026-04-28 18:15:00;2,32;14,2;92,119;139,6581;0
2026-04-28 18:30:00;1,47;15,46;86,479;134,0181;0
2026-04-28 18:45:00;0,66;16,14;82,999;130,5381;0
2026-04-28 19:00:00;0,07;16,37;93,799;141,3381;0
2026-04-28 19:15:00;0,05;13,98;86,739;134,2781;0
2026-04-28 19:30:00;0,06;12,16;77,589;125,1281;0
2026-04-28 19:45:00;0,06;12,32;72,739;120,2781;0
2026-04-28 20:00:00;0,06;10,42;84,999;132,5381;0
2026-04-28 20:15:00;0,05;10,16;75,499;123,0381;0
2026-04-28 20:30:00;0,05;10,02;82,009;129,5481;0
2026-04-28 20:45:00;0,05;10,66;73,459;120,9981;0
2026-04-28 21:00:00;0,06;9,97;76,309;123,8481;0
2026-04-28 21:15:00;0,05;9,57;68,079;115,6181;0
2026-04-28 21:30:00;0,05;8,56;66,739;114,2781;0
2026-04-28 21:45:00;0,05;13,26;64,469;112,0081;0
2026-04-28 22:00:00;0,05;13,25;83,399;130,9381;0
2026-04-28 22:15:00;0,05;11,56;69,669;117,2081;0
2026-04-28 22:30:00;0,05;9,7;69,279;116,8181;0
2026-04-28 22:45:00;0,05;12,02;63,219;110,7581;0
2026-04-28 23:00:00;0,05;10,71;68,429;115,9681;0
2026-04-28 23:15:00;0,05;10,91;68,779;116,3181;0
2026-04-28 23:30:00;0,05;11,97;70,749;118,2881;0
2026-04-28 23:45:00;0,05;10,96;68,079;115,6181;0
2026-04-29 00:00:00;0,05;15,2;66,359;113,8981;0
2026-04-29 00:15:00;0,05;13,02;67,149;114,6881;0
2026-04-29 00:30:00;0,05;12,39;65,419;112,9581;0
2026-04-29 00:45:00;0,05;15,38;64,799;112,3381;0
2026-04-29 01:00:00;0,06;15,22;64,589;112,1281;0
2026-04-29 01:15:00;0,05;14,52;64,919;112,4581;0
2026-04-29 01:30:00;0,05;13,65;65,399;112,9381;0
2026-04-29 01:45:00;0,06;10,41;66,209;113,7481;0
2026-04-29 02:00:00;0,06;11,03;65,589;113,1281;0
2026-04-29 02:15:00;0,05;9,64;66,399;113,9381;0
2026-04-29 02:30:00;0,06;10,68;67,159;114,6981;0
2026-04-29 02:45:00;0,05;11,3;69,139;116,6781;0
2026-04-29 03:00:00;0,05;11,73;66,999;114,5381;0
2026-04-29 03:15:00;0,04;20;69,439;116,9781;0,000688557
2026-04-29 03:30:00;0,04;20,28;74,919;122,4581;0,005598903
2026-04-29 03:45:00;0,05;20,16;79,629;127,1681;0,014844353
2026-04-29 04:00:00;0,05;19,47;65,679;113,2181;0,025431044
2026-04-29 04:15:00;0,13;19,8;69,099;116,6381;0,03749193
2026-04-29 04:30:00;1,15;17,79;85,949;133,4881;0,053496964
2026-04-29 04:45:00;2,29;15,47;91,149;138,6881;0,07436619
2026-04-29 05:00:00;4,17;14,82;99,769;147,3081;0,1136612
2026-04-29 05:15:00;7,38;9,31;97,939;145,4781;0,14168164
2026-04-29 05:30:00;11,2;-0,06;87,419;134,9581;0,17159784
2026-04-29 05:45:00;16,7;-3,36;77,539;125,0781;0,20392753
2026-04-29 06:00:00;24,42;-17,55;100,029;147,5681;0,25571662
2026-04-29 06:15:00;32,98;-22,56;89,499;137,0381;0,29046622
2026-04-29 06:30:00;41,79;-30,98;70,279;117,8181;0,32536995
2026-04-29 06:45:00;50,66;-39,76;57,269;104,8081;0,3592228
2026-04-29 07:00:00;59,5;-45,44;78,979;126,5181;0,3896854
2026-04-29 07:15:00;68,3;-48,57;62,889;110,4281;0,4170842
2026-04-29 07:30:00;76,17;-57,19;28,579;76,1181;0,44186503
2026-04-29 07:45:00;83,77;-65,02;-8,811;38,7281;0,46522656
2026-04-29 08:00:00;89,97;-64,91;1,549;49,0881;0,49852264
2026-04-29 08:15:00;95,8;-73,5;-8,131;39,4081;0,51877123
2026-04-29 08:30:00;100,73;-78,75;-9,911;37,6281;0,538803
2026-04-29 08:45:00;105,59;-82,9;-16,691;30,8481;0,5550823
2026-04-29 09:00:00;109,78;-88,13;-13,421;34,1181;0,5627664
2026-04-29 09:15:00;113,42;-92,25;-13,231;34,3081;0,57736325
2026-04-29 09:30:00;116,32;-97,4;-17,391;30,1481;0,58979464
2026-04-29 09:45:00;118,86;-98,42;-25,831;21,7081;0,60008365
2026-04-29 10:00:00;120,77;-97,93;-26,221;21,3181;0,58715385
2026-04-29 10:15:00;122,58;-100,44;-36,041;11,4981;0,59349453
2026-04-29 10:30:00;123,55;-102,6;-41,421;6,1181;0,5993476
2026-04-29 10:45:00;123,65;-103,74;-53,451;-5,9119;0,60406226
2026-04-29 11:00:00;123,77;-102,99;-54,491;-6,9519;0,6514684
2026-04-29 11:15:00;124,1;-104,82;-61,761;-14,2219;0,6492405
2026-04-29 11:30:00;123,47;-104,07;-67,511;-19,9719;0,6471524
2026-04-29 11:45:00;122,62;-102,03;-73,411;-25,8719;0,64005375
2026-04-29 12:00:00;120,68;-101,4;-67,311;-19,7719;0,626458
2026-04-29 12:15:00;118,49;-98,42;-62,041;-14,5019;0,61365414
2026-04-29 12:30:00;116,37;-95,87;-56,951;-9,4119;0,59800655
2026-04-29 12:45:00;113,61;-87,45;-53,461;-5,9219;0,5802234
2026-04-29 13:00:00;110,32;-89,86;-54,941;-7,4019;0,5684745
2026-04-29 13:15:00;107,05;-87,61;-44,941;2,5981;0,54409176
2026-04-29 13:30:00;103,29;-84,66;-38,581;8,9581;0,5171188
2026-04-29 13:45:00;98,88;-79,19;-28,141;19,3981;0,48793995
2026-04-29 14:00:00;93,8;-73,89;-34,171;13,3681;0,45456862
2026-04-29 14:15:00;88,81;-67,87;-20,551;26,9881;0,4212255
2026-04-29 14:30:00;83,69;-63,54;-13,331;34,2081;0,3845899
2026-04-29 14:45:00;77,41;-58,91;-9,361;38,1781;0,34310675
2026-04-29 15:00:00;69,88;-51,77;-12,171;35,3681;0,28670594
2026-04-29 15:15:00;61,81;-38,05;-8,691;38,8481;0,24292444
2026-04-29 15:30:00;54,3;-28,5;-0,931;46,6081;0,19718927
2026-04-29 15:45:00;46,15;-19,99;49,779;97,3181;0,1524664
2026-04-29 16:00:00;38,5;-13,17;23,649;71,1881;0,11431822
2026-04-29 16:15:00;31,55;-6,02;55,979;103,5181;0,08023585
2026-04-29 16:30:00;24,36;0,73;74,949;122,4881;0,051750243
2026-04-29 16:45:00;18,05;7,64;91,149;138,6881;0,032029886
2026-04-29 17:00:00;12,94;14,55;86,109;133,6481;0,025620611
2026-04-29 17:15:00;8,95;19,69;85,059;132,5981;0,017245293
2026-04-29 17:30:00;6,13;19,36;101,729;149,2681;0,00911947
2026-04-29 17:45:00;4,05;16,65;138,269;185,8081;0,00247651
2026-04-29 18:00:00;3,16;9,61;128,759;176,2981;1,70E-06
2026-04-29 18:15:00;2,29;14,16;112,399;159,9381;0
2026-04-29 18:30:00;1,6;11,47;131,439;178,9781;0
2026-04-29 18:45:00;0,76;12,49;126,569;174,1081;0
2026-04-29 19:00:00;0,11;12,71;117,989;165,5281;0
2026-04-29 19:15:00;0,06;13,3;116,489;164,0281;0
2026-04-29 19:30:00;0,05;13,31;105,759;153,2981;0
2026-04-29 19:45:00;0,05;12,07;97,159;144,6981;0
2026-04-29 20:00:00;0,05;10,79;91,149;138,6881;0
2026-04-29 20:15:00;0,05;9,86;91,149;138,6881;0
2026-04-29 20:30:00;0,05;9,95;87,989;135,5281;0
2026-04-29 20:45:00;0,05;9,69;79,079;126,6181;0
2026-04-29 21:00:00;0,06;10,7;79,879;127,4181;0
2026-04-29 21:15:00;0,05;7,42;75,859;123,3981;0
2026-04-29 21:30:00;0,05;7,12;77,009;124,5481;0
2026-04-29 21:45:00;0,05;12,86;71,489;119,0281;0
2026-04-29 22:00:00;0,05;14,28;76,069;123,6081;0
2026-04-29 22:15:00;0,05;12,27;73,009;120,5481;0
2026-04-29 22:30:00;0,05;10,43;70,299;117,8381;0
2026-04-29 22:45:00;0,04;12,31;66,109;113,6481;0
2026-04-29 23:00:00;0,05;11,29;71,139;118,6781;0
2026-04-29 23:15:00;0,04;12,44;68,339;115,8781;0
2026-04-29 23:30:00;0,05;10,62;69,049;116,5881;0
2026-04-29 23:45:00;0,05;12,05;70,259;117,7981;0
2026-04-30 00:00:00;0,04;16,23;65,949;113,4881;0
2026-04-30 00:15:00;0,04;14,25;67,609;115,1481;0
2026-04-30 00:30:00;0,06;13,69;69,939;117,4781;0
2026-04-30 00:45:00;0,04;17,05;69,009;116,5481;0
2026-04-30 01:00:00;0,03;17,57;65,569;113,1081;0
2026-04-30 01:15:00;0,04;16,06;64,759;112,2981;0
2026-04-30 01:30:00;0,04;14,16;64,959;112,4981;0
2026-04-30 01:45:00;0,04;13,43;66,139;113,6781;0
2026-04-30 02:00:00;0,04;12,07;64,659;112,1981;0
2026-04-30 02:15:00;0,04;11,92;67,009;114,5481;0
2026-04-30 02:30:00;0,05;10,93;72,309;119,8481;0
2026-04-30 02:45:00;0,05;10,49;75,079;122,6181;0
2026-04-30 03:00:00;0,04;12,29;74,129;121,6681;0
2026-04-30 03:15:00;0,05;19,28;75,949;123,4881;0,00133359
2026-04-30 03:30:00;0,05;20,97;78,209;125,7481;0,007096047
2026-04-30 03:45:00;0,05;19,59;82,839;130,3781;0,015311552
2026-04-30 04:00:00;0,04;20,44;72,349;119,8881;0,02241083
2026-04-30 04:15:00;0,24;19,74;89,969;137,5081;0,030770164
2026-04-30 04:30:00;1,21;21,08;90,929;138,4681;0,04760326
2026-04-30 04:45:00;2,47;17,26;75,529;123,0681;0,07493795
2026-04-30 05:00:00;4,5;16,25;116,269;163,8081;0,13670848
2026-04-30 05:15:00;7,75;12,32;95,709;143,2481;0,17372735
2026-04-30 05:30:00;11,62;4,49;82,679;130,2181;0,21479712
2026-04-30 05:45:00;17,23;-1,45;63,269;110,8081;0,26018223
2026-04-30 06:00:00;24,96;-11,72;91,329;138,8681;0,31676033
2026-04-30 06:15:00;33,76;-17,04;78,819;126,3581;0,36487874
2026-04-30 06:30:00;42,57;-29,7;61,359;108,8981;0,4100095
2026-04-30 06:45:00;51,47;-39,85;28,719;76,2581;0,4496164
2026-04-30 07:00:00;60,01;-43,4;71,059;118,5981;0,46698752
2026-04-30 07:15:00;68,36;-48,08;41,049;88,5881;0,49699438
2026-04-30 07:30:00;75,63;-56,91;5,409;52,9481;0,5270686
2026-04-30 07:45:00;83,45;-64,21;-9,241;38,2981;0,5586697
2026-04-30 08:00:00;89,65;-64,93;-7,311;40,2281;0,57781285
2026-04-30 08:15:00;95,62;-71,32;-9,251;38,2881;0,60527074
2026-04-30 08:30:00;100,49;-78,31;-9,331;38,2081;0,62980753
2026-04-30 08:45:00;105,21;-82,75;-11,121;36,4181;0,6479754
2026-04-30 09:00:00;108,91;-87,26;-9,501;38,0381;0,6689817
2026-04-30 09:15:00;112,71;-93,35;-10,171;37,3681;0,684188
2026-04-30 09:30:00;115,91;-95,44;-12,631;34,9081;0,6965829
2026-04-30 09:45:00;119,07;-96,96;-17,731;29,8081;0,7060774
2026-04-30 10:00:00;120,7;-97,5;-14,761;32,7781;0,71594346
2026-04-30 10:15:00;122,69;-100,88;-21,751;25,7881;0,7178673
2026-04-30 10:30:00;124,36;-102,74;-23,971;23,5681;0,7186849
2026-04-30 10:45:00;124,04;-102,53;-30,881;16,6581;0,71761537
2026-04-30 11:00:00;123,95;-103,79;-34,641;12,8981;0,7161616
2026-04-30 11:15:00;124,38;-103,96;-38,531;9,0081;0,70984584
2026-04-30 11:30:00;124,08;-103,91;-43,061;4,4781;0,70355016
2026-04-30 11:45:00;122,9;-102,94;-45,771;1,7681;0,69122845
2026-04-30 12:00:00;121,68;-101,01;-43,591;3,9481;0,6784528
2026-04-30 12:15:00;119,6;-97,78;-37,551;9,9881;0,6608405
2026-04-30 12:30:00;116,81;-95,35;-35,941;11,5981;0,64060414
2026-04-30 12:45:00;114,53;-92,97;-29,241;18,2981;0,6182154
2026-04-30 13:00:00;111,77;-91,43;-28,831;18,7081;0,59283525
2026-04-30 13:15:00;108,18;-87,73;-23,361;24,1781;0,56451344
2026-04-30 13:30:00;104,32;-83,54;-18,121;29,4181;0,5341495
2026-04-30 13:45:00;99,6;-77,77;-11,931;35,6081;0,50251025
2026-04-30 14:00:00;94,97;-73,44;-14,761;32,7781;0,46734864
2026-04-30 14:15:00;89,99;-64,36;-10,521;37,0181;0,43349558
2026-04-30 14:30:00;84,27;-55,92;-9,821;37,7181;0,39700386
2026-04-30 14:45:00;77,8;-57,41;-8,731;38,8081;0,35540614
2026-04-30 15:00:00;70,04;-49,81;-10,361;37,1781;0,29982406
2026-04-30 15:15:00;61,89;-36,2;-8,921;38,6181;0,25364602
2026-04-30 15:30:00;54,22;-26,41;4,449;51,9881;0,20545478
2026-04-30 15:45:00;46,45;-18,93;46,479;94,0181;0,15772681
2026-04-30 16:00:00;39,06;-11,92;18,239;65,7781;0,11850244
2026-04-30 16:15:00;31,86;-4,49;63,569;111,1081;0,08199328
2026-04-30 16:30:00;24,58;3,01;81,719;129,2581;0,051885147
2026-04-30 16:45:00;18,28;12,56;105,079;152,6181;0,031490345
2026-04-30 17:00:00;13,36;17,37;87,229;134,7681;0,026528826
2026-04-30 17:15:00;9,39;20,79;93,879;141,4181;0,018162264
2026-04-30 17:30:00;6,14;20,87;111,979;159,5181;0,010100026
2026-04-30 17:45:00;3,97;14,25;167,049;214,5881;0,002999218
2026-04-30 18:00:00;3,01;15,77;107,749;155,2881;2,15E-05
2026-04-30 18:15:00;2,4;11,23;134,319;181,8581;0
2026-04-30 18:30:00;1,62;12,98;147,779;195,3181;0
2026-04-30 18:45:00;0,87;14,01;145,429;192,9681;0
2026-04-30 19:00:00;0,14;11,73;130,979;178,5181;0
2026-04-30 19:15:00;0,05;14,77;115,969;163,5081;0
2026-04-30 19:30:00;0,05;15,25;94,739;142,2781;0
2026-04-30 19:45:00;0,06;13,75;87,499;135,0381;0
2026-04-30 20:00:00;0,06;11,75;111,019;158,5581;0
2026-04-30 20:15:00;0,05;11,29;98,269;145,8081;0
2026-04-30 20:30:00;0,05;11,02;99,979;147,5181;0
2026-04-30 20:45:00;0,04;11,06;93,309;140,8481;0
2026-04-30 21:00:00;0,05;8,66;99,269;146,8081;0
2026-04-30 21:15:00;0,05;7,92;92,829;140,3681;0
2026-04-30 21:30:00;0,05;7,82;92,979;140,5181;0
2026-04-30 21:45:00;0,05;13,09;84,369;131,9081;0
2026-04-30 22:00:00;0,05;13,72;92,519;153,8081;0
2026-04-30 22:15:00;0,05;11,44;75,869;137,1581;0
2026-04-30 22:30:00;0,05;10,72;73,249;134,5381;0
2026-04-30 22:45:00;0,04;13,47;66,819;128,1081;0
2026-04-30 23:00:00;0,05;16,48;76,839;138,1281;0
2026-04-30 23:15:00;0,05;15,76;71,599;132,8881;0
2026-04-30 23:30:00;0,05;14,9;74,219;135,5081;0
2026-04-30 23:45:00;0,04;16,08;68,529;129,8181;0
2026-05-01 00:00:00;0,05;18,3;73,289;134,5781;0
2026-05-01 00:15:00;0,04;17,11;69,149;130,4381;0
2026-05-01 00:30:00;0,05;17,75;66,909;128,1981;0
2026-05-01 00:45:00;0,05;18,92;65,849;127,1381;0
2026-05-01 01:00:00;0,05;14,99;64,079;125,3681;0
2026-05-01 01:15:00;0,04;14,81;65,509;126,7981;0
2026-05-01 01:30:00;0,04;14,56;67,859;129,1481;0
2026-05-01 01:45:00;0,05;13,73;68,249;129,5381;0
2026-05-01 02:00:00;0,05;12,62;64,959;126,2481;0
2026-05-01 02:15:00;0,05;11,8;64,939;126,2281;0
2026-05-01 02:30:00;0,05;12,31;62,729;124,0181;0
2026-05-01 02:45:00;0,04;12,88;65,809;127,0981;0
2026-05-01 03:00:00;0,05;12,13;65,269;126,5581;0
2026-05-01 03:15:00;0,05;13,34;70,159;131,4481;0,001896932
2026-05-01 03:30:00;0,04;13,16;73,959;135,2481;0,008083744
2026-05-01 03:45:00;0,05;13,48;63,849;125,1381;0,016002575
2026-05-01 04:00:00;0,05;18,21;91,109;152,3981;0,022847936
2026-05-01 04:15:00;0,28;20,84;89,449;150,7381;0,03122844
2026-05-01 04:30:00;1,27;19,99;88,249;149,5381;0,048563242
2026-05-01 04:45:00;2,46;18,53;66,779;128,0681;0,07672021
2026-05-01 05:00:00;4,49;15,41;98,479;159,7681;0,13888381
2026-05-01 05:15:00;7,78;11,55;72,039;133,3281;0,17664307
2026-05-01 05:30:00;11,76;7,26;47,929;109,2181;0,21874452
2026-05-01 05:45:00;17,49;-3,64;14,819;76,1081;0,2650804
2026-05-01 06:00:00;25,35;-11,33;71,409;132,6981;0,32869193
2026-05-01 06:15:00;34,09;-21,06;15,929;77,2181;0,3772097
2026-05-01 06:30:00;42,84;-24,39;-9,091;52,1981;0,42208874
2026-05-01 06:45:00;51,65;-32,47;-16,721;44,5681;0,46106175
2026-05-01 07:00:00;60,12;-33,04;-15,591;45,6981;0,4697131
2026-05-01 07:15:00;68,6;-40,83;-16,751;44,5381;0,5001875
2026-05-01 07:30:00;76,08;-50,41;-16,761;44,5281;0,5313352
2026-05-01 07:45:00;83,73;-59,62;-18,001;43,2881;0,5637283
2026-05-01 08:00:00;89,7;-58,92;-18,121;43,1681;0,5813989
2026-05-01 08:15:00;95,08;-64,38;-24,701;36,5881;0,6089927
2026-05-01 08:30:00;100;-70,7;-41,591;19,6981;0,633675
2026-05-01 08:45:00;104,44;-76,16;-66,781;-5,4919;0,65185994
2026-05-01 09:00:00;107,9;-80,85;-86,241;-24,9519;0,6790416
2026-05-01 09:15:00;111,31;-87,38;-106,681;-45,3919;0,69396
2026-05-01 09:30:00;113,51;-91,58;-135,881;-74,5919;0,706071
2026-05-01 09:45:00;116,7;-94,1;-169,651;-108,3619;0,7152017
2026-05-01 10:00:00;118,78;-95,46;-175,571;-114,2819;0,7185457
2026-05-01 10:15:00;120,37;-95,82;-296,881;-235,5919;0,72035307
2026-05-01 10:30:00;120,99;-95,39;-354,401;-293,1119;0,72105855
2026-05-01 10:45:00;121,37;-95,15;-508,671;-447,3819;0,719873
2026-05-01 11:00:00;122,06;-96,94;-511,561;-450,2719;0,720507
2026-05-01 11:15:00;121,62;-97,74;-515,511;-454,2219;0,7139612
2026-05-01 11:30:00;120,9;-97,1;-516,041;-454,7519;0,7074336
2026-05-01 11:45:00;119,03;-94,23;-515,511;-454,2219;0,6949011
2026-05-01 12:00:00;118,3;-88,63;-515,631;-454,3419;0,6801916
2026-05-01 12:15:00;116,55;-90,81;-515,631;-454,3419;0,6625718
2026-05-01 12:30:00;114,46;-88,59;-513,471;-452,1819;0,64234275
2026-05-01 12:45:00;111,9;-85,87;-414,211;-352,9219;0,6199458
2026-05-01 13:00:00;109,34;-81,15;-414,211;-352,9219;0,5962982
2026-05-01 13:15:00;106,22;-76,08;-231,031;-169,7419;0,5677242
2026-05-01 13:30:00;102,34;-68,91;-145,871;-84,5819;0,53702366
2026-05-01 13:45:00;98,22;-57,68;-94,161;-32,8719;0,5051359
2026-05-01 14:00:00;93,8;-56,91;-80,221;-18,9319;0,4669949
2026-05-01 14:15:00;88,41;-61,54;-46,491;14,7981;0,43348715
2026-05-01 14:30:00;82,92;-56,57;-26,581;34,7081;0,3974798
2026-05-01 14:45:00;76,39;-35,8;-17,931;43,3581;0,3564426
2026-05-01 15:00:00;69,02;-20,07;-18,291;42,9981;0,3059052
2026-05-01 15:15:00;61,47;-14,59;-16,881;44,4081;0,25845802
2026-05-01 15:30:00;53,5;-11;-16,301;44,9881;0,20922136
2026-05-01 15:45:00;45,82;-1,69;1,859;63,1481;0,16049923
2026-05-01 16:00:00;38,37;3,71;-11,701;49,5881;0,12030815
2026-05-01 16:15:00;31,07;9,66;54,929;116,2181;0,08336062
2026-05-01 16:30:00;24,03;9,69;83,249;144,5381;0,052908633
2026-05-01 16:45:00;17,77;14,18;145,789;207,0781;0,032212056
2026-05-01 17:00:00;12,88;22,68;90,629;151,9181;0,026081601
2026-05-01 17:15:00;9,21;30,24;108,099;169,3881;0,018297594
2026-05-01 17:30:00;6,12;30,15;138,059;199,3481;0,010714881
2026-05-01 17:45:00;3,96;25,68;219,139;280,4281;0,003473813
2026-05-01 18:00:00;3,11;26,58;164,759;226,0481;9,24E-05
2026-05-01 18:15:00;2,35;28,52;164,049;225,3381;0
2026-05-01 18:30:00;1,59;18,74;164,129;225,4181;0
2026-05-01 18:45:00;0,83;16,87;135,079;196,3681;0
2026-05-01 19:00:00;0,14;11,66;192,549;253,8381;0
2026-05-01 19:15:00;0,05;15,33;118,359;179,6481;0
2026-05-01 19:30:00;0,05;14,21;99,729;161,0181;0
2026-05-01 19:45:00;0,05;13,38;92,809;154,0981;0
2026-05-01 20:00:00;0,05;13,14;116,229;177,5181;0
2026-05-01 20:15:00;0,06;10,81;103,249;164,5381;0
2026-05-01 20:30:00;0,06;10,83;95,499;156,7881;0
2026-05-01 20:45:00;0,07;10,75;91,649;152,9381;0
2026-05-01 21:00:00;0,06;8,62;105,319;166,6081;0
2026-05-01 21:15:00;0,06;7,63;95,889;157,1781;0
2026-05-01 21:30:00;0,06;7,43;90,649;151,9381;0
2026-05-01 21:45:00;0,05;12,1;82,449;143,7381;0
2026-05-01 22:00:00;0,05;12,99;116,939;178,2281;0
2026-05-01 22:15:00;0,05;13,47;103,249;164,5381;0
2026-05-01 22:30:00;0,03;12,52;87,879;149,1681;0
2026-05-01 22:45:00;0,05;12,15;88,229;149,5181;0
2026-05-01 23:00:00;0,06;12,26;99,559;160,8481;0
2026-05-01 23:15:00;0,04;12,23;87,649;148,9381;0
2026-05-01 23:30:00;0,05;11,99;84,029;145,3181;0
2026-05-01 23:45:00;0,05;12,1;80,049;141,3381;0
2026-05-02 00:00:00;0,04;12,93;88,209;149,4981;0
2026-05-02 00:15:00;0,06;13,36;86,719;148,0081;0
2026-05-02 00:30:00;0,05;14,64;82,719;144,0081;0
2026-05-02 00:45:00;0,05;15,05;78,969;140,2581;0
2026-05-02 01:00:00;0,05;11,85;79,249;140,5381;0
2026-05-02 01:15:00;0,05;13,86;75,189;136,4781;0
2026-05-02 01:30:00;0,05;14,12;74,589;135,8781;0
2026-05-02 01:45:00;0,05;12,71;73,249;134,5381;0
2026-05-02 02:00:00;0,05;11,46;74,029;135,3181;0
2026-05-02 02:15:00;0,05;11,54;76,799;138,0881;0
2026-05-02 02:30:00;0,05;9,89;77,059;138,3481;0
2026-05-02 02:45:00;0,05;10,13;77,149;138,4381;0
2026-05-02 03:00:00;0,05;13,42;74,129;135,4181;0
2026-05-02 03:15:00;0,05;19,34;74,179;135,4681;0,00247549
2026-05-02 03:30:00;0,06;21;77,039;138,3281;0,00912355
2026-05-02 03:45:00;0,06;20,01;77,519;138,8081;0,016875936
2026-05-02 04:00:00;0,06;20,15;79,219;140,5081;0,02362354
2026-05-02 04:15:00;0,08;20,04;82,559;143,8481;0,03220007
2026-05-02 04:30:00;0,06;19,37;136,839;198,1281;0,049907543
2026-05-02 04:45:00;0,3;17,55;130,169;191,4581;0,07835183
2026-05-02 05:00:00;1,85;12,46;161,359;222,6481;0,14138871
2026-05-02 05:15:00;3,62;15,92;102,259;163,5481;0,17909707
2026-05-02 05:30:00;4,86;8,85;91,749;153,0381;0,22121125
2026-05-02 05:45:00;9,83;2,83;38,169;99,4581;0,2675168
2026-05-02 06:00:00;10,39;4,2;68,419;129,7081;0,3291238
2026-05-02 06:15:00;32,29;-17,05;23,419;84,7081;0,37733415
2026-05-02 06:30:00;23,72;-10,9;3,379;64,6681;0,42182964
2026-05-02 06:45:00;32,69;-13,85;-11,821;49,4681;0,46038252
2026-05-02 07:00:00;46,7;-26,76;-6,391;54,8981;0,45964536
2026-05-02 07:15:00;27,63;-7,75;-16,181;45,1081;0,4901298
2026-05-02 07:30:00;29,84;-10,98;-16,751;44,5381;0,52060854
2026-05-02 07:45:00;42,63;-24,09;-16,771;44,5181;0,55166256
2026-05-02 08:00:00;70,63;-46,59;-16,761;44,5281;0,577065
2026-05-02 08:15:00;71,11;-44,99;-16,821;44,4681;0,60404766
2026-05-02 08:30:00;75,93;-49,6;-17,651;43,6381;0,6282992
2026-05-02 08:45:00;88,01;-61,74;-22,311;38,9781;0,64609075
2026-05-02 09:00:00;48,72;-24,19;-24,781;36,5081;0,6680417
2026-05-02 09:15:00;69,22;-46,03;-28,001;33,2881;0,6828378
2026-05-02 09:30:00;35,93;-12,99;-34,791;26,4981;0,6948203
2026-05-02 09:45:00;49,98;-18;-46,941;14,3481;0,7038429
2026-05-02 10:00:00;75,9;-39,67;-57,621;3,6681;0,70747596
2026-05-02 10:15:00;83,3;-47,87;-67,861;-6,5719;0,70912784
2026-05-02 10:30:00;88,67;-61,1;-77,501;-16,2119;0,70969194
2026-05-02 10:45:00;99,45;-71,9;-94,381;-33,0919;0,70838404
2026-05-02 11:00:00;98,84;-72,69;-113,031;-51,7419;0,7099433
2026-05-02 11:15:00;98,65;-72,68;-125,581;-64,2919;0,70345336
2026-05-02 11:30:00;97,1;-73,3;-139,841;-78,5519;0,696973
2026-05-02 11:45:00;81,16;-56,6;-126,251;-64,9619;0,68451524
2026-05-02 12:00:00;122,67;-97,34;-117,841;-56,5519;0,6707407
2026-05-02 12:15:00;119,05;-88,86;-97,191;-35,9019;0,65313256
2026-05-02 12:30:00;61,54;-35,42;-79,091;-17,8019;0,6328957
2026-05-02 12:45:00;92,46;-66,7;-65,501;-4,2119;0,61060816
2026-05-02 13:00:00;86,81;-62,18;-46,561;14,7281;0,5834308
2026-05-02 13:15:00;75,15;-51,44;-30,851;30,4381;0,555908
2026-05-02 13:30:00;43,47;-20,54;-21,721;39,5681;0,526473
2026-05-02 13:45:00;43,83;-21,46;-17,831;43,4581;0,4958988
2026-05-02 14:00:00;32,77;-9,92;-16,861;44,4281;0,45616996
2026-05-02 14:15:00;87,51;-64,24;-16,761;44,5281;0,4239618
2026-05-02 14:30:00;51,09;-27,4;-16,751;44,5381;0,38908952
2026-05-02 14:45:00;61,33;-35,92;-16,171;45,1181;0,34927547
2026-05-02 15:00:00;49,54;-19,94;-16,301;44,9881;0,30096665
2026-05-02 15:15:00;66,59;-35,55;-3,791;57,4981;0,25507855
2026-05-02 15:30:00;57,98;-27,47;118,669;179,9581;0,20712261
2026-05-02 15:45:00;45,26;-21,09;225,619;286,9081;0,15956193
2026-05-02 16:00:00;36,12;-4,42;115,899;177,1881;0,11909426
2026-05-02 16:15:00;19,2;11,41;115,519;176,8081;0,08349264
2026-05-02 16:30:00;11,54;17,4;115,599;176,8881;0,05402775
2026-05-02 16:45:00;12,06;18,9;157,409;218,6981;0,033618584
2026-05-02 17:00:00;16,65;14,82;104,699;165,9881;0,027902965
2026-05-02 17:15:00;14,61;13,79;134,159;195,4481;0,019523736
2026-05-02 17:30:00;9,73;11,44;138,289;199,5781;0,011714309
2026-05-02 17:45:00;4,99;13,51;235,849;297,1381;0,004052115
2026-05-02 18:00:00;2,64;20,45;163,249;224,5381;0,000200022
2026-05-02 18:15:00;2,89;15,4;186,149;247,4381;0
2026-05-02 18:30:00;0,86;16,12;203,449;264,7381;0
2026-05-02 18:45:00;0,05;18,12;173,749;235,0381;0
2026-05-02 19:00:00;0,04;13,25;193,129;254,4181;0
2026-05-02 19:15:00;0,05;14,66;141,249;202,5381;0
2026-05-02 19:30:00;0,04;14,67;122,739;184,0281;0
2026-05-02 19:45:00;0,04;13,72;131,879;193,1681;0
2026-05-02 20:00:00;0,06;12,57;157,499;218,7881;0
2026-05-02 20:15:00;0,05;12,03;120,739;182,0281;0
2026-05-02 20:30:00;0,06;11,51;114,939;176,2281;0
2026-05-02 20:45:00;0,06;11,17;111,539;172,8281;0
2026-05-02 21:00:00;0,06;10,58;111,979;173,2681;0
2026-05-02 21:15:00;0,06;8,54;106,959;168,2481;0
2026-05-02 21:30:00;0,05;8,9;100,749;162,0381;0
2026-05-02 21:45:00;0,06;15,99;93,249;154,5381;0
2026-05-02 22:00:00;0,05;15,06;107,839;169,1281;0
2026-05-02 22:15:00;0,06;15,77;101,469;162,7581;0
2026-05-02 22:30:00;0,05;14,73;102,709;163,9981;0
2026-05-02 22:45:00;0,05;13,77;98,239;159,5281;0
2026-05-02 23:00:00;0,05;13,82;101,289;162,5781;0
2026-05-02 23:15:00;0,05;13,59;100,889;162,1781;0
2026-05-02 23:30:00;0,05;11,56;98,629;159,9181;0
2026-05-02 23:45:00;0,05;14,01;94,639;155,9281;0
2026-05-03 00:00:00;0,05;17,37;94,149;155,4381;0
2026-05-03 00:15:00;0,05;15,66;96,339;157,6281;0
2026-05-03 00:30:00;0,05;14,29;103,249;164,5381;0
2026-05-03 00:45:00;0,06;16,22;100,729;162,0181;0
2026-05-03 01:00:00;0,05;17,87;95,799;157,0881;0
2026-05-03 01:15:00;0,05;15,9;93,759;155,0481;0
2026-05-03 01:30:00;0,05;15,1;92,239;153,5281;0
2026-05-03 01:45:00;0,05;13,89;96,549;157,8381;0
2026-05-03 02:00:00;0,05;12,52;97,629;158,9181;0
2026-05-03 02:15:00;0,06;13,01;88,439;149,7281;0
2026-05-03 02:30:00;0,06;12,76;88,849;150,1381;0
2026-05-03 02:45:00;0,06;14,07;89,359;150,6481;0
2026-05-03 03:00:00;0,06;14,08;96,479;157,7681;1,53E-06
2026-05-03 03:15:00;0,06;19;98,529;159,8181;0,002273598
2026-05-03 03:30:00;0,05;21,19;93,449;154,7381;0,008919449
2026-05-03 03:45:00;0,05;22,22;88,019;149,3081;0,018612206
2026-05-03 04:00:00;0,05;21,71;99,659;160,9481;0,029778728
2026-05-03 04:15:00;0,05;21,24;94,529;155,8181;0,04289132
2026-05-03 04:30:00;0,23;20,91;84,099;145,3881;0,058430433
2026-05-03 04:45:00;1,69;23,56;74,939;136,2281;0,07745535
2026-05-03 05:00:00;4,01;21,55;102,349;163,6381;0,09266991
2026-05-03 05:15:00;5,6;18,17;81,099;142,3881;0,116796434
2026-05-03 05:30:00;6,76;11,93;69,829;131,1181;0,14260568
2026-05-03 05:45:00;6,73;10,12;75,079;136,3681;0,17050354
2026-05-03 06:00:00;5,84;12,34;90,909;152,1981;0,20384584
2026-05-03 06:15:00;6,99;10,97;93,619;154,9081;0,23391514
2026-05-03 06:30:00;10,34;8,12;87,539;148,8281;0,26443437
2026-05-03 06:45:00;14,9;3,44;85,969;147,2581;0,29400873
2026-05-03 07:00:00;14,15;2,02;103,059;164,3481;0,30998224
2026-05-03 07:15:00;14,18;0,52;36,149;97,4381;0,33521572
2026-05-03 07:30:00;6,27;9,17;27,849;89,1381;0,35714343
2026-05-03 07:45:00;7,14;8,48;-5,911;55,3781;0,37614533
2026-05-03 08:00:00;11,52;9,4;3,009;64,2981;0,4387436
2026-05-03 08:15:00;7,02;13,81;-7,431;53,8581;0,45241994
2026-05-03 08:30:00;7,65;13,23;-9,831;51,4581;0,46451873
2026-05-03 08:45:00;19,61;-0,93;-11,311;49,9781;0,47337824
2026-05-03 09:00:00;26,27;-5,18;-4,601;56,6881;0,5122924
2026-05-03 09:15:00;32,86;-9,44;-7,181;54,1081;0,5182454
2026-05-03 09:30:00;28,15;-7,26;-7,921;53,3681;0,52292055
2026-05-03 09:45:00;23,91;-4,43;-10,701;50,5881;0,52641886
2026-05-03 10:00:00;21,73;-4,08;-13,751;47,5381;0,5315786
2026-05-03 10:15:00;17,83;-1,55;-13,141;48,1481;0,5318289
2026-05-03 10:30:00;23,3;-7,46;-12,591;48,6981;0,5306967
2026-05-03 10:45:00;25,5;-10,18;-12,341;48,9481;0,5280542
2026-05-03 11:00:00;36;-19,42;-3,901;57,3881;0,5277616
2026-05-03 11:15:00;43,31;-26,94;-1,831;59,4581;0,52117765
2026-05-03 11:30:00;25,32;-8,99;-16,721;44,5681;0,51470137
2026-05-03 11:45:00;27,36;-10,96;-16,601;44,6881;0,5029437
2026-05-03 12:00:00;9,12;7,37;-10,751;50,5381;0,48740235
2026-05-03 12:15:00;2,86;13,75;-10,141;51,1481;0,4668997
2026-05-03 12:30:00;9,44;8,55;-11,681;49,6081;0,444868
2026-05-03 12:45:00;28,76;-11,79;-11,691;49,5981;0,42181835
2026-05-03 13:00:00;26,75;-10,9;-11,351;49,9381;0,4162881
2026-05-03 13:15:00;19,26;-2,77;-4,361;56,9281;0,3906719
2026-05-03 13:30:00;55,39;-37,33;4,719;66,0081;0,3628208
2026-05-03 13:45:00;77,62;-59,59;11,459;72,7481;0,33290523
2026-05-03 14:00:00;19,45;-2,63;5,829;67,1181;0,31751963
2026-05-03 14:15:00;39,3;-22,08;9,869;71,1581;0,284567
2026-05-03 14:30:00;40,32;-20,88;13,089;74,3781;0,25214785
2026-05-03 14:45:00;40,11;-19,96;66,009;127,2981;0,22020894
2026-05-03 15:00:00;25,15;-1,15;20,229;81,5181;0,19358219
2026-05-03 15:15:00;7,54;14,48;101,349;162,6381;0,1644779
2026-05-03 15:30:00;12,05;9,56;154,039;215,3281;0,13840488
2026-05-03 15:45:00;2,8;15,65;175,059;236,3481;0,11483438
2026-05-03 16:00:00;0,84;23,01;83,249;144,5381;0,09005382
2026-05-03 16:15:00;2,91;23,75;96,569;157,8581;0,072076015
2026-05-03 16:30:00;4,13;22,52;101,309;162,5981;0,055947464
2026-05-03 16:45:00;6,17;20,1;104,059;165,3481;0,041865624
2026-05-03 17:00:00;7,7;14,78;114,129;175,4181;0,026587054
2026-05-03 17:15:00;6,97;9,9;105,849;167,1381;0,017063292
2026-05-03 17:30:00;7,47;8,69;119,509;180,7981;0,00894274
2026-05-03 17:45:00;7,21;9,6;134,509;195,7981;0,002834305
2026-05-03 18:00:00;6,62;9,99;120,879;182,1681;0,000157348
2026-05-03 18:15:00;3,29;12,59;123,249;184,5381;0
2026-05-03 18:30:00;1,93;11,73;130,339;191,6281;0
2026-05-03 18:45:00;0,88;12,63;143,249;204,5381;0
2026-05-03 19:00:00;0,1;13,15;125,019;186,3081;0
2026-05-03 19:15:00;0,04;14,1;124,779;186,0681;0
2026-05-03 19:30:00;0,05;12,8;119,749;181,0381;0
2026-05-03 19:45:00;0,05;13,22;114,249;175,5381;0
2026-05-03 20:00:00;0,04;10,96;118,809;180,0981;0
2026-05-03 20:15:00;0,05;10,43;123,729;185,0181;0
2026-05-03 20:30:00;0,06;10,03;109,669;170,9581;0
2026-05-03 20:45:00;0,05;10,15;103,249;164,5381;0
2026-05-03 21:00:00;0,06;8,83;113,499;174,7881;0
2026-05-03 21:15:00;0,06;7,3;101,659;162,9481;0
2026-05-03 21:30:00;0,04;9,53;96,599;157,8881;0
2026-05-03 21:45:00;0,03;14,79;93,619;154,9081;0
2026-05-03 22:00:00;0,05;11,91;109,219;170,5081;0
2026-05-03 22:15:00;0,05;10,94;103,349;164,6381;0
2026-05-03 22:30:00;0,04;12,5;95,709;156,9981;0
2026-05-03 22:45:00;0,04;12,39;92,909;154,1981;0
2026-05-03 23:00:00;0,04;12,45;93,839;155,1281;0
2026-05-03 23:15:00;0,04;12,29;92,329;153,6181;0
2026-05-03 23:30:00;0,05;14,01;91,329;152,6181;0
2026-05-03 23:45:00;0,04;18,55;88,299;149,5881;0
2026-05-04 00:00:00;0,05;20,72;96,239;157,5281;0
2026-05-04 00:15:00;0,05;18,52;93,819;155,1081;0
2026-05-04 00:30:00;0,04;18,45;93,249;154,5381;0
2026-05-04 00:45:00;0,05;19,05;91,379;152,6681;0
2026-05-04 01:00:00;0,05;19,07;89,749;151,0381;0
2026-05-04 01:15:00;0,05;18,96;88,639;149,9281;0
2026-05-04 01:30:00;0,05;18,46;89,109;150,3981;0
2026-05-04 01:45:00;0,05;14,83;90,629;151,9181;0
2026-05-04 02:00:00;0,05;13,67;88,469;149,7581;0
2026-05-04 02:15:00;0,04;15,24;90,049;151,3381;0
2026-05-04 02:30:00;0,04;14,48;91,889;153,1781;0
2026-05-04 02:45:00;0,05;14,84;93,649;154,9381;0
2026-05-04 03:00:00;0,04;14,68;89,689;150,9781;3,01E-05
2026-05-04 03:15:00;0,04;15,86;94,779;156,0681;0,001865309
2026-05-04 03:30:00;0,06;12,28;103,789;165,0781;0,006812719
2026-05-04 03:45:00;0,05;15,05;113,429;174,7181;0,01401086
2026-05-04 04:00:00;0,05;20,59;112,789;174,0781;0,022730455
2026-05-04 04:15:00;0,22;20,37;121,819;183,1081;0,033040106
2026-05-04 04:30:00;0,59;17,47;123,249;184,5381;0,044310514
2026-05-04 04:45:00;1,09;17,91;133,419;194,7081;0,05555728
2026-05-04 05:00:00;3,34;14,61;147,859;209,1481;0,062435202
2026-05-04 05:15:00;8,64;9,53;138,299;199,5881;0,07144518
2026-05-04 05:30:00;9,86;4,9;130,849;192,1381;0,07983062
2026-05-04 05:45:00;10,4;2,17;123,789;185,0781;0,08774928
2026-05-04 06:00:00;16,37;-1,54;138,759;200,0481;0,0888729
2026-05-04 06:15:00;28,85;-13,17;130,349;191,6381;0,095244944
2026-05-04 06:30:00;52,08;-37,39;114,409;175,6981;0,10142512
2026-05-04 06:45:00;41,93;-26,9;93,459;154,7481;0,10722685
2026-05-04 07:00:00;29,19;-12,86;113,629;174,9181;0,11302161
2026-05-04 07:15:00;23,14;-1,71;100,179;161,4681;0,11815807
2026-05-04 07:30:00;32,22;-10,6;105,269;166,5581;0,12332803
2026-05-04 07:45:00;46,52;-27,63;101,829;163,1181;0,12892158
2026-05-04 08:00:00;69,33;-42,25;118,769;180,0581;0,14258306
2026-05-04 08:15:00;57,09;-34,4;97,019;158,3081;0,14721127
2026-05-04 08:30:00;50,5;-28,05;96,079;157,3681;0,15025401
2026-05-04 08:45:00;85,84;-62,43;83,249;144,5381;0,15092184
2026-05-04 09:00:00;77,14;-55,15;96,559;157,8481;0,14732374
2026-05-04 09:15:00;65,82;-45,73;91,929;153,2181;0,14802843
2026-05-04 09:30:00;63,26;-43,17;92,179;153,4681;0,14875865
2026-05-04 09:45:00;79,63;-57,57;85,769;147,0581;0,14989673
2026-05-04 10:00:00;82,56;-59,79;96,719;158,0081;0,14858593
2026-05-04 10:15:00;87,69;-66,47;80,679;141,9681;0,15029353
2026-05-04 10:30:00;87,93;-66,46;75,269;136,5581;0,15407167
2026-05-04 10:45:00;92,32;-69,92;71,019;132,3081;0,15968393
2026-05-04 11:00:00;89,71;-66,2;77,919;139,2081;0,18529077
2026-05-04 11:15:00;57,14;-35,61;71,819;133,1081;0,19077347
2026-05-04 11:30:00;47,53;-28,15;64,769;126,0581;0,19629969
2026-05-04 11:45:00;36,81;-16,35;79,609;140,8981;0,20100117
2026-05-04 12:00:00;29,33;-10,5;78,419;139,7081;0,22649528
2026-05-04 12:15:00;25,52;-4,44;86,119;147,4081;0,22700763
2026-05-04 12:30:00;25,63;-6,94;87,669;148,9581;0,22701538
2026-05-04 12:45:00;27,55;-9,35;89,819;151,1081;0,22530612
2026-05-04 13:00:00;29,5;-10,32;83,769;145,0581;0,2264261
2026-05-04 13:15:00;34,38;-15,59;87,839;149,1281;0,22077526
2026-05-04 13:30:00;44,09;-25,22;90,949;152,2381;0,21135774
2026-05-04 13:45:00;52,01;-30,83;96,089;157,3781;0,19778152
2026-05-04 14:00:00;56,7;-35,79;72,679;133,9681;0,16339712
2026-05-04 14:15:00;42,93;-21,95;81,079;142,3681;0,15158692
2026-05-04 14:30:00;41,88;-23,12;92,319;153,6081;0,14028455
2026-05-04 14:45:00;58,3;-39,86;110,829;172,1181;0,12935698
2026-05-04 15:00:00;59,6;-37,43;72,259;133,5481;0,09456335
2026-05-04 15:15:00;44,29;-14,8;98,169;159,4581;0,088990465
2026-05-04 15:30:00;44,49;-15,36;106,929;168,2181;0,08265795
2026-05-04 15:45:00;42,63;-15,35;115,549;176,8381;0,075472385
2026-05-04 16:00:00;46,01;-19,3;98,319;159,6081;0,0650342
2026-05-04 16:15:00;48,16;-20,95;107,359;168,6481;0,05596625
2026-05-04 16:30:00;44,75;-20,34;133,459;194,7481;0,0454196
2026-05-04 16:45:00;35,2;-9,81;167,009;228,2981;0,034394868
2026-05-04 17:00:00;32,57;-0,79;121,519;182,8081;0,024393363
2026-05-04 17:15:00;21,91;6,49;107,149;168,4381;0,015908642
2026-05-04 17:30:00;18,27;4,13;134,079;195,3681;0,008688144
2026-05-04 17:45:00;14,85;-1,63;192,449;253,7381;0,003035771
2026-05-04 18:00:00;15,49;4,44;138,249;199,5381;0,00030628
2026-05-04 18:15:00;11,46;5,83;160,069;221,3581;0
2026-05-04 18:30:00;5,84;10,95;158,319;219,6081;0
2026-05-04 18:45:00;4,88;11,1;152,959;214,2481;0
2026-05-04 19:00:00;1,69;8,93;171,609;232,8981;0
2026-05-04 19:15:00;0,27;13,28;148,959;210,2481;0
2026-05-04 19:30:00;0,05;13,13;131,499;192,7881;0
2026-05-04 19:45:00;0,04;13,34;120,849;182,1381;0
2026-05-04 20:00:00;0,05;11,99;159,769;221,0581;0
2026-05-04 20:15:00;0,06;10,41;130,259;191,5481;0
2026-05-04 20:30:00;0,06;11,28;124,609;185,8981;0
2026-05-04 20:45:00;0,06;10,69;118,889;180,1781;0
2026-05-04 21:00:00;0,06;9;131,739;193,0281;0
2026-05-04 21:15:00;0,06;7,91;118,249;179,5381;0
2026-05-04 21:30:00;0,06;8,28;112,459;173,7481;0
2026-05-04 21:45:00;0,05;13,2;105,359;166,6481;0
2026-05-04 22:00:00;0,05;12,51;119,959;181,2481;0
2026-05-04 22:15:00;0,05;11,25;110,429;171,7181;0
2026-05-04 22:30:00;0,06;11,13;104,589;165,8781;0
2026-05-04 22:45:00;0,05;11,08;101,399;162,6881;0
2026-05-04 23:00:00;0,05;10,69;108,589;169,8781;0
2026-05-04 23:15:00;0,06;10,73;103,369;164,6581;0
2026-05-04 23:30:00;0,05;10,66;102,759;164,0481;0
2026-05-04 23:45:00;0,05;13,46;99,619;160,9081;0
2026-05-05 00:00:00;0,06;17,44;100,659;161,9481;0
2026-05-05 00:15:00;0,05;15,65;96,009;157,2981;0
2026-05-05 00:30:00;0,05;15,63;95,389;156,6781;0
2026-05-05 00:45:00;0,05;15,98;95,899;157,1881;0
2026-05-05 01:00:00;0,05;18,78;96,649;157,9381;0
2026-05-05 01:15:00;0,06;15,9;96,489;157,7781;0
2026-05-05 01:30:00;0,05;14,88;99,229;160,5181;0
2026-05-05 01:45:00;0,04;13,6;93,649;154,9381;0
2026-05-05 02:00:00;0,04;12,96;96,309;157,5981;0
2026-05-05 02:15:00;0,04;12,58;94,429;155,7181;0
2026-05-05 02:30:00;0,06;10,15;101,599;162,8881;0
2026-05-05 02:45:00;0,06;11,06;101,789;163,0781;0
2026-05-05 03:00:00;0,07;12,46;101,409;162,6981;0,000103794
2026-05-05 03:15:00;0,05;19,18;103,989;165,2781;0,002526239
2026-05-05 03:30:00;0,06;20,59;106,779;168,0681;0,008714411
2026-05-05 03:45:00;0,06;19,69;116,919;178,2081;0,01759144
2026-05-05 04:00:00;0,05;21;97,779;159,0681;0,028351545
2026-05-05 04:15:00;0,04;20,63;107,209;168,4981;0,04125094
2026-05-05 04:30:00;0,45;19,34;112,639;173,9281;0,05495076
2026-05-05 04:45:00;1,11;16,6;117,909;179,1981;0,068778
2026-05-05 05:00:00;1,57;15,76;128,279;189,5681;0,08706327
2026-05-05 05:15:00;2,23;10,5;123,079;184,3681;0,10059214
2026-05-05 05:30:00;2,81;10,24;116,639;177,9281;0,11407502
2026-05-05 05:45:00;2,63;7,53;117,529;178,8181;0,12746839
2026-05-05 06:00:00;3,33;8,65;137,939;199,2281;0,14290762
2026-05-05 06:15:00;4,14;14,98;121,459;182,7481;0,1540783
2026-05-05 06:30:00;5,04;13,55;117,859;179,1481;0,16635197
2026-05-05 06:45:00;7,51;10,75;108,379;169,6681;0,18019561
2026-05-05 07:00:00;8,3;9,74;118,389;179,6781;0,204238
2026-05-05 07:15:00;8,96;7,92;110,769;172,0581;0,22025375
2026-05-05 07:30:00;9,44;7,01;106,739;168,0281;0,23573555
2026-05-05 07:45:00;9,67;7,39;106,079;167,3681;0,25005686
2026-05-05 08:00:00;10,04;10,93;108,959;170,2481;0,25464556
2026-05-05 08:15:00;12,97;6,48;100,089;161,3781;0,26854956
2026-05-05 08:30:00;14,53;3,06;91,719;153,0081;0,28107786
2026-05-05 08:45:00;15;1,4;90,569;151,8581;0,29022318
2026-05-05 09:00:00;9,34;7,08;97,849;159,1381;0,26641256
2026-05-05 09:15:00;14,89;0,7;95,189;156,4781;0,27591437
2026-05-05 09:30:00;18,22;-3,14;92,439;153,7281;0,28330067
2026-05-05 09:45:00;21,5;-6,03;85,289;146,5781;0,28733194
2026-05-05 10:00:00;27,06;-10,43;91,369;152,6581;0,29715085
2026-05-05 10:15:00;30,95;-13,78;82,359;143,6481;0,2946915
2026-05-05 10:30:00;33,41;-18,63;82,849;144,1381;0,29144457
2026-05-05 10:45:00;34,11;-20,63;84,719;146,0081;0,28732514
2026-05-05 11:00:00;23,81;-9,61;86,279;147,5681;0,31057906
2026-05-05 11:15:00;26,13;-13,24;84,469;145,7581;0,3015622
2026-05-05 11:30:00;25,15;-11,85;82,759;144,0481;0,29271993
2026-05-05 11:45:00;26,37;-13,1;81,849;143,1381;0,27985114
2026-05-05 12:00:00;31,77;-18,31;78,649;139,9381;0,28873423
2026-05-05 12:15:00;31,1;-17,55;79,889;141,1781;0,27625307
2026-05-05 12:30:00;29,2;-15,6;86,199;147,4881;0,26246312
2026-05-05 12:45:00;39,99;-26,48;82,169;143,4581;0,24748334
2026-05-05 13:00:00;64,08;-50,45;98,819;160,1081;0,23258886
2026-05-05 13:15:00;71,71;-57,27;87,779;149,0681;0,21851134
2026-05-05 13:30:00;52,31;-38,36;81,289;142,5781;0,20433319
2026-05-05 13:45:00;34,86;-21,99;79,919;141,2081;0,19003375
2026-05-05 14:00:00;49,12;-35,07;85,759;147,0481;0,17974083
2026-05-05 14:15:00;32,79;-16,58;81,249;142,5381;0,16572164
2026-05-05 14:30:00;46,14;-32,25;78,259;139,5481;0,15114285
2026-05-05 14:45:00;56,31;-43,23;93,249;154,5381;0,13590457
2026-05-05 15:00:00;49;-32,72;85,899;147,1881;0,12762667
2026-05-05 15:15:00;46,24;-23,65;86,019;147,3081;0,11120187
2026-05-05 15:30:00;42,88;-20,49;95,709;156,9981;0,09622354
2026-05-05 15:45:00;35,3;-12,14;108,769;170,0581;0,08259572
2026-05-05 16:00:00;34,11;-11,36;97,029;158,3181;0,06679487
2026-05-05 16:15:00;29,75;-6,64;92,299;153,5881;0,055724576
2026-05-05 16:30:00;24,68;1,84;123,249;184,5381;0,044690836
2026-05-05 16:45:00;22,08;3,79;142,829;204,1181;0,033876237
2026-05-05 17:00:00;19,42;5,75;128,059;189,3481;0,023830106
2026-05-05 17:15:00;16,94;1,18;135,839;197,1281;0,015283329
2026-05-05 17:30:00;13,17;3,52;129,559;190,8481;0,008336215
2026-05-05 17:45:00;9,71;6,36;143,129;204,4181;0,003111682
2026-05-05 18:00:00;6,45;9;124,669;185,9581;0,000508087
2026-05-05 18:15:00;4,21;11,16;130,399;191,6881;0
2026-05-05 18:30:00;2,51;12,81;130,669;191,9581;0
2026-05-05 18:45:00;0,99;12,75;125,209;186,4981;0
2026-05-05 19:00:00;0,14;12,57;127,689;188,9781;0
2026-05-05 19:15:00;0,05;11,92;124,559;185,8481;0
2026-05-05 19:30:00;0,06;13,12;117,719;179,0081;0
2026-05-05 19:45:00;0,05;15,61;102,569;163,8581;0
2026-05-05 20:00:00;0,05;15,33;120,429;181,7181;0
2026-05-05 20:15:00;0,06;14,94;108,919;170,2081;0
2026-05-05 20:30:00;0,05;15,22;107,049;168,3381;0
2026-05-05 20:45:00;0,06;15,81;97,429;158,7181;0
2026-05-05 21:00:00;0,06;12,81;105,429;166,7181;0
2026-05-05 21:15:00;0,05;14,53;94,259;155,5481;0
2026-05-05 21:30:00;0,05;12,83;90,979;152,2681;0
2026-05-05 21:45:00;0,05;19,2;85,289;146,5781;0
2026-05-05 22:00:00;0,06;16,4;109,339;170,6281;0
2026-05-05 22:15:00;0,06;12,75;102,929;164,2181;0
2026-05-05 22:30:00;0,05;10,67;100,369;161,6581;0
2026-05-05 22:45:00;0,06;9,09;96,799;158,0881;0
2026-05-05 23:00:00;0,06;8,69;99,749;161,0381;0
2026-05-05 23:15:00;0,06;8,53;95,859;157,1481;0
2026-05-05 23:30:00;0,06;8,64;95,179;156,4681;0
2026-05-05 23:45:00;0,05;11,28;94,279;155,5681;0
2026-05-06 00:00:00;0,06;9,41;96,309;157,5981;0
2026-05-06 00:15:00;0,05;12,32;93,759;155,0481;0
2026-05-06 00:30:00;0,04;12,98;91,419;152,7081;0
2026-05-06 00:45:00;0,05;11,29;92,279;153,5681;0
2026-05-06 01:00:00;0,05;8,74;94,769;156,0581;0
2026-05-06 01:15:00;0,04;10,7;92,439;153,7281;0
2026-05-06 01:30:00;0,04;11,06;93,559;154,8481;0
2026-05-06 01:45:00;0,05;11,07;91,199;152,4881;0
2026-05-06 02:00:00;0,04;11,24;90,939;152,2281;0
2026-05-06 02:15:00;0,04;11,34;91,179;152,4681;0
2026-05-06 02:30:00;0,05;11,35;94,409;155,6981;0
2026-05-06 02:45:00;0,04;12,63;94,349;155,6381;0
2026-05-06 03:00:00;0,04;12,65;90,599;151,8881;0,000132441
2026-05-06 03:15:00;0,04;17,22;92,549;153,8381;0,002012032
2026-05-06 03:30:00;0,04;19,88;100,539;161,8281;0,006556763
2026-05-06 03:45:00;0,06;20,35;98,769;160,0581;0,012991115
2026-05-06 04:00:00;0,06;19,4;102,769;164,0581;0,020510666
2026-05-06 04:15:00;0,06;19,7;109,859;171,1481;0,029584486
2026-05-06 04:30:00;0,05;18,48;115,219;176,5081;0,03948143
2026-05-06 04:45:00;0,49;16,17;116,769;178,0581;0,04990406
2026-05-06 05:00:00;1,12;15,45;126,139;187,4281;0,036689203
2026-05-06 05:15:00;1,15;12,1;126,819;188,1081;0,04559361
2026-05-06 05:30:00;1,98;10,48;120,689;181,9781;0,0542418
2026-05-06 05:45:00;3,57;10,65;110,459;171,7481;0,06264576
2026-05-06 06:00:00;4,63;6,61;153,479;214,7681;0,061285567
2026-05-06 06:15:00;4,3;7,35;124,879;186,1681;0,06871722
2026-05-06 06:30:00;4,29;7,44;113,149;174,4381;0,07637236
2026-05-06 06:45:00;4,4;6,92;96,259;157,5481;0,0841216
2026-05-06 07:00:00;7,78;11,6;120,109;181,3981;0,08274015
2026-05-06 07:15:00;10,25;10,68;108,739;170,0281;0,0915428
2026-05-06 07:30:00;14,02;4,24;100,979;162,2681;0,10041983
2026-05-06 07:45:00;16,59;0,46;92,609;153,8981;0,109639525
2026-05-06 08:00:00;25,39;-6,09;105,009;166,2981;0,11659276
2026-05-06 08:15:00;28,69;-6,71;96,139;157,4281;0,12696174
2026-05-06 08:30:00;31,09;-8,88;91,299;152,5881;0,13623601
2026-05-06 08:45:00;33,73;-10,73;89,689;150,9781;0,14416292
2026-05-06 09:00:00;36,18;-12,95;98,969;160,2581;0,14942537
2026-05-06 09:15:00;36,62;-16,97;88,149;149,4381;0,15806115
2026-05-06 09:30:00;40,58;-25,25;88,579;149,8681;0,16601653
2026-05-06 09:45:00;46,07;-24,07;90,509;151,7981;0,1736165
2026-05-06 10:00:00;52,59;-31,54;85,009;146,2981;0,17804307
2026-05-06 10:15:00;67,18;-47,24;86,159;147,4481;0,18496613
2026-05-06 10:30:00;78,43;-61,02;92,449;153,7381;0,19080108
2026-05-06 10:45:00;66,54;-51,69;87,159;148,4481;0,19516322
2026-05-06 11:00:00;63,34;-48,45;82,729;144,0181;0,17534375
2026-05-06 11:15:00;38,13;-24,29;83,239;144,5281;0,18011104
2026-05-06 11:30:00;29,2;-17,47;93,249;154,5381;0,18361418
2026-05-06 11:45:00;41,7;-29,15;93,769;155,0581;0,18479143
2026-05-06 12:00:00;32,07;-19,86;70,899;132,1881;0,16740197
2026-05-06 12:15:00;31,83;-20,46;72,559;133,8481;0,16935977
2026-05-06 12:30:00;12,69;-1,15;79,779;141,0681;0,16909124
2026-05-06 12:45:00;10,72;0,02;81,099;142,3881;0,16664396
2026-05-06 13:00:00;11,86;-0,39;89,459;150,7481;0,16485609
2026-05-06 13:15:00;15,28;-3,38;93,729;155,0181;0,16101378
2026-05-06 13:30:00;16,11;-5,38;88,729;150,0181;0,15585369
2026-05-06 13:45:00;36;-24,99;107,899;169,1881;0,14928254
2026-05-06 14:00:00;40,17;-27,14;85,749;147,0381;0,13662042
2026-05-06 14:15:00;19,94;-7,84;85,769;147,0581;0,1283976
2026-05-06 14:30:00;14,94;-3,19;94,349;155,6381;0,11925033
2026-05-06 14:45:00;28,7;-15,22;102,939;164,2281;0,10924576
2026-05-06 15:00:00;48,89;-34,15;88,819;150,1081;0,101366125
2026-05-06 15:15:00;50,29;-28,85;97,999;159,2881;0,09013984
2026-05-06 15:30:00;23,05;-0,32;94,749;156,0381;0,079104744
2026-05-06 15:45:00;8,65;11,4;111,909;173,1981;0,06841732
2026-05-06 16:00:00;29,92;-6,26;97,849;159,1381;0,054821465
2026-05-06 16:15:00;41,91;-17,76;114,139;175,4281;0,045955315
2026-05-06 16:30:00;27,26;-2,47;113,669;174,9581;0,037243195
2026-05-06 16:45:00;15,08;10,03;138,249;199,5381;0,028878676
2026-05-06 17:00:00;12,69;13,38;122,479;183,7681;0,020410528
2026-05-06 17:15:00;9,35;17,2;133,179;194,4681;0,01365213
2026-05-06 17:30:00;7,37;8,88;140,489;201,7781;0,007847849
2026-05-06 17:45:00;3,9;11;153,889;215,1781;0,003266651
2026-05-06 18:00:00;3,21;11,54;124,919;186,2081;0,000591649
2026-05-06 18:15:00;3,66;10,16;135,119;196,4081;0
2026-05-06 18:30:00;2,64;11,69;144,159;205,4481;0
2026-05-06 18:45:00;1,03;12,87;153,669;214,9581;0
2026-05-06 19:00:00;0,31;11,5;147,199;208,4881;0
2026-05-06 19:15:00;0,05;11,95;145,549;206,8381;0
2026-05-06 19:30:00;0,04;11,85;136,249;197,5381;0
2026-05-06 19:45:00;0,05;11,63;122,669;183,9581;0
2026-05-06 20:00:00;0,05;10,94;139,079;200,3681;0
2026-05-06 20:15:00;0,05;10,3;131,689;192,9781;0
2026-05-06 20:30:00;0,05;11,35;123,699;184,9881;0
2026-05-06 20:45:00;0,05;10,91;113,219;174,5081;0
2026-05-06 21:00:00;0,05;11,22;120,669;181,9581;0
2026-05-06 21:15:00;0,05;12,37;113,259;174,5481;0
2026-05-06 21:30:00;0,05;11,19;109,749;171,0381;0
2026-05-06 21:45:00;0,04;12,29;103,919;165,2081;0
2026-05-06 22:00:00;0,05;9,59;115,919;177,2081;0
2026-05-06 22:15:00;0,06;7,58;109,249;170,5381;0
2026-05-06 22:30:00;0,05;10,28;106,339;167,6281;0
2026-05-06 22:45:00;0,05;9,79;102,219;163,5081;0
2026-05-06 23:00:00;0,04;9,05;101,469;162,7581;0
2026-05-06 23:15:00;0,04;11,31;99,799;161,0881;0
2026-05-06 23:30:00;0,04;15,36;99,269;160,5581;0
2026-05-06 23:45:00;0,04;15,94;98,599;159,8881;0
2026-05-07 00:00:00;0,05;18,3;97,729;159,0181;0
2026-05-07 00:15:00;0,04;16,6;98,089;159,3781;0
2026-05-07 00:30:00;0,04;17,88;97,939;159,2281;0
2026-05-07 00:45:00;0,05;16,8;98,799;160,0881;0
2026-05-07 01:00:00;0,04;16,42;97,959;159,2481;0
2026-05-07 01:15:00;0,04;16,18;96,709;157,9981;0
2026-05-07 01:30:00;0,04;15,24;97,229;158,5181;0
2026-05-07 01:45:00;0,04;14,67;99,249;160,5381;0
2026-05-07 02:00:00;0,05;14,43;95,529;156,8181;0
2026-05-07 02:15:00;0,04;14,22;98,109;159,3981;0
2026-05-07 02:30:00;0,05;14,98;100,569;161,8581;0
2026-05-07 02:45:00;0,04;14,54;104,089;165,3781;0
2026-05-07 03:00:00;0,05;13,34;100,329;161,6181;9,52E-05
2026-05-07 03:15:00;0,04;14,96;104,419;165,7081;0,001395986
2026-05-07 03:30:00;0,05;12,87;108,499;169,7881;0,004486501
2026-05-07 03:45:00;0,05;12,73;114,729;176,0181;0,008779356
2026-05-07 04:00:00;0,04;18,71;116,569;177,8581;0,013479395
2026-05-07 04:15:00;0,71;19,62;126,269;187,5581;0,019294556
2026-05-07 04:30:00;1,51;18,61;129,639;190,9281;0,025487576
2026-05-07 04:45:00;3,32;16,17;135,489;196,7781;0,031930175
2026-05-07 05:00:00;6,17;13,31;144,639;205,9281;0,03375451
2026-05-07 05:15:00;9,04;9,25;145,469;206,7581;0,040331673
2026-05-07 05:30:00;14,07;0,83;141,769;203,0581;0,047116596
2026-05-07 05:45:00;27,24;-15,26;135,429;196,7181;0,054210093
2026-05-07 06:00:00;37,96;-26,04;169,399;230,6881;0,070577435
2026-05-07 06:15:00;37,99;-23,18;133,169;194,4581;0,07775313
2026-05-07 06:30:00;38,57;-17,66;132,179;193,4681;0,08449164
2026-05-07 06:45:00;32,91;-11,66;109,669;170,9581;0,09053223
2026-05-07 07:00:00;57,8;-39,94;126,129;187,4181;0,090117574
2026-05-07 07:15:00;71,31;-54,86;108,799;170,0881;0,095407054
2026-05-07 07:30:00;77,49;-59,04;103,149;164,4381;0,10042306
2026-05-07 07:45:00;84,76;-65,64;93,599;154,8881;0,10510882
2026-05-07 08:00:00;90,95;-69,6;109,819;171,1081;0,123195
2026-05-07 08:15:00;95,96;-74,92;90,109;151,3981;0,12781462
2026-05-07 08:30:00;100,87;-80,17;82,589;143,8781;0,13241562
2026-05-07 08:45:00;105,58;-88,55;69,289;130,5781;0,13691072
2026-05-07 09:00:00;109,19;-92,56;90,229;151,5181;0,16645509
2026-05-07 09:15:00;112,74;-93,5;82,559;143,8481;0,16950259
2026-05-07 09:30:00;100,91;-83,08;81,519;142,8081;0,17264955
2026-05-07 09:45:00;123,23;-103,85;73,299;134,5881;0,17646007
2026-05-07 10:00:00;125,28;-105,85;82,949;144,2381;0,24501611
2026-05-07 10:15:00;54,82;-39,56;73,129;134,4181;0,24577777
2026-05-07 10:30:00;112,71;-95,43;74,329;135,6181;0,2458865
2026-05-07 10:45:00;111,47;-94,88;65,049;126,3381;0,2459058
2026-05-07 11:00:00;38,36;-24,58;75,749;137,0381;0,2662852
2026-05-07 11:15:00;44,87;-32,07;71,569;132,8581;0,26509655
2026-05-07 11:30:00;53,95;-40,76;64,739;126,0281;0,26413828
2026-05-07 11:45:00;49,16;-36,07;62,899;124,1881;0,2608378
2026-05-07 12:00:00;43,8;-30,86;73,109;134,3981;0,26341683
2026-05-07 12:15:00;43,04;-27,19;73,569;134,8581;0,2613431
2026-05-07 12:30:00;50,85;-37,45;75,429;136,7181;0,25817224
2026-05-07 12:45:00;48;-34,46;76,249;137,5381;0,2536354
2026-05-07 13:00:00;37,62;-23,83;78,259;139,5481;0,24636364
2026-05-07 13:15:00;31,18;-18,11;78,429;139,7181;0,24060595
2026-05-07 13:30:00;28,5;-15,28;75,839;137,1281;0,232893
2026-05-07 13:45:00;28,03;-12,62;80,899;142,1881;0,22302191
2026-05-07 14:00:00;27,27;-13,64;71,719;133,0081;0,20978239
2026-05-07 14:15:00;24,59;-9,51;74,059;135,3481;0,19850817
2026-05-07 14:30:00;23,87;-8,24;81,109;142,3981;0,18564336
2026-05-07 14:45:00;22,79;-9,03;96,729;158,0181;0,17115988
2026-05-07 15:00:00;22,4;-8,03;77,039;138,3281;0,16210824
2026-05-07 15:15:00;22,97;-1,11;86,259;147,5481;0,14473544
2026-05-07 15:30:00;25,98;-3,38;103,029;164,3181;0,12686543
2026-05-07 15:45:00;28,41;-5,2;116,769;178,0581;0,10886086
2026-05-07 16:00:00;30,46;-6,53;96,419;157,7081;0,09000714
2026-05-07 16:15:00;26,87;-4,15;112,809;174,0981;0,074493535
2026-05-07 16:30:00;19,22;4,33;125,799;187,0881;0,059559666
2026-05-07 16:45:00;15,55;9,91;140,329;201,6181;0,04567513
2026-05-07 17:00:00;13,08;13,55;118,609;179,8981;0,032684185
2026-05-07 17:15:00;10,81;9,35;134,439;195,7281;0,021877665
2026-05-07 17:30:00;8,84;5,37;172,139;233,4281;0,01273788
2026-05-07 17:45:00;6,84;6,68;200,269;261,5581;0,00550208
2026-05-07 18:00:00;4,99;12,41;144,399;205,6881;0,001219086
2026-05-07 18:15:00;3,48;15,46;153,429;214,7181;0
2026-05-07 18:30:00;2,02;16,26;153,709;214,9981;0
2026-05-07 18:45:00;1,04;11,08;153,809;215,0981;0
2026-05-07 19:00:00;0,18;10,5;156,999;218,2881;0
2026-05-07 19:15:00;0,06;14,04;146,219;207,5081;0
2026-05-07 19:30:00;0,06;16,65;144,159;205,4481;0
2026-05-07 19:45:00;0,05;15,07;130,229;191,5181;0
2026-05-07 20:00:00;0,06;10,9;144,889;206,1781;0
2026-05-07 20:15:00;0,05;10,39;133,459;194,7481;0
2026-05-07 20:30:00;0,05;9,53;137,409;198,6981;0
2026-05-07 20:45:00;0,06;9,54;125,139;186,4281;0
2026-05-07 21:00:00;0,06;7,65;133,419;194,7081;0
2026-05-07 21:15:00;0,05;7,52;124,649;185,9381;0
2026-05-07 21:30:00;0,06;7,86;117,579;178,8681;0
2026-05-07 21:45:00;0,05;10,44;110,949;172,2381;0
2026-05-07 22:00:00;0,06;8,86;114,639;175,9281;0
2026-05-07 22:15:00;0,06;7,75;111,699;172,9881;0
2026-05-07 22:30:00;0,06;7,05;105,449;166,7381;0
2026-05-07 22:45:00;0,05;7,33;100,919;162,2081;0
2026-05-07 23:00:00;0,05;7,37;103,989;165,2781;0
2026-05-07 23:15:00;0,05;6,97;100,819;162,1081;0
2026-05-07 23:30:00;0,06;7,25;99,419;160,7081;0
2026-05-07 23:45:00;0,06;7,95;96,469;157,7581;0
2026-05-08 00:00:00;0,06;11,98;99,009;160,2981;0
2026-05-08 00:15:00;0,05;11,32;97,899;159,1881;0
2026-05-08 00:30:00;0,05;11,94;97,579;158,8681;0
2026-05-08 00:45:00;0,05;10,92;91,629;152,9181;0
2026-05-08 01:00:00;0,06;9,79;92,659;153,9481;0
2026-05-08 01:15:00;0,06;9,66;89,979;151,2681;0
2026-05-08 01:30:00;0,04;12,33;88,249;149,5381;0
2026-05-08 01:45:00;0,04;12,76;86,849;148,1381;0
2026-05-08 02:00:00;0,04;11,42;86,049;147,3381;0
2026-05-08 02:15:00;0,04;11,83;84,979;146,2681;0
2026-05-08 02:30:00;0,04;12,21;86,719;148,0081;0
2026-05-08 02:45:00;0,04;10,7;88,339;149,6281;0
2026-05-08 03:00:00;0,05;15,11;88,199;149,4881;0,000485475
2026-05-08 03:15:00;0,05;19,56;90,459;151,7481;0,003074874
2026-05-08 03:30:00;0,06;20,25;95,569;156,8581;0,007484444
2026-05-08 03:45:00;0,06;20,67;105,139;166,4281;0,013015257
2026-05-08 04:00:00;0,04;20,15;110,439;171,7281;0,019678788
2026-05-08 04:15:00;0,28;19,03;116,729;178,0181;0,02803413
2026-05-08 04:30:00;1,04;17,03;119,159;180,4481;0,0379451
2026-05-08 04:45:00;2,06;17,24;119,299;180,5881;0,049168497
2026-05-08 05:00:00;3,35;15,94;126,549;187,8381;0,066977635
2026-05-08 05:15:00;5,13;7;123,149;184,4381;0,08434109
2026-05-08 05:30:00;7,13;5,78;111,299;172,5881;0,103469625
2026-05-08 05:45:00;8,81;3,69;93,689;154,9781;0,12543485
2026-05-08 06:00:00;10,03;2,52;126,899;188,1881;0,1592509
2026-05-08 06:15:00;12,02;-0,08;110,899;172,1881;0,19089511
2026-05-08 06:30:00;13,75;-0,12;103,949;165,2381;0,22656432
2026-05-08 06:45:00;15,33;6,07;84,699;145,9881;0,26367253
2026-05-08 07:00:00;18,57;2,08;104,719;166,0081;0,32686514
2026-05-08 07:15:00;24,41;-5,01;91,359;152,6481;0,3601693
2026-05-08 07:30:00;30,05;-10,47;101,329;162,6181;0,3894366
2026-05-08 07:45:00;35,73;-17,13;88,169;149,4581;0,41441244
2026-05-08 08:00:00;35,82;-3,71;85,009;146,2981;0,45028144
2026-05-08 08:15:00;37,88;-8,86;71,819;133,1081;0,46935946
2026-05-08 08:30:00;36,8;-8,69;63,049;124,3381;0,4844069
2026-05-08 08:45:00;38,23;-7,52;54,999;116,2881;0,4888474
2026-05-08 09:00:00;48,73;-15,62;65,099;126,3881;0,50731987
2026-05-08 09:15:00;59,54;-30,99;57,279;118,5681;0,50899035
2026-05-08 09:30:00;71,13;-50,71;41,819;103,1081;0,5063334
2026-05-08 09:45:00;89,86;-68,05;32,879;94,1681;0,4984986
2026-05-08 10:00:00;91,16;-70,96;49,759;111,0481;0,43514726
2026-05-08 10:15:00;96,51;-76,58;39,359;100,6481;0,42134312
2026-05-08 10:30:00;122,67;-101,52;34,869;96,1581;0,40730032
2026-05-08 10:45:00;108,51;-86,25;29,729;91,0181;0,3921934
2026-05-08 11:00:00;123,15;-100,36;41,579;102,8681;0,3234043
2026-05-08 11:15:00;89,85;-66,98;36,279;97,5681;0,31382412
2026-05-08 11:30:00;62,52;-40,94;31,709;92,9981;0,30372316
2026-05-08 11:45:00;142,4;-118,38;27,489;88,7781;0,29364073
2026-05-08 12:00:00;115,91;-94,53;30,379;91,6681;0,23192689
2026-05-08 12:15:00;57;-37,79;35,659;96,9481;0,22798121
2026-05-08 12:30:00;59,19;-33,3;47,669;108,9581;0,22470352
2026-05-08 12:45:00;47,74;-25,95;43,059;104,3481;0,22218093
2026-05-08 13:00:00;53,18;-32,24;42,789;104,0781;0,18890662
2026-05-08 13:15:00;84,22;-62,26;47,409;108,6981;0,18869582
2026-05-08 13:30:00;114,86;-92,27;61,489;122,7781;0,18649583
2026-05-08 13:45:00;48,58;-28,23;62,579;123,8681;0,1823016
2026-05-08 14:00:00;40,59;-21;55,159;116,4481;0,15413365
2026-05-08 14:15:00;68,94;-49,98;61,629;122,9181;0,1497817
2026-05-08 14:30:00;86,82;-67,25;67,189;128,4781;0,14353234
2026-05-08 14:45:00;79,06;-60,1;76,269;137,5581;0,13594052
2026-05-08 15:00:00;51,25;-31,69;68,909;130,1981;0,11027563
2026-05-08 15:15:00;44,61;-16,61;73,959;135,2481;0,10417476
2026-05-08 15:30:00;43,44;-16,28;83,699;144,9881;0,09650228
2026-05-08 15:45:00;48,45;-20,67;94,599;155,8881;0,087752506
2026-05-08 16:00:00;39,92;-11,59;81,499;142,7881;0,06921783
2026-05-08 16:15:00;32,7;-5,36;93,049;154,3381;0,061816692
2026-05-08 16:30:00;19,96;8,5;102,799;164,0881;0,052683365
2026-05-08 16:45:00;19,04;9,08;114,909;176,1981;0,04283088
2026-05-08 17:00:00;19,5;11,21;102,249;163,5381;0,029210713
2026-05-08 17:15:00;19,52;8,18;110,699;171,9881;0,02101595
2026-05-08 17:30:00;12,34;7,94;121,479;182,7681;0,012881456
2026-05-08 17:45:00;8,06;7,27;133,249;194,5381;0,005853415
2026-05-08 18:00:00;6,38;11,88;124,749;186,0381;0,001226822
2026-05-08 18:15:00;4,53;10,27;128,089;189,3781;0
2026-05-08 18:30:00;2,97;11,5;128,319;189,6081;0
2026-05-08 18:45:00;1,65;15,27;125,729;187,0181;0
2026-05-08 19:00:00;0,55;11,07;130,089;191,3781;0
2026-05-08 19:15:00;0,05;14,56;122,969;184,2581;0
2026-05-08 19:30:00;0,06;14,59;110,659;171,9481;0
2026-05-08 19:45:00;0,06;13,26;100,459;161,7481;0
2026-05-08 20:00:00;0,05;11,39;116,729;178,0181;0
2026-05-08 20:15:00;0,05;9,45;105,549;166,8381;0
2026-05-08 20:30:00;0,04;9,64;105,559;166,8481;0
2026-05-08 20:45:00;0,05;9,82;100,139;161,4281;0
2026-05-08 21:00:00;0,05;9,08;101,879;163,1681;0
2026-05-08 21:15:00;0,06;6,82;96,939;158,2281;0
2026-05-08 21:30:00;0,05;7,5;95,419;156,7081;0
2026-05-08 21:45:00;0,05;11,79;79,539;140,8281;0
2026-05-08 22:00:00;0,05;11,87;105,689;166,9781;0
2026-05-08 22:15:00;0,05;11,05;100,679;161,9681;0
2026-05-08 22:30:00;0,05;11,31;93,959;155,2481;0
2026-05-08 22:45:00;0,05;10,93;83,249;144,5381;0
2026-05-08 23:00:00;0,05;11,3;94,769;156,0581;0
2026-05-08 23:15:00;0,04;11,21;90,049;151,3381;0
2026-05-08 23:30:00;0,05;9,6;92,149;153,4381;0
2026-05-08 23:45:00;0,05;9,89;89,229;150,5181;0
2026-05-09 00:00:00;0,04;13,12;91,569;152,8581;0
2026-05-09 00:15:00;0,04;12,16;88,599;149,8881;0
2026-05-09 00:30:00;0,06;13,87;86,579;147,8681;0
2026-05-09 00:45:00;0,05;13,48;85,529;146,8181;0
2026-05-09 01:00:00;0,05;11,9;85,049;146,3381;0
2026-05-09 01:15:00;0,05;11,84;82,609;143,8981;0
2026-05-09 01:30:00;0,05;11,42;86,789;148,0781;0
2026-05-09 01:45:00;0,05;11,97;86,669;147,9581;0
2026-05-09 02:00:00;0,06;9,76;86,399;147,6881;0
2026-05-09 02:15:00;0,05;9,82;86,809;148,0981;0
2026-05-09 02:30:00;0,05;10,75;87,979;149,2681;0
2026-05-09 02:45:00;0,05;10,87;88,139;149,4281;0
2026-05-09 03:00:00;0,04;12,18;86,339;147,6281;0,001000873
2026-05-09 03:15:00;0,04;19,98;85,399;146,6881;0,005660704
2026-05-09 03:30:00;0,05;20,72;91,329;152,6181;0,013728722
2026-05-09 03:45:00;0,06;19,36;101,359;162,6481;0,023525357
2026-05-09 04:00:00;0,32;18,99;100,279;161,5681;0,032346793
2026-05-09 04:15:00;1,52;18,75;99,149;160,4381;0,045951743
2026-05-09 04:30:00;3,21;14,78;98,149;159,4381;0,062016796
2026-05-09 04:45:00;5,33;12,1;92,979;154,2681;0,080797575
2026-05-09 05:00:00;7,97;10,03;98,609;159,8981;0,089595795
2026-05-09 05:15:00;11,37;2,19;95,169;156,4581;0,11286758
2026-05-09 05:30:00;15,64;-0,62;91,539;152,8281;0,13835107
2026-05-09 05:45:00;21,41;-7,93;76,299;137,5881;0,16575886
2026-05-09 06:00:00;28,85;-13,99;104,429;165,7181;0,15351488
2026-05-09 06:15:00;36,47;-15,1;88,649;149,9381;0,18057951
2026-05-09 06:30:00;44,15;-23,53;77,419;138,7081;0,20771672
2026-05-09 06:45:00;51,65;-32,24;51,599;112,8881;0,2342533
2026-05-09 07:00:00;59,01;-40,16;85,619;146,9081;0,24977243
2026-05-09 07:15:00;66,1;-46,34;55,519;116,8081;0,27449647
2026-05-09 07:30:00;72,7;-52,46;22,319;83,6081;0,29750142
2026-05-09 07:45:00;80,43;-58,79;-2,191;59,0981;0,31832618
2026-05-09 08:00:00;85,56;-53,66;14,969;76,2581;0,34806904
2026-05-09 08:15:00;90,28;-67,86;-8,821;52,4681;0,3646444
2026-05-09 08:30:00;95,46;-75,33;-16,671;44,6181;0,38008532
2026-05-09 08:45:00;100,61;-79,35;-16,751;44,5381;0,3928499
2026-05-09 09:00:00;105,28;-82,97;-16,751;44,5381;0,45480418
2026-05-09 09:15:00;107,49;-84,28;-16,761;44,5281;0,46287102
2026-05-09 09:30:00;110,46;-87,67;-16,761;44,5281;0,468049
2026-05-09 09:45:00;113,05;-89,76;-16,781;44,5081;0,4687587
2026-05-09 10:00:00;113,68;-91,07;-16,781;44,5081;0,49210954
2026-05-09 10:15:00;116,42;-94,39;-16,801;44,4881;0,48438582
2026-05-09 10:30:00;118,22;-84,74;-16,781;44,5081;0,4764774
2026-05-09 10:45:00;119,56;-86,97;-16,811;44,4781;0,46756595
2026-05-09 11:00:00;120,26;-87,47;-16,841;44,4481;0,4351969
2026-05-09 11:15:00;120,59;-94,89;-16,841;44,4481;0,42472786
2026-05-09 11:30:00;111,91;-88,73;-16,851;44,4381;0,41431093
2026-05-09 11:45:00;117,86;-95,09;-16,841;44,4481;0,40000662
2026-05-09 12:00:00;118,54;-96,27;-16,771;44,5181;0,37551093
2026-05-09 12:15:00;116,35;-92,83;-16,761;44,5281;0,36277354
2026-05-09 12:30:00;115,41;-91,45;-16,761;44,5281;0,35095078
2026-05-09 12:45:00;113,52;-91,22;-16,761;44,5281;0,33946955
2026-05-09 13:00:00;111,5;-87,31;-16,751;44,5381;0,35494933
2026-05-09 13:15:00;103,16;-73,12;-16,751;44,5381;0,3383806
2026-05-09 13:30:00;54,71;-26,49;-16,751;44,5381;0,3211388
2026-05-09 13:45:00;89,66;-67,6;-16,741;44,5481;0,30371916
2026-05-09 14:00:00;96,28;-73,51;-16,661;44,6281;0,28968427
2026-05-09 14:15:00;88,87;-63,84;-11,261;50,0281;0,27198035
2026-05-09 14:30:00;84,48;-60,54;9,039;70,3281;0,25240502
2026-05-09 14:45:00;60,83;-37,59;33,219;94,5081;0,2308218
2026-05-09 15:00:00;67,21;-38,76;11,039;72,3281;0,21361163
2026-05-09 15:15:00;61,77;-30,21;50,659;111,9481;0,18867531
2026-05-09 15:30:00;55,36;-25,55;69,669;130,9581;0,16350432
2026-05-09 15:45:00;47,86;-17,59;84,209;145,4981;0,13874763
2026-05-09 16:00:00;41,17;-12,06;75,999;137,2881;0,11885853
2026-05-09 16:15:00;34,17;-2,83;89,919;151,2081;0,095214
2026-05-09 16:30:00;27,52;3,48;98,169;159,4581;0,07359756
2026-05-09 16:45:00;21,8;11,17;107,639;168,9281;0,055341534
2026-05-09 17:00:00;17,06;15,55;97,049;158,3381;0,041551523
2026-05-09 17:15:00;13,25;14,03;101,669;162,9581;0,028899927
2026-05-09 17:30:00;9,84;15,48;108,629;169,9181;0,017920928
2026-05-09 17:45:00;7,04;9,12;125,439;186,7281;0,008610108
2026-05-09 18:00:00;5,09;14,7;113,629;174,9181;0,002206188
2026-05-09 18:15:00;3,98;15,74;119,029;180,3181;5,95E-06
2026-05-09 18:30:00;2,97;11,59;122,859;184,1481;0
2026-05-09 18:45:00;1,85;13,01;124,949;186,2381;0
2026-05-09 19:00:00;0,7;12,17;130,259;191,5481;0
2026-05-09 19:15:00;0,05;16,66;119,979;181,2681;0
2026-05-09 19:30:00;0,04;15,75;112,999;174,2881;0
2026-05-09 19:45:00;0,05;14,34;99,949;161,2381;0
2026-05-09 20:00:00;0,06;11,77;119,609;180,8981;0
2026-05-09 20:15:00;0,06;9,94;110,969;172,2581;0
2026-05-09 20:30:00;0,06;9,79;107,419;168,7081;0
2026-05-09 20:45:00;0,06;9,38;102,229;163,5181;0
2026-05-09 21:00:00;0,06;7,22;106,309;167,5981;0
2026-05-09 21:15:00;0,06;7,26;102,119;163,4081;0
2026-05-09 21:30:00;0,05;6,92;100,879;162,1681;0
2026-05-09 21:45:00;0,05;11,03;96,689;157,9781;0
2026-05-09 22:00:00;0,05;16,39;104,879;166,1681;0
2026-05-09 22:15:00;0,05;15,39;99,219;160,5081;0
2026-05-09 22:30:00;0,05;13,76;96,979;158,2681;0
2026-05-09 22:45:00;0,05;17,14;96,419;157,7081;0
2026-05-09 23:00:00;0,06;19,07;98,179;159,4681;0
2026-05-09 23:15:00;0,05;17,93;97,089;158,3781;0
2026-05-09 23:30:00;0,05;17,06;95,519;156,8081;0
2026-05-09 23:45:00;0,05;16,59;93,299;154,5881;0
2026-05-10 00:00:00;0,05;16,4;92,499;153,7881;0
2026-05-10 00:15:00;0,04;16,58;93,249;154,5381;0
2026-05-10 00:30:00;0,06;16,55;92,519;153,8081;0
2026-05-10 00:45:00;0,05;15,66;83,249;144,5381;0
2026-05-10 01:00:00;0,05;14,56;93,159;154,4481;0
2026-05-10 01:15:00;0,06;14,67;91,499;152,7881;0
2026-05-10 01:30:00;0,05;14,79;86,639;147,9281;0
2026-05-10 01:45:00;0,05;13,1;86,819;148,1081;0
2026-05-10 02:00:00;0,05;12,66;77,179;138,4681;0
2026-05-10 02:15:00;0,06;12,9;82,769;144,0581;0
2026-05-10 02:30:00;0,05;12,45;81,399;142,6881;0
2026-05-10 02:45:00;0,04;11,06;80,049;141,3381;0
2026-05-10 03:00:00;0,05;12,2;79,219;140,5081;0,00193697
2026-05-10 03:15:00;0,06;14,8;81,839;143,1281;0,008408301
2026-05-10 03:30:00;0,06;14,12;81,789;143,0781;0,017451435
2026-05-10 03:45:00;0,05;13,83;76,929;138,2181;0,026574474
2026-05-10 04:00:00;0,33;18,43;97,019;158,3081;0,03496807
2026-05-10 04:15:00;1,47;20,73;88,289;149,5781;0,04781943
2026-05-10 04:30:00;3,44;21,75;78,719;140,0081;0,067549564
2026-05-10 04:45:00;6,73;20,4;72,659;133,9481;0,094280116
2026-05-10 05:00:00;9,79;15,65;91,369;152,6581;0,14461617
2026-05-10 05:15:00;11,86;12,03;75,489;136,7781;0,1784182
2026-05-10 05:30:00;16,86;4,49;68,799;130,0881;0,2159891
2026-05-10 05:45:00;24,24;-8,25;55,559;116,8481;0,25600532
2026-05-10 06:00:00;28,69;-10,57;73,249;134,5381;0,30646983
2026-05-10 06:15:00;36,87;-18,01;58,719;120,0081;0,3478429
2026-05-10 06:30:00;47,02;-29,24;34,039;95,3281;0,3881593
2026-05-10 06:45:00;52,87;-36,21;-5,721;55,5681;0,42596465
2026-05-10 07:00:00;44,05;-27,93;16,839;78,1281;0,43732277
2026-05-10 07:15:00;66,59;-47,6;-6,791;54,4981;0,46852145
2026-05-10 07:30:00;77,26;-59,04;-15,601;45,6881;0,49755374
2026-05-10 07:45:00;81,14;-64,54;-16,731;44,5581;0,5248795
2026-05-10 08:00:00;83,67;-61,71;-16,681;44,6081;0,5506349
2026-05-10 08:15:00;86,2;-63,56;-16,751;44,5381;0,57459444
2026-05-10 08:30:00;61,51;-40,27;-16,761;44,5281;0,59497195
2026-05-10 08:45:00;68,18;-47,3;-16,751;44,5381;0,60751283
2026-05-10 09:00:00;110,05;-87,08;-16,751;44,5381;0,6427816
2026-05-10 09:15:00;116,13;-91,35;-16,621;44,6681;0,6506305
2026-05-10 09:30:00;113,32;-90,17;-16,521;44,7681;0,65500367
2026-05-10 09:45:00;121,31;-99,65;-16,411;44,8781;0,6550486
2026-05-10 10:00:00;122,08;-101,62;-16,521;44,7681;0,66167146
2026-05-10 10:15:00;120,32;-98,67;-16,401;44,8881;0,65272975
2026-05-10 10:30:00;118,57;-97,54;-16,251;45,0381;0,6434287
2026-05-10 10:45:00;112,35;-92,83;-15,981;45,3081;0,6331111
2026-05-10 11:00:00;111,58;-90,6;-16,311;44,9781;0,6237836
2026-05-10 11:15:00;114,2;-93,32;-16,841;44,4481;0,61024594
2026-05-10 11:30:00;113,62;-91,24;-17,141;44,1481;0,5968155
2026-05-10 11:45:00;112,72;-90,68;-17,241;44,0481;0,5830417
2026-05-10 12:00:00;117,69;-94,13;-17,231;44,0581;0,56552756
2026-05-10 12:15:00;113,31;-91,54;-17,051;44,2381;0,54834133
2026-05-10 12:30:00;118,26;-95,81;-17,231;44,0581;0,5305035
2026-05-10 12:45:00;75,19;-54,45;-16,721;44,5681;0,51153517
2026-05-10 13:00:00;87,92;-67,42;-17,571;43,7181;0,48970377
2026-05-10 13:15:00;94,91;-73,89;-16,861;44,4281;0,4674317
2026-05-10 13:30:00;108,79;-87,27;-16,821;44,4681;0,44398394
2026-05-10 13:45:00;89,56;-69,09;-16,761;44,5281;0,41951856
2026-05-10 14:00:00;78,21;-57,88;-16,811;44,4781;0,37991998
2026-05-10 14:15:00;76,05;-52,77;-16,771;44,5181;0,3528625
2026-05-10 14:30:00;69,87;-44,95;-16,391;44,8981;0,3250662
2026-05-10 14:45:00;52,2;-32,92;-8,231;53,0581;0,29554683
2026-05-10 15:00:00;50,26;-28,24;-9,351;51,9381;0,26599243
2026-05-10 15:15:00;47,53;-19,68;27,599;88,8881;0,23165335
2026-05-10 15:30:00;45,03;-17,07;53,889;115,1781;0,19631916
2026-05-10 15:45:00;41,57;-14,93;71,979;133,2681;0,16060013
2026-05-10 16:00:00;39,1;-11,79;51,709;112,9981;0,13071965
2026-05-10 16:15:00;30,31;-2,87;69,259;130,5481;0,09921919
2026-05-10 16:30:00;22,47;3,78;80,749;142,0381;0,07114103
2026-05-10 16:45:00;19,84;7,41;82,729;144,0181;0,04932363
2026-05-10 17:00:00;15,39;13,41;76,809;138,0981;0,039097283
2026-05-10 17:15:00;10,58;11,66;89,009;150,2981;0,02841649
2026-05-10 17:30:00;6,75;11,28;92,289;153,5781;0,019068014
2026-05-10 17:45:00;5,61;11,69;98,919;160,2081;0,010473717
2026-05-10 18:00:00;5,16;11,92;97,009;158,2981;0,003311789
2026-05-10 18:15:00;3,74;13,43;101,289;162,5781;3,71E-05
2026-05-10 18:30:00;2,28;14,14;104,989;166,2781;0
2026-05-10 18:45:00;1,21;15;110,889;172,1781;0
2026-05-10 19:00:00;0,46;13,45;101,659;162,9481;0
2026-05-10 19:15:00;0,05;13,82;105,579;166,8681;0
2026-05-10 19:30:00;0,05;13,51;103,689;164,9781;0
2026-05-10 19:45:00;0,06;13,48;101,269;162,5581;0
2026-05-10 20:00:00;0,05;11,09;100,649;161,9381;0
2026-05-10 20:15:00;0,05;9,6;96,749;158,0381;0
2026-05-10 20:30:00;0,05;10,26;99,839;161,1281;0
2026-05-10 20:45:00;0,05;10,4;95,199;156,4881;0
2026-05-10 21:00:00;0,06;9,26;94,419;155,7081;0
2026-05-10 21:15:00;0,05;8,37;89,609;150,8981;0
2026-05-10 21:30:00;0,05;8,38;90,309;151,5981;0
2026-05-10 21:45:00;0,05;13,57;84,119;145,4081;0
2026-05-10 22:00:00;0,05;14,67;93,819;155,1081;0
2026-05-10 22:15:00;0,05;12,9;78,399;139,6881;0
2026-05-10 22:30:00;0,05;12,43;85,979;147,2681;0
2026-05-10 22:45:00;0,05;12,92;81,919;143,2081;0
2026-05-10 23:00:00;0,05;12,76;83,419;144,7081;0
2026-05-10 23:15:00;0,06;13,12;77,329;138,6181;0
2026-05-10 23:30:00;0,05;12,26;75,789;137,0781;0
2026-05-10 23:45:00;0,04;15,11;70,699;131,9881;0
2026-05-11 00:00:00;0,04;14,61;73,859;135,1481;0
2026-05-11 00:15:00;0,04;14,05;80,369;141,6581;0
2026-05-11 00:30:00;0,05;15;79,799;141,0881;0
2026-05-11 00:45:00;0,04;13,63;83,079;144,3681;0
2026-05-11 01:00:00;0,04;13,82;80,279;141,5681;0
2026-05-11 01:15:00;0,05;12,6;81,989;143,2781;0
2026-05-11 01:30:00;0,05;12,75;86,149;147,4381;0
2026-05-11 01:45:00;0,06;11,99;87,399;148,6881;0
2026-05-11 02:00:00;0,05;10,42;76,749;138,0381;0
2026-05-11 02:15:00;0,04;11,2;78,619;139,9081;0
2026-05-11 02:30:00;0,06;11,76;83,389;144,6781;0
2026-05-11 02:45:00;0,05;12,65;87,189;148,4781;0
2026-05-11 03:00:00;0,05;13,28;87,929;149,2181;0,002043059
2026-05-11 03:15:00;0,04;16,6;98,159;159,4481;0,008740763
2026-05-11 03:30:00;0,05;21,15;100,789;162,0781;0,018980116
2026-05-11 03:45:00;0,05;20,48;95,519;156,8081;0,031009631
2026-05-11 04:00:00;0,04;20,82;115,969;177,2581;0,04046267
2026-05-11 04:15:00;0,06;20,04;111,969;173,2581;0,054978896
2026-05-11 04:30:00;0,67;19,07;118,229;179,5181;0,07209336
2026-05-11 04:45:00;2,38;16,12;125,109;186,3981;0,09281953
2026-05-11 05:00:00;4,25;9,32;147,549;208,8381;0,118470564
2026-05-11 05:15:00;7,49;6,31;182,979;244,2681;0,14410426
2026-05-11 05:30:00;11,36;2,95;138,249;199,5381;0,17201853
2026-05-11 05:45:00;14,91;-2,57;127,219;188,5081;0,20199907
2026-05-11 06:00:00;28,01;-21,08;202,119;263,4081;0,25350705
2026-05-11 06:15:00;46,63;-33,66;132,839;194,1281;0,2832385
2026-05-11 06:30:00;25,43;-12,95;122,219;183,5081;0,31255776
2026-05-11 06:45:00;20,42;-7,29;106,249;167,5381;0,34028935
2026-05-11 07:00:00;45,69;-30,31;135,679;196,9681;0,37713438
2026-05-11 07:15:00;75,35;-54,21;105,829;167,1181;0,40124494
2026-05-11 07:30:00;90,9;-70,15;102,289;163,5781;0,42304847
2026-05-11 07:45:00;66,39;-45,81;95,039;156,3281;0,4423346
2026-05-11 08:00:00;59,54;-34,88;98,479;159,7681;0,48726812
2026-05-11 08:15:00;74,77;-54,13;87,859;149,1481;0,5021621
2026-05-11 08:30:00;99,25;-78,1;82,709;143,9981;0,51463014
2026-05-11 08:45:00;90,87;-70,73;75,939;137,2281;0,5213109
2026-05-11 09:00:00;54,87;-34,65;83,259;144,5481;0,54334795
2026-05-11 09:15:00;66,82;-43,89;73,769;135,0581;0,54614407
2026-05-11 09:30:00;81,55;-62,73;66,119;127,4081;0,5457966
2026-05-11 09:45:00;96,28;-78,04;65,269;126,5581;0,54152304
2026-05-11 10:00:00;85,74;-67,45;67,889;129,1781;0,567063
2026-05-11 10:15:00;52,15;-33,31;65,089;126,3781;0,5543484
2026-05-11 10:30:00;21,22;-4,29;65,059;126,3481;0,54169273
2026-05-11 10:45:00;34,31;-17,27;61,089;122,3781;0,528718
2026-05-11 11:00:00;59,03;-40,14;61,479;122,7681;0,5405071
2026-05-11 11:15:00;60,21;-41,14;61,089;122,3781;0,52263623
2026-05-11 11:30:00;33,25;-15,9;59,169;120,4581;0,5051769
2026-05-11 11:45:00;21,38;-6,37;55,149;116,4381;0,48245513
2026-05-11 12:00:00;19,65;-5,95;58,489;119,7781;0,5041598
2026-05-11 12:15:00;31,27;-17,02;58,469;119,7581;0,47560194
2026-05-11 12:30:00;78,34;-62,14;55,849;117,1381;0,44578412
2026-05-11 12:45:00;36,81;-22,2;54,079;115,3681;0,41472638
2026-05-11 13:00:00;41,74;-27,47;57,309;118,5981;0,38003448
2026-05-11 13:15:00;42,75;-28,23;58,069;119,3581;0,34945208
2026-05-11 13:30:00;60,3;-45,26;54,839;116,1281;0,31891775
2026-05-11 13:45:00;56,34;-41,56;53,719;115,0081;0,28843626
2026-05-11 14:00:00;88,77;-72,22;80,289;141,5781;0,23690942
2026-05-11 14:15:00;95,46;-76,7;83,269;144,5581;0,21181509
2026-05-11 14:30:00;47,9;-29,67;75,029;136,3181;0,18694085
2026-05-11 14:45:00;41,61;-26,92;73,579;134,8681;0,16242567
2026-05-11 15:00:00;32,35;-17;76,249;137,5381;0,12669644
2026-05-11 15:15:00;47,74;-26,24;75,929;137,2181;0,10955519
2026-05-11 15:30:00;50,48;-27,23;79,149;140,4381;0,094591744
2026-05-11 15:45:00;40,92;-18,16;84,379;145,6681;0,081554726
2026-05-11 16:00:00;31,78;-9,24;78,659;139,9481;0,062474046
2026-05-11 16:15:00;29,8;-6,98;83,229;144,5181;0,053805884
2026-05-11 16:30:00;33,29;-8,73;85,889;147,1781;0,0452013
2026-05-11 16:45:00;18,89;5,93;94,369;155,6581;0,036768686
2026-05-11 17:00:00;14,09;14,6;92,079;153,3681;0,024610981
2026-05-11 17:15:00;14,98;8,75;97,729;159,0181;0,017534655
2026-05-11 17:30:00;11,68;7,03;105,999;167,2881;0,010808899
2026-05-11 17:45:00;8,94;6,77;115,719;177,0081;0,005365814
2026-05-11 18:00:00;5,27;10,36;107,599;168,8881;0,001441464
2026-05-11 18:15:00;8,31;7,3;109,749;171,0381;3,47E-05
2026-05-11 18:30:00;2,96;13,02;116,189;177,4781;0
2026-05-11 18:45:00;1,6;14,58;117,489;178,7781;0
2026-05-11 19:00:00;0,76;14,42;118,439;179,7281;0
2026-05-11 19:15:00;0,13;13,65;113,249;174,5381;0
2026-05-11 19:30:00;0,03;13,62;110,119;171,4081;0
2026-05-11 19:45:00;0,04;13,19;98,189;159,4781;0
2026-05-11 20:00:00;0,05;12,08;110,149;171,4381;0
2026-05-11 20:15:00;0,05;12,13;104,259;165,5481;0
2026-05-11 20:30:00;0,04;12,62;105,109;166,3981;0
2026-05-11 20:45:00;0,04;11,91;96,929;158,2181;0
2026-05-11 21:00:00;0,05;12,5;103,269;164,5581;0
2026-05-11 21:15:00;0,05;12,24;93,169;154,4581;0
2026-05-11 21:30:00;0,06;10,19;90,979;152,2681;0
2026-05-11 21:45:00;0,05;14,12;85,579;146,8681;0
2026-05-11 22:00:00;0,05;12,93;89,389;150,6781;0
2026-05-11 22:15:00;0,05;11,9;84,389;145,6781;0
2026-05-11 22:30:00;0,05;12,01;80,209;141,4981;0
2026-05-11 22:45:00;0,05;13,09;76,159;137,4481;0
2026-05-11 23:00:00;0,05;12,1;82,179;143,4681;0
2026-05-11 23:15:00;0,05;12,51;76,829;138,1181;0
2026-05-11 23:30:00;0,05;12,22;77,569;138,8581;0
2026-05-11 23:45:00;0,06;12,65;70,049;131,3381;0
2026-05-12 00:00:00;0,05;14,51;72,149;133,4381;0
2026-05-12 00:15:00;0,06;13,82;74,879;136,1681;0
2026-05-12 00:30:00;0,05;12,07;71,219;132,5081;0
2026-05-12 00:45:00;0,04;14,8;64,409;125,6981;0
2026-05-12 01:00:00;0,06;14,53;73,039;134,3281;0
2026-05-12 01:15:00;0,04;14,35;67,669;128,9581;0
2026-05-12 01:30:00;0,05;14,76;66,609;127,8981;0
2026-05-12 01:45:00;0,05;11,61;68,089;129,3781;0
2026-05-12 02:00:00;0,05;12,46;66,949;128,2381;0
2026-05-12 02:15:00;0,05;10,65;72,989;134,2781;0
2026-05-12 02:30:00;0,05;11;75,439;136,7281;0
2026-05-12 02:45:00;0,06;12,07;75,739;137,0281;5,95E-07
2026-05-12 03:00:00;0,04;15,15;68,989;130,2781;0,001198174
2026-05-12 03:15:00;0,05;15,22;73,349;134,6381;0,005000199
2026-05-12 03:30:00;0,05;20,44;81,279;142,5681;0,010842392
2026-05-12 03:45:00;0,06;21,04;83,799;145,0881;0,0181904
2026-05-12 04:00:00;0,5;21,3;83,349;144,6381;0,024829535
2026-05-12 04:15:00;2,13;19,5;94,179;155,4681;0,03415081
2026-05-12 04:30:00;2,33;18,13;98,149;159,4381;0,04516985
2026-05-12 04:45:00;4,62;17,56;103,169;164,4581;0,05869974
2026-05-12 05:00:00;7,88;12,86;109,019;170,3081;0,06556669
2026-05-12 05:15:00;8,19;11,78;108,259;169,5481;0,08209265
2026-05-12 05:30:00;16,26;-1,86;106,099;167,3881;0,100880906
2026-05-12 05:45:00;11,76;0,24;100,249;161,5381;0,1223865
2026-05-12 06:00:00;13,61;0,39;108,299;169,5881;0,15935732
2026-05-12 06:15:00;33,05;-18,61;101,249;162,5381;0,18443857
2026-05-12 06:30:00;22,45;-8,51;91,779;153,0681;0,21028675
2026-05-12 06:45:00;17,52;-5,35;80,249;141,5381;0,23589963
2026-05-12 07:00:00;26,07;-13,43;91,779;153,0681;0,26680443
2026-05-12 07:15:00;72,91;-55,26;83,249;144,5381;0,29273415
2026-05-12 07:30:00;55,55;-35,3;76,029;137,3181;0,3162729
2026-05-12 07:45:00;34,16;-13,34;58,239;119,5281;0,3365211
2026-05-12 08:00:00;30,44;-6,17;78,399;139,6881;0,35944584
2026-05-12 08:15:00;39,64;-18,43;66,119;127,4081;0,37350944
2026-05-12 08:30:00;53,22;-34,02;51,399;112,6881;0,3848969
2026-05-12 08:45:00;45,72;-26,73;38,599;99,8881;0,39028394
2026-05-12 09:00:00;53,69;-35,12;50,029;111,3181;0,40749574
2026-05-12 09:15:00;30,75;-11,78;43,899;105,1881;0,40899375
2026-05-12 09:30:00;53,76;-35,42;38,979;100,2681;0,40602937
2026-05-12 09:45:00;71,94;-54,96;35,549;96,8381;0,3950641
2026-05-12 10:00:00;81;-63,53;35,059;96,3481;0,40191513
2026-05-12 10:15:00;59,62;-42,42;25,739;87,0281;0,37916276
2026-05-12 10:30:00;84,71;-66,92;21,109;82,3981;0,3578926
2026-05-12 10:45:00;80,08;-62,74;20,549;81,8381;0,33703682
2026-05-12 11:00:00;82,52;-64,59;15,139;76,4281;0,30587614
2026-05-12 11:15:00;80,32;-60,24;12,839;74,1281;0,28847426
2026-05-12 11:30:00;83,94;-62,46;7,379;68,6681;0,27130157
2026-05-12 11:45:00;75,41;-58,86;5,439;66,7281;0,2592008
2026-05-12 12:00:00;67,13;-51,18;13,249;74,5381;0,19926396
2026-05-12 12:15:00;54,62;-38,04;10,969;72,2581;0,19474304
2026-05-12 12:30:00;76,66;-60,94;13,369;74,6581;0,19555783
2026-05-12 12:45:00;65,86;-50,64;23,109;84,3981;0,20237973
2026-05-12 13:00:00;57,56;-41,37;13,719;75,0081;0,23072362
2026-05-12 13:15:00;45,54;-29,75;21,439;82,7281;0,23841362
2026-05-12 13:30:00;46,49;-31,93;34,189;95,4781;0,24350086
2026-05-12 13:45:00;42,61;-27,6;45,749;107,0381;0,24615793
2026-05-12 14:00:00;58,68;-43,77;21,049;82,3381;0,25932032
2026-05-12 14:15:00;57,8;-42,91;37,229;98,5181;0,2572505
2026-05-12 14:30:00;47,45;-30;61,649;122,9381;0,25045335
2026-05-12 14:45:00;38,93;-21,69;69,729;131,0181;0,2384625
2026-05-12 15:00:00;30,18;-8,74;40,969;102,2581;0,22558631
2026-05-12 15:15:00;21,02;1,02;65,749;127,0381;0,20498943
2026-05-12 15:30:00;6,08;14,54;76,099;137,3881;0,17968957
2026-05-12 15:45:00;7,28;15,15;94,479;155,7681;0,15117812
2026-05-12 16:00:00;2,69;17,56;72,149;133,4381;0,1274377
2026-05-12 16:15:00;10,97;9,81;92,119;153,4081;0,10151965
2026-05-12 16:30:00;16,01;8,41;94,589;155,8781;0,07757351
2026-05-12 16:45:00;13,55;10,25;112,169;173,4581;0,057796367
2026-05-12 17:00:00;10,37;12,96;91,849;153,1381;0,04564546
2026-05-12 17:15:00;5,21;11,56;106,869;168,1581;0,03236889
2026-05-12 17:30:00;1,73;13,26;123,649;184,9381;0,020974467
2026-05-12 17:45:00;5,2;5,35;137,079;198,3681;0,011471869
2026-05-12 18:00:00;7,97;7;113,879;175,1681;0,00392656
2026-05-12 18:15:00;2,72;12,36;120,109;181,3981;0,000204697
2026-05-12 18:30:00;0,68;13,33;124,289;185,5781;0
2026-05-12 18:45:00;0,12;12,56;125,169;186,4581;0
2026-05-12 19:00:00;0,09;9,04;130,359;191,6481;0
2026-05-12 19:15:00;0,05;12,53;126,939;188,2281;0
2026-05-12 19:30:00;0,05;12,25;120,519;181,8081;0
2026-05-12 19:45:00;0,05;11,99;114,879;176,1681;0
2026-05-12 20:00:00;0,05;11,55;119,729;181,0181;0
2026-05-12 20:15:00;0,05;12,27;114,419;175,7081;0
2026-05-12 20:30:00;0,05;12,32;111,499;172,7881;0
2026-05-12 20:45:00;0,05;11,94;106,799;168,0881;0
2026-05-12 21:00:00;0,05;11,42;108,619;169,9081;0
2026-05-12 21:15:00;0,06;9,4;101,989;163,2781;0
2026-05-12 21:30:00;0,06;9,35;97,509;158,7981;0
2026-05-12 21:45:00;0,05;13,57;92,269;153,5581;0
2026-05-12 22:00:00;0,06;13,18;102,699;163,9881;0
2026-05-12 22:15:00;0,05;12,65;92,199;153,4881;0
2026-05-12 22:30:00;0,05;12,57;80,329;141,6181;0
2026-05-12 22:45:00;0,05;12,37;76,509;137,7981;0
2026-05-12 23:00:00;0,05;11,91;87,929;149,2181;0
2026-05-12 23:15:00;0,05;11,74;83,749;145,0381;0
2026-05-12 23:30:00;0,06;15,45;83,669;144,9581;0
2026-05-12 23:45:00;0,06;17,33;81,489;142,7781;0
2026-05-13 00:00:00;0,05;17,07;82,839;144,1281;0
2026-05-13 00:15:00;0,04;17,67;82,099;143,3881;0
2026-05-13 00:30:00;0,04;18,23;70,899;132,1881;0
2026-05-13 00:45:00;0,05;26,91;72,609;133,8981;0
2026-05-13 01:00:00;0,04;30,76;73,249;134,5381;0
2026-05-13 01:15:00;0,05;31,62;73,839;135,1281;0
2026-05-13 01:30:00;0,04;28,13;75,719;137,0081;0
2026-05-13 01:45:00;0,05;17,43;76,489;137,7781;0
2026-05-13 02:00:00;0,05;13,57;77,959;139,2481;0
2026-05-13 02:15:00;0,05;13,97;78,699;139,9881;0
2026-05-13 02:30:00;0,04;15,07;78,439;139,7281;0
2026-05-13 02:45:00;0,05;17,06;84,289;145,5781;2,18E-05
2026-05-13 03:00:00;0,05;14,99;88,559;149,8481;0,002336673
2026-05-13 03:15:00;0,05;15,12;82,929;144,2181;0,008541931
2026-05-13 03:30:00;0,06;13,72;86,349;147,6381;0,017232286
2026-05-13 03:45:00;0,13;14,02;91,169;152,4581;0,027847625
2026-05-13 04:00:00;0,92;9,64;90,659;151,9481;0,03577623
2026-05-13 04:15:00;2,26;7,65;98,279;159,5681;0,04894076
2026-05-13 04:30:00;5,48;3,69;106,439;167,7281;0,06485918
2026-05-13 04:45:00;8,11;1,85;102,449;163,7381;0,08423526
2026-05-13 05:00:00;8,92;2,89;114,419;175,7081;0,11609726
2026-05-13 05:15:00;8,89;2,86;112,079;173,3681;0,1378605
2026-05-13 05:30:00;8,13;2;111,329;172,6181;0,16161537
2026-05-13 05:45:00;10,54;1,06;102,249;163,5381;0,18743491
2026-05-13 06:00:00;13;7,71;117,989;179,2781;0,22464155
2026-05-13 06:15:00;9,25;25,22;106,309;167,5981;0,25201344
2026-05-13 06:30:00;16,43;4,56;98,809;160,0981;0,27760187
2026-05-13 06:45:00;28,98;0,17;81,059;142,3481;0,30024153
2026-05-13 07:00:00;59,01;-27,16;92,519;153,8081;0,32697353
2026-05-13 07:15:00;67,67;-48,54;67,609;128,8981;0,3426984
2026-05-13 07:30:00;45,52;-38,34;59,679;120,9681;0,35549814
2026-05-13 07:45:00;71,21;-56,49;51,029;112,3181;0,36524132
2026-05-13 08:00:00;63,45;-35,38;59,659;120,9481;0,33712634
2026-05-13 08:15:00;58,68;-34,18;53,079;114,3681;0,34699717
2026-05-13 08:30:00;25,2;1,57;49,399;110,6881;0,35547224
2026-05-13 08:45:00;12,33;9,38;41,359;102,6481;0,36111277
2026-05-13 09:00:00;10,39;8,17;52,709;113,9981;0,35736495
2026-05-13 09:15:00;37,09;-9,92;48,089;109,3781;0,36188498
2026-05-13 09:30:00;28,08;-1,68;48,029;109,3181;0,36461464
2026-05-13 09:45:00;12;9,4;45,659;106,9481;0,3648908
2026-05-13 10:00:00;45,29;-24,07;54,549;115,8381;0,35865062
2026-05-13 10:15:00;13,63;5,39;49,859;111,1481;0,3544761
2026-05-13 10:30:00;16,06;3,16;45,259;106,5481;0,34948516
2026-05-13 10:45:00;40,79;-20,56;42,069;103,3581;0,3431717
2026-05-13 11:00:00;52,29;-43,82;48,129;109,4181;0,36243388
2026-05-13 11:15:00;33,8;-23,25;47,509;108,7981;0,35147342
2026-05-13 11:30:00;38,74;-26,01;39,139;100,4281;0,34061843
2026-05-13 11:45:00;70,96;-58,49;35,439;96,7281;0,3266674
2026-05-13 12:00:00;126,73;-112,43;33,039;94,3281;0,31800017
2026-05-13 12:15:00;61,66;-45,01;34,919;96,2081;0,30243224
2026-05-13 12:30:00;61,26;-50,38;39,749;101,0381;0,2855684
2026-05-13 12:45:00;37,7;-25,19;43,749;105,0381;0,2673676
2026-05-13 13:00:00;18,83;-9,3;36,959;98,2481;0,24764565
2026-05-13 13:15:00;61,11;-50,64;43,319;104,6081;0,23061983
2026-05-13 13:30:00;41,62;-36,22;49,709;110,9981;0,2133975
2026-05-13 13:45:00;13,17;-8,25;58,599;119,8881;0,19638936
2026-05-13 14:00:00;7,61;0,53;42,189;103,4781;0,17239545
2026-05-13 14:15:00;24,42;-14,17;51,759;113,0481;0,15886293
2026-05-13 14:30:00;23,28;-11,69;57,429;118,7181;0,14541073
2026-05-13 14:45:00;10,63;-0,61;69,089;130,3781;0,13202399
2026-05-13 15:00:00;7,07;10,58;52,409;113,6981;0,10363573
2026-05-13 15:15:00;40,51;-24,95;60,849;122,1381;0,09472521
2026-05-13 15:30:00;50,8;-36,58;72,649;133,9381;0,08609708
2026-05-13 15:45:00;43,09;-27,33;79,949;141,2381;0,07785837
2026-05-13 16:00:00;24,52;-8,76;82,289;143,5781;0,062370766
2026-05-13 16:15:00;26,34;-11,47;93,129;154,4181;0,056162022
2026-05-13 16:30:00;17,51;-0,12;98,129;159,4181;0,048455793
2026-05-13 16:45:00;11,19;2,85;108,729;170,0181;0,03999419
2026-05-13 17:00:00;11,96;-2,06;99,619;160,9081;0,03186412
2026-05-13 17:15:00;14,4;-6,12;109,549;170,8381;0,022564013
2026-05-13 17:30:00;11,71;-4,53;119,469;180,7581;0,01426265
2026-05-13 17:45:00;11,42;-10,55;144,409;205,6981;0,00761323
2026-05-13 18:00:00;8,17;-1,84;133,249;194,5381;0,002417515
2026-05-13 18:15:00;5,95;0,17;139,969;201,2581;0,000230369
2026-05-13 18:30:00;4,32;1,59;141,999;203,2881;0
2026-05-13 18:45:00;2,87;-3,82;144,089;205,3781;0
2026-05-13 19:00:00;1,37;2,47;134,959;196,2481;0
2026-05-13 19:15:00;0,28;3,11;131,779;193,0681;0
2026-05-13 19:30:00;0,05;3,05;121,839;183,1281;0
2026-05-13 19:45:00;0,05;4,85;118,249;179,5381;0
2026-05-13 20:00:00;0,05;3,17;116,929;178,2181;0
2026-05-13 20:15:00;0,05;3,13;108,249;169,5381;0
2026-05-13 20:30:00;0,05;3,06;110,249;171,5381;0
2026-05-13 20:45:00;0,05;3,51;106,209;167,4981;0
2026-05-13 21:00:00;0,05;3,42;108,119;169,4081;0
2026-05-13 21:15:00;0,05;4,33;102,039;163,3281;0
2026-05-13 21:30:00;0,05;3,08;97,539;158,8281;0
2026-05-13 21:45:00;0,05;6,3;93,249;154,5381;0
2026-05-13 22:00:00;0,05;6,41;104,489;165,7781;0
2026-05-13 22:15:00;0,05;3,46;102,199;163,4881;0
2026-05-13 22:30:00;0,05;5,51;92,609;153,8981;0
2026-05-13 22:45:00;0,05;4,26;87,239;148,5281;0
2026-05-13 23:00:00;0,04;5,63;89,379;150,6681;0
2026-05-13 23:15:00;0,05;5,22;85,259;146,5481;0
2026-05-13 23:30:00;0,05;2,14;84,099;145,3881;0
2026-05-13 23:45:00;0,05;1,66;74,959;136,2481;0
2026-05-14 00:00:00;0,05;1,83;84,759;146,0481;0
2026-05-14 00:15:00;0,05;1,68;80,669;141,9581;0
2026-05-14 00:30:00;0,05;1,46;79,859;141,1481;0
2026-05-14 00:45:00;0,05;1,38;74,749;136,0381;0
2026-05-14 01:00:00;0,06;1,05;79,439;140,7281;0
2026-05-14 01:15:00;0,06;1,5;77,919;139,2081;0
2026-05-14 01:30:00;0,05;1,17;76,929;138,2181;0
2026-05-14 01:45:00;0,05;0,78;76,019;137,3081;0
2026-05-14 02:00:00;0,05;0,94;76,079;137,3681;0
2026-05-14 02:15:00;0,05;3,65;75,679;136,9681;0
2026-05-14 02:30:00;0,05;5,42;75,139;136,4281;0
2026-05-14 02:45:00;0,05;2,12;77,859;139,1481;8,45E-05
2026-05-14 03:00:00;0,06;3,07;78,249;139,5381;0,002526903
2026-05-14 03:15:00;0,05;10,06;74,469;135,7581;0,008710878
2026-05-14 03:30:00;0,05;12,21;75,449;136,7381;0,017388444
2026-05-14 03:45:00;0,05;11,4;74,129;135,4181;0,028242493
2026-05-14 04:00:00;0,06;11,62;84,239;145,5281;0,039924443
2026-05-14 04:15:00;0,06;11,47;83,789;145,0781;0,053728867
2026-05-14 04:30:00;0,05;11,28;81,449;142,7381;0,069090895
2026-05-14 04:45:00;0,2;9,43;73,699;134,9881;0,08534497
2026-05-14 05:00:00;1,34;9,25;99,519;160,8081;0,09479436
2026-05-14 05:15:00;1,28;3,29;77,819;139,1081;0,107025035
2026-05-14 05:30:00;1,61;2,21;73,169;134,4581;0,11875793
2026-05-14 05:45:00;9,93;-6,83;64,609;125,8981;0,13107847
2026-05-14 06:00:00;3,5;3,79;77,039;138,3281;0,14716509
2026-05-14 06:15:00;2;3,12;73,949;135,2381;0,15870778
2026-05-14 06:30:00;2,48;0,73;68,419;129,7081;0,16954064
2026-05-14 06:45:00;16,96;-14,57;53,539;114,8281;0,17883198
2026-05-14 07:00:00;33,43;-29,7;68,519;129,8081;0,2117814
2026-05-14 07:15:00;6,71;5,69;65,249;126,5381;0,21880391
2026-05-14 07:30:00;15,57;-3,67;51,059;112,3481;0,22572072
2026-05-14 07:45:00;38,53;-28,98;46,589;107,8781;0,23236337
2026-05-14 08:00:00;22,81;-9,59;51,169;112,4581;0,26205248
2026-05-14 08:15:00;25,3;-13,27;35,419;96,7081;0,26984656
2026-05-14 08:30:00;66,71;-53,12;23,919;85,2081;0,2770322
2026-05-14 08:45:00;52,4;-40,72;13,879;75,1681;0,28466848
2026-05-14 09:00:00;71,7;-60,98;20,569;81,8581;0,25617754
2026-05-14 09:15:00;18,52;-10,02;17,659;78,9481;0,26642928
2026-05-14 09:30:00;50,87;-41,5;12,189;73,4781;0,27714762
2026-05-14 09:45:00;109,36;-100,7;4,549;65,8381;0,28768456
2026-05-14 10:00:00;55,32;-48,76;30,449;91,7381;0,2802102
2026-05-14 10:15:00;46,57;-39,37;10,229;71,5181;0,29161164
2026-05-14 10:30:00;79,41;-70,26;-2,531;58,7581;0,3005937
2026-05-14 10:45:00;50,72;-43,97;-6,501;54,7881;0,30787694
2026-05-14 11:00:00;114,61;-104,78;-6,541;54,7481;0,31058878
2026-05-14 11:15:00;41,84;-33,36;-8,001;53,2881;0,31436896
2026-05-14 11:30:00;54,99;-46,71;-9,591;51,6981;0,31812578
2026-05-14 11:45:00;102,38;-93,84;-12,231;49,0581;0,31679213
2026-05-14 12:00:00;45,04;-38,49;-13,741;47,5481;0,34363732
2026-05-14 12:15:00;28,49;-22,57;-12,771;48,5181;0,336447
2026-05-14 12:30:00;17,89;-12,96;-12,681;48,6081;0,32503897
2026-05-14 12:45:00;21,37;-16,49;-11,991;49,2981;0,30860126
2026-05-14 13:00:00;42,66;-35,08;-13,011;48,2781;0,28987092
2026-05-14 13:15:00;40,72;-34,87;-10,641;50,6481;0,27407852
2026-05-14 13:30:00;5,28;-0,33;-2,161;59,1281;0,25724036
2026-05-14 13:45:00;6,48;-0,97;16,359;77,6481;0,23934755
2026-05-14 14:00:00;7,25;-2,4;3,639;64,9281;0,19544832
2026-05-14 14:15:00;6,22;-0,98;30,969;92,2581;0,18188986
2026-05-14 14:30:00;12,37;-6,43;52,719;114,0081;0,16834995
2026-05-14 14:45:00;10,45;-0,34;72,829;134,1181;0,15471521
2026-05-14 15:00:00;14,67;0,03;35,119;96,4081;0,13886227
2026-05-14 15:15:00;19,36;-5,87;60,899;122,1881;0,12564597
2026-05-14 15:30:00;24,15;-10,77;71,569;132,8581;0,11282322
2026-05-14 15:45:00;18,9;-3,51;90,599;151,8881;0,100520484
2026-05-14 16:00:00;15,2;-0,24;74,769;136,0581;0,08626769
2026-05-14 16:15:00;3,32;13,14;88,829;150,1181;0,074964605
2026-05-14 16:30:00;4,92;12,58;100,029;161,3181;0,06263491
2026-05-14 16:45:00;23,61;-10,09;113,819;175,1081;0,050364584
2026-05-14 17:00:00;33,79;-26,52;100,499;161,7881;0,0410373
2026-05-14 17:15:00;21,76;-14,2;110,419;171,7081;0,028616
2026-05-14 17:30:00;12,49;-4,84;119,249;180,5381;0,017984241
2026-05-14 17:45:00;7,51;0,1;126,829;188,1181;0,009631123
2026-05-14 18:00:00;4,53;3,28;125,419;186,7081;0,003556975
2026-05-14 18:15:00;2,93;3,1;130,929;192,2181;0,000385298
2026-05-14 18:30:00;3,04;1,33;135,619;196,9081;0
2026-05-14 18:45:00;3,2;-4,45;174,349;235,6381;0
2026-05-14 19:00:00;1,53;1,93;130,009;191,2981;0
2026-05-14 19:15:00;0,41;-1,67;137,199;198,4881;0
2026-05-14 19:30:00;0,05;-1,24;135,639;196,9281;0
2026-05-14 19:45:00;0,04;-0,96;139,119;200,4081;0
2026-05-14 20:00:00;0,05;-0,61;134,119;195,4081;0
2026-05-14 20:15:00;0,05;5,19;120,789;182,0781;0
2026-05-14 20:30:00;0,05;3,72;116,689;177,9781;0
2026-05-14 20:45:00;0,05;3,47;111,369;172,6581;0
2026-05-14 21:00:00;0,05;3;114,759;176,0481;0
2026-05-14 21:15:00;0,05;2,56;109,779;171,0681;0
2026-05-14 21:30:00;0,05;0,79;106,199;167,4881;0
2026-05-14 21:45:00;0,05;4,47;101,899;163,1881;0
2026-05-14 22:00:00;0,05;3,41;115,269;176,5581;0
2026-05-14 22:15:00;0,05;1,97;108,979;170,2681;0
2026-05-14 22:30:00;0,05;2,27;105,059;166,3481;0
2026-05-14 22:45:00;0,05;2,02;97,349;158,6381;0
2026-05-14 23:00:00;0,06;3,9;108,209;169,4981;0
2026-05-14 23:15:00;0,05;5,18;101,509;162,7981;0
2026-05-14 23:30:00;0,05;2,85;97,059;158,3481;0
2026-05-14 23:45:00;0,05;1,95;91,309;152,5981;0
2026-05-15 00:00:00;0,05;2,01;99,369;160,6581;0
2026-05-15 00:15:00;0,06;1,92;94,959;156,2481;0
2026-05-15 00:30:00;0,05;2,81;91,739;153,0281;0
2026-05-15 00:45:00;0,05;4,05;89,729;151,0181;0
2026-05-15 01:00:00;0,05;1,94;89,489;150,7781;0
2026-05-15 01:15:00;0,05;1,9;86,529;147,8181;0
2026-05-15 01:30:00;0,05;2,56;87,059;148,3481;0
2026-05-15 01:45:00;0,05;1,38;84,699;145,9881;0
2026-05-15 02:00:00;0,05;0,71;84,889;146,1781;0
2026-05-15 02:15:00;0,06;0,65;85,249;146,5381;0
2026-05-15 02:30:00;0,06;2,91;86,289;147,5781;0
2026-05-15 02:45:00;0,05;3,99;88,709;149,9981;0,000156494
2026-05-15 03:00:00;0,05;4,13;87,209;148,4981;0,002889197
2026-05-15 03:15:00;0,06;10,31;88,179;149,4681;0,009312282
2026-05-15 03:30:00;0,04;11,97;91,349;152,6381;0,017974926
2026-05-15 03:45:00;0,06;11,66;93,769;155,0581;0,028707687
2026-05-15 04:00:00;0,67;10,9;98,559;159,8481;0,038213402
2026-05-15 04:15:00;3,34;8,64;102,419;163,7081;0,051412713
2026-05-15 04:30:00;5,26;3,24;102,629;163,9181;0,066070355
2026-05-15 04:45:00;8,55;1,85;102,979;164,2681;0,08248941
2026-05-15 05:00:00;8,93;2,16;108,079;169,3681;0,10351151
2026-05-15 05:15:00;13,85;-8,7;105,839;167,1281;0,120649874
2026-05-15 05:30:00;15;-9,37;103,079;164,3681;0,13890761
2026-05-15 05:45:00;18,65;-10,42;86,199;147,4881;0,15830466
2026-05-15 06:00:00;25,73;-16,52;103,829;165,1181;0,19340445
2026-05-15 06:15:00;15,06;-3,56;95,589;156,8781;0,21289425
2026-05-15 06:30:00;8,79;4,32;86,719;148,0081;0,23182586
2026-05-15 06:45:00;8,7;4,27;81,489;142,7781;0,24931903
2026-05-15 07:00:00;5,19;7,6;91,399;152,6881;0,26183194
2026-05-15 07:15:00;28,31;-9,6;79,929;141,2181;0,27874684
2026-05-15 07:30:00;78,53;-58,02;68,249;129,5381;0,29259259
2026-05-15 07:45:00;31,36;-12,99;53,249;114,5381;0,3023902
2026-05-15 08:00:00;48,42;-33,8;69,349;130,6381;0,32220966
2026-05-15 08:15:00;40,16;-28,29;47,709;108,9981;0,33017078
2026-05-15 08:30:00;29,72;-19,83;45,029;106,3181;0,3369071
2026-05-15 08:45:00;49,82;-41,58;33,319;94,6081;0,3410751
2026-05-15 09:00:00;79,78;-71,02;47,209;108,4981;0,33552882
2026-05-15 09:15:00;57,46;-44,78;40,439;101,7281;0,33869407
2026-05-15 09:30:00;51,18;-30,43;29,589;90,8781;0,34000203
2026-05-15 09:45:00;45,51;-25,83;19,959;81,2481;0,3390229
2026-05-15 10:00:00;70,9;-49,71;40,409;101,6981;0,3375634
2026-05-15 10:15:00;81,79;-59,08;30,719;92,0081;0,3341485
2026-05-15 10:30:00;95,76;-71,21;22,029;83,3181;0,33278936
2026-05-15 10:45:00;93,15;-67,61;14,179;75,4681;0,33220348
2026-05-15 11:00:00;80,15;-60,67;20,909;82,1981;0,3237532
2026-05-15 11:15:00;74,04;-57,9;16,149;77,4381;0,32144052
2026-05-15 11:30:00;11,27;5,82;11,439;72,7281;0,3191528
2026-05-15 11:45:00;21,3;-4,13;6,489;67,7781;0,31174764
2026-05-15 12:00:00;44,86;-29,39;10,059;71,3481;0,3126646
2026-05-15 12:15:00;43,17;-26,32;11,899;73,1881;0,30520055
2026-05-15 12:30:00;24,97;-9,66;15,249;76,5381;0,2960403
2026-05-15 12:45:00;42,03;-24,89;18,589;79,8781;0,28523344
2026-05-15 13:00:00;83,11;-65,73;4,119;65,4081;0,3083987
2026-05-15 13:15:00;72,05;-56,17;15,899;77,1881;0,2934171
2026-05-15 13:30:00;41,45;-26,14;25,399;86,6881;0,27855745
2026-05-15 13:45:00;77,39;-62,44;38,729;100,0181;0,26394534
2026-05-15 14:00:00;42,86;-33,97;15,009;76,2981;0,21535222
2026-05-15 14:15:00;24,24;-15,57;34,129;95,4181;0,2034851
2026-05-15 14:30:00;39,27;-31,69;52,069;113,3581;0,19101225
2026-05-15 14:45:00;76,07;-65,78;58,589;119,8781;0,17770642
2026-05-15 15:00:00;76,94;-58,75;52,009;113,2981;0,15499686
2026-05-15 15:15:00;50,52;-26;62,369;123,6581;0,14195281
2026-05-15 15:30:00;38,83;-11,59;73,479;134,7681;0,12813808
2026-05-15 15:45:00;38,67;-12,37;80,169;141,4581;0,113948025
2026-05-15 16:00:00;35,87;-10,55;83,249;144,5381;0,0980687
2026-05-15 16:15:00;20,45;5,49;87,719;149,0081;0,083931245
2026-05-15 16:30:00;14,39;9,83;94,499;155,7881;0,06871318
2026-05-15 16:45:00;12,22;14,43;103,539;164,8281;0,054133218
2026-05-15 17:00:00;11,56;11,15;102,669;163,9581;0,04174523
2026-05-15 17:15:00;8,36;9,1;107,029;168,3181;0,030085541
2026-05-15 17:30:00;10,14;-2,3;114,249;175,5381;0,01967096
2026-05-15 17:45:00;5,62;0,79;121,479;182,7681;0,011191443
2026-05-15 18:00:00;4,78;1,14;118,589;179,8781;0,00449503
2026-05-15 18:15:00;2,65;3,22;121,549;182,8381;0,000679569
2026-05-15 18:30:00;2,14;-1,08;125,009;186,2981;0
2026-05-15 18:45:00;1,5;-0,29;129,539;190,8281;0
2026-05-15 19:00:00;0,78;-1,48;133,259;194,5481;0
2026-05-15 19:15:00;0,36;-0,13;127,129;188,4181;0
2026-05-15 19:30:00;0,05;3,93;121,689;182,9781;0
2026-05-15 19:45:00;0,05;3,97;117,769;179,0581;0
2026-05-15 20:00:00;0,06;-0,38;125,749;187,0381;0
2026-05-15 20:15:00;0,05;3,82;119,869;181,1581;0
2026-05-15 20:30:00;0,05;3,5;119,949;181,2381;0
2026-05-15 20:45:00;0,05;3,48;115,099;176,3881;0
2026-05-15 21:00:00;0,05;4,4;119,929;181,2181;0
2026-05-15 21:15:00;0,05;4,16;112,659;173,9481;0
2026-05-15 21:30:00;0,05;3,79;107,659;168,9481;0
2026-05-15 21:45:00;0,05;6,45;105,139;166,4281;0
2026-05-15 22:00:00;0,06;6,33;122,639;183,9281;0
2026-05-15 22:15:00;0,05;4,97;110,319;171,6081;0
2026-05-15 22:30:00;0,05;6,1;95,559;156,8481;0
2026-05-15 22:45:00;0,05;5,2;91,989;153,2781;0
2026-05-15 23:00:00;0,05;4,47;97,479;158,7681;0
2026-05-15 23:15:00;0,06;6,24;92,369;153,6581;0
2026-05-15 23:30:00;0,05;7,44;97,709;158,9981;0
2026-05-15 23:45:00;0,04;9,61;94,699;155,9881;0
2026-05-16 00:00:00;0,05;8,15;97,129;158,4181;0
2026-05-16 00:15:00;0,06;6,81;91,399;152,6881;0
2026-05-16 00:30:00;0,06;8,31;90,859;152,1481;0
2026-05-16 00:45:00;0,06;6,78;87,699;148,9881;0
2026-05-16 01:00:00;0,06;7,2;91,459;152,7481;0
2026-05-16 01:15:00;0,04;7,25;89,859;151,1481;0
2026-05-16 01:30:00;0,05;6,35;93,239;154,5281;0
2026-05-16 01:45:00;0,05;5,27;92,939;154,2281;0
2026-05-16 02:00:00;0,05;2,97;93,009;154,2981;0
2026-05-16 02:15:00;0,05;3,42;91,829;153,1181;0
2026-05-16 02:30:00;0,05;4,47;90,789;152,0781;0
2026-05-16 02:45:00;0,05;3,31;92,889;154,1781;0,000372683
2026-05-16 03:00:00;0,05;4,06;92,889;154,1781;0,003947137
2026-05-16 03:15:00;0,05;5,57;88,759;150,0481;0,011190042
2026-05-16 03:30:00;0,06;6,84;85,869;147,1581;0,019988978
2026-05-16 03:45:00;0,07;5,35;85,009;146,2981;0,030243274
2026-05-16 04:00:00;1,94;9,41;89,429;150,7181;0,039270107
2026-05-16 04:15:00;3,15;10,71;85,939;147,2281;0,05243553
2026-05-16 04:30:00;6,26;6,33;84,709;145,9981;0,069861986
2026-05-16 04:45:00;8,68;3,4;80,849;142,1381;0,0912923
2026-05-16 05:00:00;11,01;2,23;87,309;148,5981;0,14029066
2026-05-16 05:15:00;20,55;-5,54;82,379;143,6681;0,16266786
2026-05-16 05:30:00;22,07;-10,57;77,929;139,2181;0,18514514
2026-05-16 05:45:00;18,66;-2,15;66,339;127,6281;0,2071974
2026-05-16 06:00:00;19,92;-2,84;76,359;137,6481;0,22971065
2026-05-16 06:15:00;26,23;-7,26;68,439;129,7281;0,25150838
2026-05-16 06:30:00;37,73;-20,4;61,219;122,5081;0,26959717
2026-05-16 06:45:00;33,22;-14,12;43,479;104,7681;0,2827639
2026-05-16 07:00:00;57,68;-38,71;56,829;118,1181;0,29672316
2026-05-16 07:15:00;76,7;-55,22;36,309;97,5981;0,30254692
2026-05-16 07:30:00;84,2;-62,8;0,069;61,3581;0,30621752
2026-05-16 07:45:00;90,99;-70,13;-9,581;51,7081;0,30744323
2026-05-16 08:00:00;96,06;-68;-4,231;57,0581;0,29759526
2026-05-16 08:15:00;101,37;-74,84;-13,771;47,5181;0,29844072
2026-05-16 08:30:00;105,48;-77,65;-16,311;44,9781;0,29889908
2026-05-16 08:45:00;115,84;-90,05;-16,541;44,7481;0,3007219
2026-05-16 09:00:00;121,31;-97,25;-16,201;45,0881;0,30804735
2026-05-16 09:15:00;117,08;-93,89;-16,201;45,0881;0,31033778
2026-05-16 09:30:00;129,82;-106,65;-16,251;45,0381;0,3134516
2026-05-16 09:45:00;98,1;-75,31;-16,111;45,1781;0,31711096
2026-05-16 10:00:00;47,38;-29,09;-16,461;44,8281;0,372315
2026-05-16 10:15:00;26,21;-14,17;-16,501;44,7881;0,3698614
2026-05-16 10:30:00;18,43;-7,46;-16,921;44,3681;0,3675937
2026-05-16 10:45:00;16,45;-3,56;-17,311;43,9781;0,3651438
2026-05-16 11:00:00;9,06;4,07;-17,621;43,6681;0,40264252
2026-05-16 11:15:00;14,33;-1,58;-17,581;43,7081;0,39624247
2026-05-16 11:30:00;9,98;2,4;-17,601;43,6881;0,39012444
2026-05-16 11:45:00;23,07;-11,32;-17,561;43,7281;0,38145322
2026-05-16 12:00:00;29,79;-20,31;-17,521;43,7681;0,3793464
2026-05-16 12:15:00;34,06;-26,3;-17,521;43,7681;0,3685159
2026-05-16 12:30:00;71,65;-61,83;-17,511;43,7781;0,3551189
2026-05-16 12:45:00;35,52;-22,9;-17,391;43,8981;0,33861214
2026-05-16 13:00:00;19,65;-9,22;-17,381;43,9081;0,2951264
2026-05-16 13:15:00;23,62;-17,23;-17,171;44,1181;0,27940276
2026-05-16 13:30:00;21,73;-16,11;-17,111;44,1781;0,26293012
2026-05-16 13:45:00;37,89;-31,65;-16,821;44,4681;0,24564603
2026-05-16 14:00:00;53,59;-44,32;-16,831;44,4581;0,21752706
2026-05-16 14:15:00;107,33;-96,96;-16,691;44,5981;0,20149775
2026-05-16 14:30:00;87,05;-77,82;-16,451;44,8381;0,1854264
2026-05-16 14:45:00;41,31;-28,97;-0,571;60,7181;0,16912697
2026-05-16 15:00:00;46,71;-31,78;-11,571;49,7181;0,15481012
2026-05-16 15:15:00;49,25;-32,22;19,149;80,4381;0,13907787
2026-05-16 15:30:00;63,68;-47,73;57,359;118,6481;0,124058604
2026-05-16 15:45:00;42,29;-27,26;74,879;136,1681;0,10990005
2026-05-16 16:00:00;29,28;-14,19;45,689;106,9781;0,09986557
2026-05-16 16:15:00;26,22;-10,94;69,809;131,0981;0,08602685
2026-05-16 16:30:00;18,17;1,66;97,019;158,3081;0,07190721
2026-05-16 16:45:00;22,82;-3,78;105,469;166,7581;0,058411147
2026-05-16 17:00:00;15,29;1,6;87,349;148,6381;0,044455674
2026-05-16 17:15:00;13,68;-3,46;100,499;161,7881;0,031939637
2026-05-16 17:30:00;13,75;-3,9;110,139;171,4281;0,020514032
2026-05-16 17:45:00;8,71;0,78;117,249;178,5381;0,01137226
2026-05-16 18:00:00;8,5;-0,19;116,239;177,5281;0,004260042
2026-05-16 18:15:00;5,84;1,53;121,249;182,5381;0,000729205
2026-05-16 18:30:00;2,93;3,7;124,199;185,4881;0
2026-05-16 18:45:00;0,59;0,79;128,899;190,1881;0
2026-05-16 19:00:00;0,05;0,67;126,489;187,7781;0
2026-05-16 19:15:00;0,05;1,61;124,259;185,5481;0
2026-05-16 19:30:00;0,05;5,21;122,229;183,5181;0
2026-05-16 19:45:00;0,05;5,11;125,149;186,4381;0
2026-05-16 20:00:00;0,05;5,44;121,249;182,5381;0
2026-05-16 20:15:00;0,05;4,85;119,449;180,7381;0
2026-05-16 20:30:00;0,05;4,59;117,379;178,6681;0
2026-05-16 20:45:00;0,05;4,47;113,939;175,2281;0
2026-05-16 21:00:00;0,05;5,56;110,089;171,3781;0
2026-05-16 21:15:00;0,05;1,73;108,099;169,3881;0
2026-05-16 21:30:00;0,04;-0,86;107,379;168,6681;0
2026-05-16 21:45:00;0,05;7,18;98,989;160,2781;0
2026-05-16 22:00:00;0,05;2,91;111,719;173,0081;0
2026-05-16 22:15:00;0,05;6,95;105,439;166,7281;0
2026-05-16 22:30:00;0,06;6,24;98,039;159,3281;0
2026-05-16 22:45:00;0,06;4,18;95,899;157,1881;0
2026-05-16 23:00:00;0,05;5,19;104,539;165,8281;0
2026-05-16 23:15:00;0,05;3,41;98,059;159,3481;0
2026-05-16 23:30:00;0,06;5,98;95,879;157,1681;0
2026-05-16 23:45:00;0,05;6,41;94,409;155,6981;0
2026-05-17 00:00:00;0,05;3,7;97,419;158,7081;0
2026-05-17 00:15:00;0,05;4,47;95,169;156,4581;0
2026-05-17 00:30:00;0,06;3,33;91,709;152,9981;0
2026-05-17 00:45:00;0,05;3,9;90,569;151,8581;0
2026-05-17 01:00:00;0,05;3,88;89,499;150,7881;0
2026-05-17 01:15:00;0,05;3,19;91,049;152,3381;0
2026-05-17 01:30:00;0,06;4,38;91,629;152,9181;0
2026-05-17 01:45:00;0,05;4,25;92,919;154,2081;0
2026-05-17 02:00:00;0,06;1,89;88,569;149,8581;0
2026-05-17 02:15:00;0,05;4,02;88,139;149,4281;0
2026-05-17 02:30:00;0,05;2,4;86,169;147,4581;0
2026-05-17 02:45:00;0,05;3,65;86,469;147,7581;0,000631334
2026-05-17 03:00:00;0,05;7,31;85,949;147,2381;0,005052323
2026-05-17 03:15:00;0,06;7,42;85,599;146,8881;0,012469529
2026-05-17 03:30:00;0,06;13,79;84,199;145,4881;0,019633528
2026-05-17 03:45:00;0,05;15,72;81,679;142,9681;0,027222317
2026-05-17 04:00:00;0,06;14,41;84,329;145,6181;0,035461903
2026-05-17 04:15:00;0,74;15;81,699;142,9881;0,047419567
2026-05-17 04:30:00;0,93;13,77;75,839;137,1281;0,06811433
2026-05-17 04:45:00;2,75;15,51;71,659;132,9481;0,09675482
2026-05-17 05:00:00;8,33;10,76;79,809;141,0981;0,16874802
2026-05-17 05:15:00;8,26;6,41;69,129;130,4181;0,202113
2026-05-17 05:30:00;10,05;-4,05;51,549;112,8381;0,23809609
2026-05-17 05:45:00;8,43;-0,21;44,839;106,1281;0,27641064
2026-05-17 06:00:00;10,29;-1,5;64,359;125,6481;0,3187193
2026-05-17 06:15:00;10,33;-2,06;45,739;107,0281;0,36001274
2026-05-17 06:30:00;16,15;-6,5;32,209;93,4981;0,39448953
2026-05-17 06:45:00;16,93;-8,99;0,069;61,3581;0,42026272
2026-05-17 07:00:00;14,61;-7,46;21,719;83,0081;0,43587705
2026-05-17 07:15:00;12,46;-5,91;5,549;66,8381;0,45047396
2026-05-17 07:30:00;18,04;-12,34;-6,761;54,5281;0,46173176
2026-05-17 07:45:00;20,46;-14,62;-10,401;50,8881;0,46967486
2026-05-17 08:00:00;33,42;-23,52;-8,681;52,6081;0,46796125
2026-05-17 08:15:00;39,59;-30,93;-12,241;49,0481;0,46899748
2026-05-17 08:30:00;45,45;-34,9;-15,411;45,8781;0,46876308
2026-05-17 08:45:00;39,99;-30,73;-16,711;44,5781;0,4658311
2026-05-17 09:00:00;48,68;-41,23;-14,751;46,5381;0,43748307
2026-05-17 09:15:00;83,89;-76,21;-16,561;44,7281;0,4342229
2026-05-17 09:30:00;39,94;-32,53;-16,701;44,5881;0,42965502
2026-05-17 09:45:00;62,86;-54,77;-16,751;44,5381;0,42451257
2026-05-17 10:00:00;94,07;-85,28;-15,411;45,8781;0,31948987
2026-05-17 10:15:00;40,68;-32,65;-14,021;47,2681;0,31976798
2026-05-17 10:30:00;31,8;-25,72;-14,031;47,2581;0,3192867
2026-05-17 10:45:00;83,6;-77,76;-16,631;44,6581;0,3181769
2026-05-17 11:00:00;37,07;-29,27;-16,751;44,5381;0,27551374
2026-05-17 11:15:00;29,68;-19,58;-16,751;44,5381;0,27847022
2026-05-17 11:30:00;120,09;-108,96;-16,751;44,5381;0,2807492
2026-05-17 11:45:00;28,86;-18,73;-16,751;44,5381;0,28039497
2026-05-17 12:00:00;54,59;-46,64;-16,751;44,5381;0,26617104
2026-05-17 12:15:00;112,66;-103,2;-16,751;44,5381;0,2662685
2026-05-17 12:30:00;79,47;-70,86;-16,671;44,6181;0,26396453
2026-05-17 12:45:00;47,83;-38,69;-10,291;50,9981;0,25981012
2026-05-17 13:00:00;16,94;-1,93;-10,941;50,3481;0,25640082
2026-05-17 13:15:00;19,27;-2,27;-8,431;52,8581;0,25148225
2026-05-17 13:30:00;26,58;-13,78;0,909;62,1981;0,24515489
2026-05-17 13:45:00;12,23;-5,84;27,189;88,4781;0,23774146
2026-05-17 14:00:00;13,71;-8,56;-3,191;58,0981;0,22857074
2026-05-17 14:15:00;19,47;-13,48;20,679;81,9681;0,21827605
2026-05-17 14:30:00;21,15;-15,58;54,549;115,8381;0,20708585
2026-05-17 14:45:00;37,71;-25,79;86,359;147,6481;0,19469835
2026-05-17 15:00:00;27,31;-12,62;52,619;113,9081;0,1786204
2026-05-17 15:15:00;21,27;-6,96;73,909;135,1981;0,1642177
2026-05-17 15:30:00;22;-7,76;95,039;156,3281;0,14742638
2026-05-17 15:45:00;25,21;-10,49;112,359;173,6481;0,12913689
2026-05-17 16:00:00;20,13;-3,41;90,879;152,1681;0,11993222
2026-05-17 16:15:00;19,28;-5,64;108,949;170,2381;0,09942223
2026-05-17 16:30:00;17,56;-2,61;120,719;182,0081;0,07900944
2026-05-17 16:45:00;8,94;0,41;127,559;188,8481;0,06113396
2026-05-17 17:00:00;4,34;4,77;117,869;179,1581;0,04941268
2026-05-17 17:15:00;1,96;5,08;124,969;186,2581;0,036244452
2026-05-17 17:30:00;1,61;5,57;129,619;190,9081;0,024166897
2026-05-17 17:45:00;1,76;4,18;130,909;192,1981;0,014136789
2026-05-17 18:00:00;2,12;3,44;127,799;189,0881;0,005652655
2026-05-17 18:15:00;1,38;4,53;133,739;195,0281;0,001136517
2026-05-17 18:30:00;0,82;5,01;134,769;196,0581;0
2026-05-17 18:45:00;0,51;2,8;131,569;192,8581;0
2026-05-17 19:00:00;0,19;3,04;140,669;201,9581;0
2026-05-17 19:15:00;0,05;2,97;135,199;196,4881;0
2026-05-17 19:30:00;0,05;3,02;131,859;193,1481;0
2026-05-17 19:45:00;0,06;3,1;130,289;191,5781;0
2026-05-17 20:00:00;0,05;2,97;136,319;197,6081;0
2026-05-17 20:15:00;0,05;3,84;129,809;191,0981;0
2026-05-17 20:30:00;0,06;3,31;128,519;189,8081;0
2026-05-17 20:45:00;0,05;3,02;126,379;187,6681;0
2026-05-17 21:00:00;0,06;3,19;127,119;188,4081;0
2026-05-17 21:15:00;0,06;2,75;122,719;184,0081;0
2026-05-17 21:30:00;0,06;1,49;122,979;184,2681;0
2026-05-17 21:45:00;0,05;6,18;113,099;174,3881;0
2026-05-17 22:00:00;0,05;4,39;117,579;178,8681;0
2026-05-17 22:15:00;0,06;2,72;113,009;174,2981;0
2026-05-17 22:30:00;0,06;4,13;107,749;169,0381;0
2026-05-17 22:45:00;0,05;2,68;103,509;164,7981;0
2026-05-17 23:00:00;0,05;3,39;107,659;168,9481;0
2026-05-17 23:15:00;0,06;3,38;103,319;164,6081;0
2026-05-17 23:30:00;0,05;4,85;102,769;164,0581;0
2026-05-17 23:45:00;0,05;5,22;101,029;162,3181;0
2026-05-18 00:00:00;0,06;2,49;102,979;164,2681;0
2026-05-18 00:15:00;0,05;3,37;103,739;165,0281;0
2026-05-18 00:30:00;0,06;3,54;103,659;164,9481;0
2026-05-18 00:45:00;0,05;2,06;103,509;164,7981;0
2026-05-18 01:00:00;0,05;3,1;104,109;165,3981;0
2026-05-18 01:15:00;0,06;3,64;102,599;163,8881;0
2026-05-18 01:30:00;0,05;2,92;103,319;164,6081;0
2026-05-18 01:45:00;0,06;1,96;103,439;164,7281;0
2026-05-18 02:00:00;0,05;1,54;103,589;164,8781;0
2026-05-18 02:15:00;0,05;2,53;105,019;166,3081;0
2026-05-18 02:30:00;0,06;1,58;106,029;167,3181;0
2026-05-18 02:45:00;0,05;2,55;110,489;171,7781;0,000292704
2026-05-18 03:00:00;0,05;6,22;103,949;165,2381;0,002127342
2026-05-18 03:15:00;0,05;10,68;110,899;172,1881;0,005808241
2026-05-18 03:30:00;0,05;13,21;115,589;176,8781;0,010715283
2026-05-18 03:45:00;0,05;11,45;123,489;184,7781;0,017040169
2026-05-18 04:00:00;0,23;12,55;120,779;182,0681;0,024442615
2026-05-18 04:15:00;1;11,62;126,329;187,6181;0,033175755
2026-05-18 04:30:00;3,14;8,31;129,999;191,2881;0,042283393
2026-05-18 04:45:00;4,48;4,63;138,149;199,4381;0,0516773
2026-05-18 05:00:00;8,05;0,53;159,269;220,5581;0,055382278
2026-05-18 05:15:00;11,52;-2,83;144,539;205,8281;0,06514895
2026-05-18 05:30:00;17,81;-14,39;141,869;203,1581;0,07536384
2026-05-18 05:45:00;17,04;-14,59;131,579;192,8681;0,08632623
2026-05-18 06:00:00;20,25;-20,85;173,289;234,5781;0,1031817
2026-05-18 06:15:00;21,49;-20,87;179,279;240,5681;0,114872225
2026-05-18 06:30:00;34,44;-35,74;160,299;221,5881;0,12713529
2026-05-18 06:45:00;46,85;-42,09;131,649;192,9381;0,13997857
2026-05-18 07:00:00;59,29;-54,3;129,139;190,4281;0,17418616
2026-05-18 07:15:00;72,45;-67,12;148,009;209,2981;0,18780322
2026-05-18 07:30:00;84,78;-72,24;117,879;179,1681;0,20153081
2026-05-18 07:45:00;64,2;-50,9;113,249;174,5381;0,21503256
2026-05-18 08:00:00;76,94;-48,84;118,249;179,5381;0,2346721
2026-05-18 08:15:00;94,5;-66,74;125,939;187,2281;0,24679913
2026-05-18 08:30:00;74,98;-49,46;100,519;161,8081;0,25772458
2026-05-18 08:45:00;99,42;-76,46;92,929;154,2181;0,2654555
2026-05-18 09:00:00;54,08;-30,1;92,559;153,8481;0,27792886
2026-05-18 09:15:00;56,63;-31,28;97,299;158,5881;0,2837661
2026-05-18 09:30:00;126,63;-102,3;88,649;149,9381;0,2875024
2026-05-18 09:45:00;113,86;-89,18;82,009;143,2981;0,28833887
2026-05-18 10:00:00;83,53;-66,06;98,409;159,6981;0,2841829
2026-05-18 10:15:00;89,7;-78,34;80,979;142,2681;0,2838225
2026-05-18 10:30:00;114;-102;78,029;139,3181;0,28267205
2026-05-18 10:45:00;70,25;-60,12;72,719;134,0081;0,28062865
2026-05-18 11:00:00;84,55;-74,4;81,809;143,0981;0,28153613
2026-05-18 11:15:00;92,91;-82,76;72,379;133,6681;0,2788132
2026-05-18 11:30:00;83,51;-73,11;72,559;133,8481;0,2761116
2026-05-18 11:45:00;60,51;-50,37;66,449;127,7381;0,2719218
2026-05-18 12:00:00;38,68;-30,68;67,469;128,7581;0,26254687
2026-05-18 12:15:00;7,86;-0,13;73,389;134,6781;0,25515062
2026-05-18 12:30:00;20,91;-14,55;75,649;136,9381;0,244145
2026-05-18 12:45:00;75,56;-69,22;76,879;138,1681;0,22969343
2026-05-18 13:00:00;92,57;-85,9;77,789;139,0781;0,207266
2026-05-18 13:15:00;17,79;-10,32;79,539;140,8281;0,1958606
2026-05-18 13:30:00;77,9;-70,5;99,439;160,7281;0,18430968
2026-05-18 13:45:00;90,35;-81,97;80,749;142,0381;0,17228729
2026-05-18 14:00:00;66,22;-56,8;73,389;134,6781;0,16667576
2026-05-18 14:15:00;64,06;-53,04;79,619;140,9081;0,1541758
2026-05-18 14:30:00;39,43;-29,5;88,559;149,8481;0,14122616
2026-05-18 14:45:00;11,56;-0,29;100,429;161,7181;0,1279495
2026-05-18 15:00:00;10,27;4,08;86,669;147,9581;0,0994665
2026-05-18 15:15:00;65,5;-48,99;96,689;157,9781;0,09124349
2026-05-18 15:30:00;33,35;-15,64;110,119;171,4081;0,08304373
2026-05-18 15:45:00;40,99;-21,99;126,919;188,2081;0,07511227
2026-05-18 16:00:00;47,76;-30,31;104,899;166,1881;0,054570783
2026-05-18 16:15:00;38,16;-22,68;114,509;175,7981;0,049728632
2026-05-18 16:30:00;32,85;-16,1;122,249;183,5381;0,043486036
2026-05-18 16:45:00;32,04;-12,18;141,229;202,5181;0,036431532
2026-05-18 17:00:00;21,25;-5,37;109,189;170,4781;0,023948729
2026-05-18 17:15:00;18,27;-5,2;130,249;191,5381;0,018365664
2026-05-18 17:30:00;16,03;-5,66;158,029;219,3181;0,012665353
2026-05-18 17:45:00;10,74;-6,84;213,069;274,3581;0,007564384
2026-05-18 18:00:00;6,97;-2,69;176,559;237,8481;0,003061274
2026-05-18 18:15:00;3,51;1,68;190,729;252,0181;0,000687731
2026-05-18 18:30:00;3,36;2,02;211,509;272,7981;0
2026-05-18 18:45:00;2,74;2,02;203,539;264,8281;0
2026-05-18 19:00:00;1,56;1,74;220,499;281,7881;0
2026-05-18 19:15:00;0,81;2,5;182,799;244,0881;0
2026-05-18 19:30:00;0,15;6,63;160,199;221,4881;0
2026-05-18 19:45:00;0,05;7,27;135,749;197,0381;0
2026-05-18 20:00:00;0,05;7,95;147,709;208,9981;0
2026-05-18 20:15:00;0,06;8,78;134,719;196,0081;0
2026-05-18 20:30:00;0,06;8,8;131,769;193,0581;0
2026-05-18 20:45:00;0,06;8,42;124,339;185,6281;0
2026-05-18 21:00:00;0,06;7,77;130,559;191,8481;0
2026-05-18 21:15:00;0,06;5,3;121,069;182,3581;0
2026-05-18 21:30:00;0,06;5,06;120,369;181,6581;0
2026-05-18 21:45:00;0,06;9,09;112,139;173,4281;0
2026-05-18 22:00:00;0,06;8,61;129,779;191,0681;0
2026-05-18 22:15:00;0,06;6,72;119,719;181,0081;0
2026-05-18 22:30:00;0,06;6,57;113,869;175,1581;0
2026-05-18 22:45:00;0,06;6,51;110,449;171,7381;0
2026-05-18 23:00:00;0,06;6,33;117,179;178,4681;0
2026-05-18 23:15:00;0,06;6,32;108,069;169,3581;0
2026-05-18 23:30:00;0,06;6,31;106,259;167,5481;0
2026-05-18 23:45:00;0,06;8,83;103,869;165,1581;0
2026-05-19 00:00:00;0,05;12,91;107,249;168,5381;0
2026-05-19 00:15:00;0,05;12,86;103,249;164,5381;0
2026-05-19 00:30:00;0,05;12,82;104,159;165,4481;0
2026-05-19 00:45:00;0,05;11,49;103,899;165,1881;0
2026-05-19 01:00:00;0,05;11,23;103,529;164,8181;0
2026-05-19 01:15:00;0,05;11,36;102,309;163,5981;0
2026-05-19 01:30:00;0,05;11,24;103,159;164,4481;0
2026-05-19 01:45:00;0,05;10,58;102,509;163,7981;0
2026-05-19 02:00:00;0,05;9,19;99,009;160,2981;0
2026-05-19 02:15:00;0,05;7,4;98,799;160,0881;0
2026-05-19 02:30:00;0,05;9,01;104,079;165,3681;0
2026-05-19 02:45:00;0,05;8,82;107,999;169,2881;0,000645021
2026-05-19 03:00:00;0,05;5,91;103,249;164,5381;0,004136611
2026-05-19 03:15:00;0,05;9,4;107,409;168,6981;0,01089808
2026-05-19 03:30:00;0,4;10,41;109,249;170,5381;0,020146789
2026-05-19 03:45:00;1,43;8,75;114,849;176,1381;0,0315033
2026-05-19 04:00:00;2,15;9,38;115,409;176,6981;0,04045931
2026-05-19 04:15:00;2,56;16,37;127,689;188,9781;0,053288493
2026-05-19 04:30:00;2,96;15,22;127,399;188,6881;0,067166716
2026-05-19 04:45:00;3,55;12,95;118,489;179,7781;0,08285896
2026-05-19 05:00:00;6,26;7,22;133,959;195,2481;0,098937735
2026-05-19 05:15:00;8,69;4,88;120,589;181,8781;0,1156791
2026-05-19 05:30:00;9,63;4,01;115,689;176,9781;0,1338007
2026-05-19 05:45:00;14,5;-4,44;100,849;162,1381;0,153432
2026-05-19 06:00:00;17,31;-6,11;121,399;182,6881;0,20070852
2026-05-19 06:15:00;15,61;-4,83;108,669;169,9581;0,22146776
2026-05-19 06:30:00;16,5;-3;95,139;156,4281;0,24208222
2026-05-19 06:45:00;24,58;-10,82;84,079;145,3681;0,26157188
2026-05-19 07:00:00;24,15;-10,17;107,169;168,4581;0,28674495
2026-05-19 07:15:00;19,1;-7,27;96,609;157,8981;0,30557704
2026-05-19 07:30:00;38,31;-28,31;81,459;142,7481;0,32226428
2026-05-19 07:45:00;64,43;-52,73;65,499;126,7881;0,33613387
2026-05-19 08:00:00;47,82;-32,11;79,479;140,7681;0,35958317
2026-05-19 08:15:00;66,95;-53;73,329;134,6181;0,3686002
2026-05-19 08:30:00;74,3;-61,12;62,819;124,1081;0,37652105
2026-05-19 08:45:00;69,76;-56,43;57,379;118,6681;0,3822878
2026-05-19 09:00:00;77,2;-60,82;62,289;123,5781;0,40370375
2026-05-19 09:15:00;56,94;-42,52;57,279;118,5681;0,40783608
2026-05-19 09:30:00;46,16;-32,7;53,239;114,5281;0,41097727
2026-05-19 09:45:00;40,53;-29,14;48,309;109,5981;0,41335148
2026-05-19 10:00:00;37,92;-20,75;51,119;112,4081;0,41352206
2026-05-19 10:15:00;32,64;-17,39;50,159;111,4481;0,4114314
2026-05-19 10:30:00;28,64;-15,18;43,139;104,4281;0,4077561
2026-05-19 10:45:00;47,63;-35,44;40,749;102,0381;0,40219045
2026-05-19 11:00:00;46,02;-37,37;49,019;110,3081;0,40965977
2026-05-19 11:15:00;42,41;-33,86;48,609;109,8981;0,4010649
2026-05-19 11:30:00;37,87;-26,21;48,929;110,2181;0,3926252
2026-05-19 11:45:00;28,66;-17,71;47,469;108,7581;0,3788891
2026-05-19 12:00:00;21,57;-10,97;35,129;96,4181;0,35747892
2026-05-19 12:15:00;18,34;-8,37;42,439;103,7281;0,34856617
2026-05-19 12:30:00;18,27;-8,22;46,009;107,2981;0,33981264
2026-05-19 12:45:00;24,39;-14,72;49,689;110,9781;0,3309615
2026-05-19 13:00:00;22,87;-11,31;48,139;109,4281;0,33416978
2026-05-19 13:15:00;30,14;-19,56;53,659;114,9481;0,3213814
2026-05-19 13:30:00;31,15;-21,21;63,079;124,3681;0,30689782
2026-05-19 13:45:00;28,55;-16,97;68,729;130,0181;0,29121235
2026-05-19 14:00:00;16,69;-4,94;53,979;115,2681;0,27273718
2026-05-19 14:15:00;14,95;-1,83;61,039;122,3281;0,25692934
2026-05-19 14:30:00;35,69;-23,5;66,899;128,1881;0,24068606
2026-05-19 14:45:00;28,53;-15,48;74,349;135,6381;0,22352354
2026-05-19 15:00:00;22,14;-4,22;73,879;135,1681;0,2087644
2026-05-19 15:15:00;17,94;-0,89;80,669;141,9581;0,18752727
2026-05-19 15:30:00;16,04;1,78;95,699;156,9881;0,16548772
2026-05-19 15:45:00;16,01;1,31;101,939;163,2281;0,14335878
2026-05-19 16:00:00;12,61;3,1;96,469;157,7581;0,12251378
2026-05-19 16:15:00;9,24;10,25;104,939;166,2281;0,102160044
2026-05-19 16:30:00;6,81;12,83;114,099;175,3881;0,081759706
2026-05-19 16:45:00;11,2;2,48;112,709;173,9981;0,063900135
2026-05-19 17:00:00;12,76;-1,28;102,489;163,7781;0,054417178
2026-05-19 17:15:00;14,54;-3,51;111,999;173,2881;0,040107075
2026-05-19 17:30:00;4,89;6,39;126,619;187,9081;0,026917575
2026-05-19 17:45:00;6,22;-0,33;159,879;221,1681;0,01616255
2026-05-19 18:00:00;8,62;1,99;135,609;196,8981;0,008046728
2026-05-19 18:15:00;4,77;5,63;140,429;201,7181;0,00186465
2026-05-19 18:30:00;3,92;0,89;140,969;202,2581;3,13E-06
2026-05-19 18:45:00;3,03;4,7;137,669;198,9581;0
2026-05-19 19:00:00;1,51;6,48;140,269;201,5581;0
2026-05-19 19:15:00;0,41;8;122,769;184,0581;0
2026-05-19 19:30:00;0,06;7,87;117,849;179,1381;0
2026-05-19 19:45:00;0,06;8,61;108,509;169,7981;0
2026-05-19 20:00:00;0,06;7,98;128,459;189,7481;0
2026-05-19 20:15:00;0,06;9,47;113,899;175,1881;0
2026-05-19 20:30:00;0,06;9,03;112,499;173,7881;0
2026-05-19 20:45:00;0,06;8,27;105,529;166,8181;0
2026-05-19 21:00:00;0,05;8,69;114,549;175,8381;0
2026-05-19 21:15:00;0,05;7,26;101,349;162,6381;0
2026-05-19 21:30:00;0,07;7,24;103,469;164,7581;0
2026-05-19 21:45:00;0,05;9,36;93,199;154,4881;0
2026-05-19 22:00:00;0,06;8,16;110,299;171,5881;0
2026-05-19 22:15:00;0,06;8,45;99,459;160,7481;0
2026-05-19 22:30:00;0,06;7,09;87,339;148,6281;0
2026-05-19 22:45:00;0,05;10,78;75,609;136,8981;0
2026-05-19 23:00:00;0,06;7,35;96,269;157,5581;0
2026-05-19 23:15:00;0,05;7,74;90,579;151,8681;0
2026-05-19 23:30:00;0,06;7,32;84,979;146,2681;0
2026-05-19 23:45:00;0,05;9,21;77,999;139,2881;0
2026-05-20 00:00:00;0,06;7,73;85,779;147,0681;0
2026-05-20 00:15:00;0,05;12,13;78,319;139,6081;0
2026-05-20 00:30:00;0,05;11,53;73,759;135,0481;0
2026-05-20 00:45:00;0,05;9,45;71,079;132,3681;0
2026-05-20 01:00:00;0,05;7,85;75,749;137,0381;0
2026-05-20 01:15:00;0,05;9,56;74,329;135,6181;0
2026-05-20 01:30:00;0,05;8,26;68,719;130,0081;0
2026-05-20 01:45:00;0,05;8;66,169;127,4581;0
2026-05-20 02:00:00;0,05;8,82;70,609;131,8981;0
2026-05-20 02:15:00;0,05;7,09;66,329;127,6181;0
2026-05-20 02:30:00;0,05;7,33;67,079;128,3681;0
2026-05-20 02:45:00;0,05;8,03;73,149;134,4381;0,000902848
2026-05-20 03:00:00;0,06;7,14;68,959;130,2481;0,004557941
2026-05-20 03:15:00;0,05;12,81;75,999;137,2881;0,011031651
2026-05-20 03:30:00;0,05;16,7;82,739;144,0281;0,019800328
2026-05-20 03:45:00;0,2;15,58;92,299;153,5881;0,030802377
2026-05-20 04:00:00;1,01;18,16;86,459;147,7481;0,04195078
2026-05-20 04:15:00;3,54;14,71;101,039;162,3281;0,05512577
2026-05-20 04:30:00;4,66;14,45;100,819;162,1081;0,06829227
2026-05-20 04:45:00;5,13;13,95;98,139;159,4281;0,08117595
2026-05-20 05:00:00;8,04;8,94;112,709;173,9981;0,09143156
2026-05-20 05:15:00;7,94;8,02;112,009;173,2981;0,1019807
2026-05-20 05:30:00;10,96;1,31;102,439;163,7281;0,1129257
2026-05-20 05:45:00;15,34;-6,17;96,479;157,7681;0,12485492
2026-05-20 06:00:00;13,87;-6,01;118,289;179,5781;0,13801359
2026-05-20 06:15:00;23,58;-16,21;109,099;170,3881;0,14984576
2026-05-20 06:30:00;22,8;-15,97;97,979;159,2681;0,16142738
2026-05-20 06:45:00;19,57;-12,12;83,319;144,6081;0,17271744
2026-05-20 07:00:00;16,78;-9,5;89,849;151,1381;0,19346677
2026-05-20 07:15:00;26,17;-18,65;79,349;140,6381;0,20436898
2026-05-20 07:30:00;21,32;-13,52;68,859;130,1481;0,2129278
2026-05-20 07:45:00;29,68;-12,55;56,199;117,4881;0,21868922
2026-05-20 08:00:00;28,32;-3,04;57,229;118,5181;0,26622462
2026-05-20 08:15:00;38,13;-18,23;50,139;111,4281;0,26769263
2026-05-20 08:30:00;52,71;-37,15;48,699;109,9881;0,2689979
2026-05-20 08:45:00;36,68;-23,26;42,479;103,7681;0,2673552
2026-05-20 09:00:00;65,23;-49,89;46,509;107,7981;0,31798628
2026-05-20 09:15:00;110,38;-93,78;36,789;98,0781;0,3116695
2026-05-20 09:30:00;99,03;-83,08;37,559;98,8481;0,30322927
2026-05-20 09:45:00;48,02;-32,73;28,939;90,2281;0,29136497
2026-05-20 10:00:00;17,85;-2,87;42,849;104,1381;0,27941728
2026-05-20 10:15:00;10,92;3,06;30,429;91,7181;0,26428455
2026-05-20 10:30:00;33,18;-19,47;25,729;87,0181;0,25147507
2026-05-20 10:45:00;74,47;-61,51;17,169;78,4581;0,2402029
2026-05-20 11:00:00;65,77;-50,77;25,819;87,1081;0,20438002
2026-05-20 11:15:00;20,24;-6,89;18,159;79,4481;0,19645919
2026-05-20 11:30:00;102,88;-88,37;13,189;74,4781;0,18865241
2026-05-20 11:45:00;44,44;-31,29;3,929;65,2181;0,18101752
2026-05-20 12:00:00;71,03;-56,72;2,889;64,1781;0,16339888
2026-05-20 12:15:00;46,54;-34,09;4,829;66,1181;0,15582773
2026-05-20 12:30:00;70;-58,84;9,049;70,3381;0,14801203
2026-05-20 12:45:00;77,88;-66,09;12,459;73,7481;0,13960218
2026-05-20 13:00:00;59,04;-47,82;5,889;67,1781;0,12855825
2026-05-20 13:15:00;61,05;-49,05;11,039;72,3281;0,11982931
2026-05-20 13:30:00;39,64;-27,97;18,449;79,7381;0,111252345
2026-05-20 13:45:00;38,05;-24,86;28,969;90,2581;0,10297087
2026-05-20 14:00:00;81,47;-66,75;-3,821;57,4681;0,09401256
2026-05-20 14:15:00;47,79;-33,53;26,339;87,6281;0,08743884
2026-05-20 14:30:00;45,54;-31,33;44,099;105,3881;0,081106275
2026-05-20 14:45:00;57,59;-42,22;53,229;114,5181;0,0749007
2026-05-20 15:00:00;40,97;-23,18;35,759;97,0481;0,066358685
2026-05-20 15:15:00;47,54;-21,64;52,749;114,0381;0,06118021
2026-05-20 15:30:00;35,82;-10,12;60,479;121,7681;0,056440547
2026-05-20 15:45:00;53,53;-27,8;71,209;132,4981;0,052327104
2026-05-20 16:00:00;50,25;-24,16;60,089;121,3781;0,055436693
2026-05-20 16:15:00;29,83;-4,24;74,439;135,7281;0,049124673
2026-05-20 16:30:00;19,37;4,38;95,029;156,3181;0,041469593
2026-05-20 16:45:00;8,72;17,63;113,019;174,3081;0,033426907
2026-05-20 17:00:00;21,59;7,41;87,459;148,7481;0,027217533
2026-05-20 17:15:00;19,55;2,59;108,499;169,7881;0,01983537
2026-05-20 17:30:00;13,21;5,21;117,529;178,8181;0,013358608
2026-05-20 17:45:00;10,01;8,5;138,709;199,9981;0,008000719
2026-05-20 18:00:00;8;9,06;112,459;173,7481;0,00374917
2026-05-20 18:15:00;6,34;9,72;137,269;198,5581;0,000954711
2026-05-20 18:30:00;4,59;11,5;148,259;209,5481;8,25E-06
2026-05-20 18:45:00;3,29;8,54;158,719;220,0081;0
2026-05-20 19:00:00;1,6;8,81;157,969;219,2581;0
2026-05-20 19:15:00;0,59;13,93;148,619;209,9081;0
2026-05-20 19:30:00;0,06;13,54;140,369;201,6581;0
2026-05-20 19:45:00;0,05;13,86;127,039;188,3281;0
2026-05-20 20:00:00;0,05;12,77;147,719;209,0081;0
2026-05-20 20:15:00;0,05;11,93;132,579;193,8681;0
2026-05-20 20:30:00;0,04;12,01;126,459;187,7481;0
2026-05-20 20:45:00;0,05;10,05;116,799;178,0881;0
2026-05-20 21:00:00;0,05;9,1;122,359;183,6481;0
2026-05-20 21:15:00;0,06;9,39;118,929;180,2181;0
2026-05-20 21:30:00;0,05;8,53;114,429;175,7181;0
2026-05-20 21:45:00;0,05;9,13;109,869;171,1581;0
2026-05-20 22:00:00;0,05;10,02;121,639;182,9281;0
2026-05-20 22:15:00;0,05;9,08;115,209;176,4981;0
2026-05-20 22:30:00;0,06;8,77;106,739;168,0281;0
2026-05-20 22:45:00;0,05;10,34;102,439;163,7281;0
2026-05-20 23:00:00;0,06;9,6;106,339;167,6281;0
2026-05-20 23:15:00;0,05;10,49;100,509;161,7981;0
2026-05-20 23:30:00;0,05;9,78;98,789;160,0781;0
2026-05-20 23:45:00;0,05;10,66;95,859;157,1481;0
2026-05-21 00:00:00;0,05;11,89;96,309;157,5981;0
2026-05-21 00:15:00;0,05;11,6;94,239;155,5281;0
2026-05-21 00:30:00;0,05;9,16;93,259;154,5481;0
2026-05-21 00:45:00;0,05;8,96;92,449;153,7381;0
2026-05-21 01:00:00;0,06;8,93;93,599;154,8881;0
2026-05-21 01:15:00;0,06;8,95;93,149;154,4381;0
2026-05-21 01:30:00;0,05;9,28;93,649;154,9381;0
2026-05-21 01:45:00;0,05;10,3;93,969;155,2581;0
2026-05-21 02:00:00;0,05;9,78;90,169;151,4581;0
2026-05-21 02:15:00;0,05;9,52;92,789;154,0781;0
2026-05-21 02:30:00;0,06;9,1;96,589;157,8781;0
2026-05-21 02:45:00;0,06;10,79;101,299;162,5881;0,000962131
2026-05-21 03:00:00;0,05;12,09;95,399;156,6881;0,004625469
2026-05-21 03:15:00;0,05;16,76;99,479;160,7681;0,010967751
2026-05-21 03:30:00;0,06;19,96;110,419;171,7081;0,019232975
2026-05-21 03:45:00;0,64;20,28;114,139;175,4281;0,029446622
2026-05-21 04:00:00;1,59;18,77;113,449;174,7381;0,03722736
2026-05-21 04:15:00;3,34;16,74;122,139;183,4281;0,0500591
2026-05-21 04:30:00;4,51;16;123,049;184,3381;0,06346487
2026-05-21 04:45:00;6,64;13;122,799;184,0881;0,07752284
2026-05-21 05:00:00;8,94;9,5;133,369;194,6581;0,081599094
2026-05-21 05:15:00;8,93;4,14;127,019;188,3081;0,094925955
2026-05-21 05:30:00;9,57;-0,01;119,819;181,1081;0,10911007
2026-05-21 05:45:00;14,7;-5,17;118,089;179,3781;0,124469295
2026-05-21 06:00:00;21,71;-12,69;155,159;216,4481;0,14736602
2026-05-21 06:15:00;37,88;-28,43;132,039;193,3281;0,16429637
2026-05-21 06:30:00;36,23;-26,2;110,709;171,9981;0,1806916
2026-05-21 06:45:00;53,78;-42,12;102,089;163,3781;0,19589704
2026-05-21 07:00:00;65,39;-60,92;191,049;252,3381;0,19178872
2026-05-21 07:15:00;74,61;-68,85;103,249;164,5381;0,20904095
2026-05-21 07:30:00;75,22;-68,2;96,249;157,5381;0,22400653
2026-05-21 07:45:00;79,69;-69,89;93,249;154,5381;0,2376041
2026-05-21 08:00:00;87,61;-75,21;69,429;130,7181;0,24277134
2026-05-21 08:15:00;72,77;-56,41;67,359;128,6481;0,2572213
2026-05-21 08:30:00;88,71;-70,8;56,519;117,8081;0,2725256
2026-05-21 08:45:00;97,93;-81,17;34,309;95,5981;0,28713048
2026-05-21 09:00:00;81,43;-65,41;42,469;103,7581;0,32263252
2026-05-21 09:15:00;68,58;-53,47;27,849;89,1381;0,3349214
2026-05-21 09:30:00;67,1;-53,37;8,179;69,4681;0,3460643
2026-05-21 09:45:00;75,6;-62,37;-4,491;56,7981;0,35620967
2026-05-21 10:00:00;49,54;-36,27;-4,401;56,8881;0,39006212
2026-05-21 10:15:00;50,42;-38,59;-7,581;53,7081;0,396628
2026-05-21 10:30:00;55,94;-44,73;-7,581;53,7081;0,40392646
2026-05-21 10:45:00;72,03;-59,89;-9,441;51,8481;0,41076463
2026-05-21 11:00:00;66;-54,14;-8,921;52,3681;0,40518647
2026-05-21 11:15:00;95,92;-82,26;-10,211;51,0781;0,40820628
2026-05-21 11:30:00;94,08;-82,21;-12,231;49,0581;0,40965578
2026-05-21 11:45:00;60,35;-50,09;-13,391;47,8981;0,4065163
2026-05-21 12:00:00;50,64;-40,14;-13,161;48,1281;0,39844877
2026-05-21 12:15:00;36,91;-28,24;-10,211;51,0781;0,39497533
2026-05-21 12:30:00;45;-36,57;-10,031;51,2581;0,38769904
2026-05-21 12:45:00;61,66;-52,43;-8,261;53,0281;0,37569496
2026-05-21 13:00:00;96,98;-86,35;-9,411;51,8781;0,34650344
2026-05-21 13:15:00;50,28;-38,6;-0,561;60,7281;0,3316404
2026-05-21 13:30:00;75,29;-64,09;20,919;82,2081;0,31374645
2026-05-21 13:45:00;99,91;-90,14;35,569;96,8581;0,29332903
2026-05-21 14:00:00;99,19;-87,96;5,999;67,2881;0,24714856
2026-05-21 14:15:00;80,41;-70,5;38,809;100,0981;0,22935875
2026-05-21 14:30:00;62,24;-55,03;58,059;119,3481;0,21139222
2026-05-21 14:45:00;68,75;-57,7;66,819;128,1081;0,19334969
2026-05-21 15:00:00;46,5;-27,36;61,439;122,7281;0,15139273
2026-05-21 15:15:00;40,02;-21,24;95,509;156,7981;0,13907689
2026-05-21 15:30:00;35,34;-16,5;108,079;169,3681;0,1256848
2026-05-21 15:45:00;46,68;-28,47;157,049;218,3381;0,11187172
2026-05-21 16:00:00;32,12;-12,48;95,199;156,4881;0,08899478
2026-05-21 16:15:00;27,3;-10,32;119,429;180,7181;0,07765072
2026-05-21 16:30:00;36,21;-15,63;117,459;178,7481;0,06492303
2026-05-21 16:45:00;25,63;-3,6;128,459;189,7481;0,052765585
2026-05-21 17:00:00;18,46;4,6;117,039;178,3281;0,04082259
2026-05-21 17:15:00;12,45;10,08;127,339;188,6281;0,032242235
2026-05-21 17:30:00;10;2,47;136,629;197,9181;0,023205921
2026-05-21 17:45:00;8,41;6,08;166,879;228,1681;0,014974336
2026-05-21 18:00:00;7,86;4,58;146,119;207,4081;0,007382413
2026-05-21 18:15:00;6,8;3,76;158,239;219,5281;0,00219487
2026-05-21 18:30:00;5,25;2;188,219;249,5081;4,81E-05
2026-05-21 18:45:00;3,93;1,47;198,469;259,7581;0
2026-05-21 19:00:00;2,6;2,49;187,289;248,5781;0
2026-05-21 19:15:00;1,1;4,64;168,709;229,9981;0
2026-05-21 19:30:00;0,18;9,06;155,809;217,0981;0
2026-05-21 19:45:00;0,06;9,5;140,709;201,9981;0
2026-05-21 20:00:00;0,06;4,55;169,389;230,6781;0
2026-05-21 20:15:00;0,05;8,47;141,699;202,9881;0
2026-05-21 20:30:00;0,06;9,84;133,929;195,2181;0
2026-05-21 20:45:00;0,06;7,55;129,889;191,1781;0
2026-05-21 21:00:00;0,06;8,14;131,289;192,5781;0
2026-05-21 21:15:00;0,06;5,16;126,559;187,8481;0
2026-05-21 21:30:00;0,06;5,66;126,439;187,7281;0
2026-05-21 21:45:00;0,06;5,5;126,889;188,1781;0
2026-05-21 22:00:00;0,05;5,4;135,179;196,4681;0
2026-05-21 22:15:00;0,06;5,72;127,279;188,5681;0
2026-05-21 22:30:00;0,06;5,07;119,499;180,7881;0
2026-05-21 22:45:00;0,05;5,56;113,439;174,7281;0
2026-05-21 23:00:00;0,06;6,78;125,719;187,0081;0
2026-05-21 23:15:00;0,06;6,98;113,979;175,2681;0
2026-05-21 23:30:00;0,04;11,91;111,169;172,4581;0
2026-05-21 23:45:00;0,05;11,88;107,819;169,1081;0
2026-05-22 00:00:00;0,05;10,62;110,089;171,3781;0
2026-05-22 00:15:00;0,06;10,54;108,679;169,9681;0
2026-05-22 00:30:00;0,05;10,09;107,149;168,4381;0
2026-05-22 00:45:00;0,06;10,56;107,169;168,4581;0
2026-05-22 01:00:00;0,04;10,67;107,399;168,6881;0
2026-05-22 01:15:00;0,05;9,66;106,259;167,5481;0
2026-05-22 01:30:00;0,05;8,22;104,519;165,8081;0
2026-05-22 01:45:00;0,05;8,21;104,049;165,3381;0
2026-05-22 02:00:00;0,05;7,16;99,209;160,4981;0
2026-05-22 02:15:00;0,05;7,83;100,459;161,7481;0
2026-05-22 02:30:00;0,05;8,48;103,989;165,2781;0
2026-05-22 02:45:00;0,05;9,73;105,209;166,4981;0,002051403
2026-05-22 03:00:00;0,05;9,57;105,749;167,0381;0,008065526
2026-05-22 03:15:00;0,04;10,33;110,929;172,2181;0,016175825
2026-05-22 03:30:00;0,05;10,31;113,459;174,7481;0,025146097
2026-05-22 03:45:00;0,28;9,8;117,259;178,5481;0,03493899
2026-05-22 04:00:00;1,17;13,72;117,619;178,9081;0,04665021
2026-05-22 04:15:00;3,02;16,25;122,289;183,5781;0,0596382
2026-05-22 04:30:00;7,09;12,59;118,859;180,1481;0,079515204
2026-05-22 04:45:00;8,52;6,95;116,629;177,9181;0,10600774
2026-05-22 05:00:00;8,09;5,93;133,949;195,2381;0,15847148
2026-05-22 05:15:00;12,65;0,28;124,619;185,9081;0,19086418
2026-05-22 05:30:00;19,6;-3,71;112,629;173,9181;0,22570002
2026-05-22 05:45:00;25,07;-15,51;94,469;155,7581;0,2619143
2026-05-22 06:00:00;34,11;-27,16;119,479;180,7681;0,30238384
2026-05-22 06:15:00;42,38;-34,15;107,309;168,5981;0,3379642
2026-05-22 06:30:00;50,58;-40,78;101,419;162,7081;0,37204728
2026-05-22 06:45:00;58,36;-40,01;84,619;145,9081;0,40380955
2026-05-22 07:00:00;65,61;-49;105,419;166,7081;0,42733398
2026-05-22 07:15:00;72,78;-58,02;83,249;144,5381;0,4503244
2026-05-22 07:30:00;80,1;-66,91;56,379;117,6681;0,47036868
2026-05-22 07:45:00;85,97;-72,25;30,739;92,0281;0,48802683
2026-05-22 08:00:00;91,26;-66,81;58,259;119,5481;0,49015653
2026-05-22 08:15:00;96,31;-71,34;31,819;93,1081;0,50468516
2026-05-22 08:30:00;100,9;-73,09;-5,011;56,2781;0,5165903
2026-05-22 08:45:00;104,41;-72,35;-15,701;45,5881;0,5257389
2026-05-22 09:00:00;107,87;-93,19;-5,811;55,4781;0,49175307
2026-05-22 09:15:00;111,1;-98,29;-15,231;46,0581;0,4990695
2026-05-22 09:30:00;113,42;-101;-16,681;44,6081;0,50413394
2026-05-22 09:45:00;115,05;-102,83;-16,741;44,5481;0,5063514
2026-05-22 10:00:00;116,52;-98,95;-16,741;44,5481;0,48849285
2026-05-22 10:15:00;117,97;-100,46;-16,751;44,5381;0,48848987
2026-05-22 10:30:00;119,32;-104,68;-16,751;44,5381;0,48632008
2026-05-22 10:45:00;119,42;-104,66;-16,751;44,5381;0,4814818
2026-05-22 11:00:00;119,92;-107,27;-16,751;44,5381;0,4904323
2026-05-22 11:15:00;119,15;-106,77;-16,751;44,5381;0,4815625
2026-05-22 11:30:00;118,24;-108,63;-16,751;44,5381;0,47240788
2026-05-22 11:45:00;116,89;-106,95;-16,751;44,5381;0,46325588
2026-05-22 12:00:00;116,6;-107,19;-16,751;44,5381;0,45160562
2026-05-22 12:15:00;115,46;-105,31;-16,751;44,5381;0,43898672
2026-05-22 12:30:00;114,11;-104,88;-16,691;44,5981;0,42665088
2026-05-22 12:45:00;110,69;-102,06;-13,901;47,3881;0,41468662
2026-05-22 13:00:00;108,22;-97,67;-15,871;45,4181;0,39426747
2026-05-22 13:15:00;105,5;-87,82;-10,101;51,1881;0,38021636
2026-05-22 13:30:00;102,23;-83,02;-0,381;60,9081;0,3650475
2026-05-22 13:45:00;98,45;-79,16;18,759;80,0481;0,34891054
2026-05-22 14:00:00;93,72;-82,1;-5,551;55,7381;0,359497
2026-05-22 14:15:00;89,22;-80,99;27,369;88,6581;0,33574155
2026-05-22 14:30:00;84,24;-72,72;50,219;111,5081;0,31043854
2026-05-22 14:45:00;79,78;-66,48;71,149;132,4381;0,28331485
2026-05-22 15:00:00;73,04;-52,56;42,409;103,6981;0,26483744
2026-05-22 15:15:00;63,35;-40,96;57,959;119,2481;0,23455644
2026-05-22 15:30:00;59,28;-36,39;76,589;137,8781;0,2026877
2026-05-22 15:45:00;52,04;-29,9;98,249;159,5381;0,16953321
2026-05-22 16:00:00;43,82;-21,26;77,899;139,1881;0,1465129
2026-05-22 16:15:00;37,15;-12,65;100,569;161,8581;0,1140045
2026-05-22 16:30:00;31,23;-8,63;112,109;173,3981;0,08470052
2026-05-22 16:45:00;24,42;-1,48;131,869;193,1581;0,061597582
2026-05-22 17:00:00;18,43;4,23;100,439;161,7281;0,051726773
2026-05-22 17:15:00;14,12;9,5;116,799;178,0881;0,038992573
2026-05-22 17:30:00;10,31;14,91;135,309;196,5981;0,027925385
2026-05-22 17:45:00;6,74;10,59;186,119;247,4081;0,018482747
2026-05-22 18:00:00;4,6;15,42;134,749;196,0381;0,010780337
2026-05-22 18:15:00;3,73;16,86;142,029;203,3181;0,003374509
2026-05-22 18:30:00;3,29;13,11;158,249;219,5381;0,000125739
2026-05-22 18:45:00;2,49;13,33;158,249;219,5381;0
2026-05-22 19:00:00;1,63;12,92;144,179;205,4681;0
2026-05-22 19:15:00;0,96;4,48;157,889;219,1781;0
2026-05-22 19:30:00;0,24;8,67;150,299;211,5881;0
2026-05-22 19:45:00;0,06;8,58;138,749;200,0381;0
2026-05-22 20:00:00;0,07;2,39;155,839;217,1281;0
2026-05-22 20:15:00;0,06;8,71;136,209;197,4981;0
2026-05-22 20:30:00;0,05;11,32;125,169;186,4581;0
2026-05-22 20:45:00;0,06;9,72;113,549;174,8381;0
2026-05-22 21:00:00;0,06;6,03;126,939;188,2281;0
2026-05-22 21:15:00;0,06;5,7;119,979;181,2681;0
2026-05-22 21:30:00;0,06;5,18;114,719;176,0081;0
2026-05-22 21:45:00;0,07;5,57;105,639;166,9281;0
2026-05-22 22:00:00;0,06;4,76;130,659;191,9481;0
2026-05-22 22:15:00;0,06;6,16;116,929;178,2181;0
2026-05-22 22:30:00;0,06;6,02;103,969;165,2581;0
2026-05-22 22:45:00;0,06;5,16;95,419;156,7081;0
2026-05-22 23:00:00;0,06;5,62;107,859;169,1481;0
2026-05-22 23:15:00;0,06;7,92;107,149;168,4381;0
2026-05-22 23:30:00;0,06;8,23;107,529;168,8181;0
2026-05-22 23:45:00;0,06;6,07;98,949;160,2381;0
2026-05-23 00:00:00;0,06;5,97;106,679;167,9681;0
2026-05-23 00:15:00;0,06;5,52;103,249;164,5381;0
2026-05-23 00:30:00;0,06;7,99;96,869;158,1581;0
2026-05-23 00:45:00;0,06;6,65;97,269;158,5581;0
2026-05-23 01:00:00;0,06;5,49;100,119;161,4081;0
2026-05-23 01:15:00;0,06;5,85;99,629;160,9181;0
2026-05-23 01:30:00;0,06;5,77;99,609;160,8981;0
2026-05-23 01:45:00;0,06;6,04;95,749;157,0381;0
2026-05-23 02:00:00;0,06;5,17;95,929;157,2181;0
2026-05-23 02:15:00;0,06;5,47;94,319;155,6081;0
2026-05-23 02:30:00;0,05;6,04;95,689;156,9781;2,56E-06
2026-05-23 02:45:00;0,06;6,78;97,839;159,1281;0,002418726
2026-05-23 03:00:00;0,05;8,26;99,739;161,0281;0,00872572
2026-05-23 03:15:00;0,05;16,66;95,499;156,7881;0,016454512
2026-05-23 03:30:00;0,36;18,21;92,109;153,3981;0,024518967
2026-05-23 03:45:00;1,3;15,97;86,189;147,4781;0,03319233
2026-05-23 04:00:00;3,29;14,09;103,099;164,3881;0,043833654
2026-05-23 04:15:00;6,05;11,33;95,349;156,6381;0,05693625
2026-05-23 04:30:00;8,54;9,86;99,059;160,3481;0,07778281
2026-05-23 04:45:00;10,1;5,2;94,159;155,4481;0,105680905
2026-05-23 05:00:00;11,86;3,36;116,269;177,5581;0,16611451
2026-05-23 05:15:00;15,21;-1,61;90,699;151,9881;0,20186186
2026-05-23 05:30:00;20,42;-11,97;80,449;141,7381;0,24114913
2026-05-23 05:45:00;29,95;-21,75;42,239;103,5281;0,28226855
2026-05-23 06:00:00;35,48;-25,69;79,769;141,0581;0,33211038
2026-05-23 06:15:00;31,59;-15,96;42,899;104,1881;0,37390292
2026-05-23 06:30:00;36,25;-18,61;5,199;66,4881;0,41339657
2026-05-23 06:45:00;42,3;-25,64;-10,181;51,1081;0,44773102
2026-05-23 07:00:00;59,99;-44,7;-11,351;49,9381;0,45300794
2026-05-23 07:15:00;58,08;-43,52;-15,751;45,5381;0,4790024
2026-05-23 07:30:00;70,98;-55,55;-16,751;44,5381;0,504313
2026-05-23 07:45:00;73,78;-59,91;-16,751;44,5381;0,5290692
2026-05-23 08:00:00;73,46;-58,23;-16,761;44,5281;0,549165
2026-05-23 08:15:00;87,25;-72,89;-16,771;44,5181;0,57194877
2026-05-23 08:30:00;91,49;-79,36;-17,051;44,2381;0,5923875
2026-05-23 08:45:00;96,92;-80,21;-17,751;43,5381;0,6102908
2026-05-23 09:00:00;99,87;-84,13;-18,761;42,5281;0,6440087
2026-05-23 09:15:00;102,32;-85,4;-18,851;42,4381;0,65585744
2026-05-23 09:30:00;104,37;-88,67;-22,721;38,5681;0,6649521
2026-05-23 09:45:00;106,43;-89,39;-22,211;39,0781;0,671123
2026-05-23 10:00:00;108,61;-91,52;-22,731;38,5581;0,67769194
2026-05-23 10:15:00;109,87;-94,3;-26,731;34,5581;0,6798389
2026-05-23 10:30:00;110,99;-96,87;-30,231;31,0581;0,67984736
2026-05-23 10:45:00;111,36;-96,83;-36,651;24,6381;0,67761
2026-05-23 11:00:00;112,33;-98,18;-41,641;19,6481;0,6822059
2026-05-23 11:15:00;112,66;-98,38;-46,611;14,6781;0,6753313
2026-05-23 11:30:00;111,89;-95,4;-53,241;8,0481;0,6664226
2026-05-23 11:45:00;110,64;-86,22;-52,201;9,0881;0,6554254
2026-05-23 12:00:00;109,41;-85,51;-43,661;17,6281;0,6432462
2026-05-23 12:15:00;107,92;-83,83;-36,721;24,5681;0,6269278
2026-05-23 12:30:00;106,13;-88,06;-30,231;31,0581;0,6087596
2026-05-23 12:45:00;104,51;-90,52;-29,751;31,5381;0,5879926
2026-05-23 13:00:00;101,98;-88,65;-25,421;35,8681;0,56709224
2026-05-23 13:15:00;98,55;-85,28;-19,981;41,3081;0,54128015
2026-05-23 13:30:00;95,46;-82,28;-18,851;42,4381;0,5135689
2026-05-23 13:45:00;91,72;-78,01;-18,751;42,5381;0,4847512
2026-05-23 14:00:00;86,85;-74,01;-17,821;43,4681;0,4489842
2026-05-23 14:15:00;82,63;-69,14;-16,841;44,4481;0,4175828
2026-05-23 14:30:00;77,9;-63,48;-16,751;44,5381;0,38418666
2026-05-23 14:45:00;72,83;-57,36;-16,741;44,5481;0,34723106
2026-05-23 15:00:00;67,38;-51,67;-16,671;44,6181;0,30665773
2026-05-23 15:15:00;60,57;-37,25;-13,461;47,8281;0,26613486
2026-05-23 15:30:00;54,8;-31,15;31,359;92,6481;0,22484466
2026-05-23 15:45:00;48,3;-25,09;85,849;147,1381;0,18177947
2026-05-23 16:00:00;41,98;-11,41;55,329;116,6181;0,14209339
2026-05-23 16:15:00;35,38;-1,54;82,649;143,9381;0,105997846
2026-05-23 16:30:00;30;2,91;100,649;161,9381;0,07497087
2026-05-23 16:45:00;25,2;7,84;121,959;183,2481;0,05130924
2026-05-23 17:00:00;23,16;10,31;92,689;153,9781;0,04320545
2026-05-23 17:15:00;18,89;8,79;109,339;170,6281;0,033368777
2026-05-23 17:30:00;13,32;17,5;123,249;184,5381;0,025230609
2026-05-23 17:45:00;10,42;14,49;145,869;207,1581;0,017882744
2026-05-23 18:00:00;8,26;11,7;124,769;186,0581;0,013278877
2026-05-23 18:15:00;6,34;13,77;133,559;194,8481;0,004320149
2026-05-23 18:30:00;4,59;11,64;151,109;212,3981;0,00025222
2026-05-23 18:45:00;2,64;12,85;158,419;219,7081;0
2026-05-23 19:00:00;1,33;19,13;144,249;205,5381;0
2026-05-23 19:15:00;0,56;12,55;148,249;209,5381;0
2026-05-23 19:30:00;0,06;7,85;150,819;212,1081;0
2026-05-23 19:45:00;0,06;10,44;142,979;204,2681;0
2026-05-23 20:00:00;0,07;4,47;154,009;215,2981;0
2026-05-23 20:15:00;0,05;7,51;133,959;195,2481;0
2026-05-23 20:30:00;0,06;8,47;126,519;187,8081;0
2026-05-23 20:45:00;0,06;7,2;115,229;176,5181;0
2026-05-23 21:00:00;0,05;5,81;128,289;189,5781;0
2026-05-23 21:15:00;0,06;4,77;122,879;184,1681;0
2026-05-23 21:30:00;0,06;5,56;113,959;175,2481;0
2026-05-23 21:45:00;0,07;6,85;110,389;171,6781;0
2026-05-23 22:00:00;0,07;5,27;125,549;186,8381;0
2026-05-23 22:15:00;0,06;5,46;122,099;183,3881;0
2026-05-23 22:30:00;0,05;5,31;113,239;174,5281;0
2026-05-23 22:45:00;0,07;5,9;106,449;167,7381;0
2026-05-23 23:00:00;0,06;5,63;120,119;181,4081;0
2026-05-23 23:15:00;0,06;5,6;119,329;180,6181;0
2026-05-23 23:30:00;0,06;5,79;113,249;174,5381;0
2026-05-23 23:45:00;0,06;5,41;110,589;171,8781;0
2026-05-24 00:00:00;0,06;5,38;111,239;172,5281;0
2026-05-24 00:15:00;0,05;5,38;108,249;169,5381;0
2026-05-24 00:30:00;0,05;7,18;108,599;169,8881;0
2026-05-24 00:45:00;0,06;8,26;104,149;165,4381;0
2026-05-24 01:00:00;0,06;6,64;109,289;170,5781;0
2026-05-24 01:15:00;0,06;5,98;108,649;169,9381;0
2026-05-24 01:30:00;0,06;5,41;107,389;168,6781;0
2026-05-24 01:45:00;0,06;5,43;103,669;164,9581;0
2026-05-24 02:00:00;0,06;5,42;103,389;164,6781;0
2026-05-24 02:15:00;0,06;5,26;104,049;165,3381;0
2026-05-24 02:30:00;0,06;5,45;107,889;169,1781;2,11E-05
2026-05-24 02:45:00;0,06;6,46;106,959;168,2481;0,002618095
2026-05-24 03:00:00;0,05;9,17;107,579;168,8681;0,009199818
2026-05-24 03:15:00;0,05;15,89;103,249;164,5381;0,017538838
2026-05-24 03:30:00;0,05;16,63;98,409;159,6981;0,026996234
2026-05-24 03:45:00;0,35;16;96,729;158,0181;0,037373632
2026-05-24 04:00:00;1,63;16,27;102,419;163,7081;0,052512374
2026-05-24 04:15:00;3,41;17,07;104,369;165,6581;0,06647074
2026-05-24 04:30:00;5,97;15,17;95,689;156,9781;0,08617749
2026-05-24 04:45:00;8,6;11,25;108,319;169,6081;0,11116313
2026-05-24 05:00:00;10,89;8,69;137,119;198,4081;0,15799011
2026-05-24 05:15:00;15,43;2,85;136,579;197,8681;0,18842715
2026-05-24 05:30:00;20,1;-8,41;92,209;153,4981;0,22206077
2026-05-24 05:45:00;26,66;-15,44;65,249;126,5381;0,25779465
2026-05-24 06:00:00;29,91;-16,97;103,789;165,0781;0,29023457
2026-05-24 06:15:00;39,14;-26,42;-8,791;52,4981;0,32719475
2026-05-24 06:30:00;47,31;-31,61;-16,261;45,0281;0,36457688
2026-05-24 06:45:00;56,05;-42,63;-16,751;44,5381;0,39996958
2026-05-24 07:00:00;63,73;-51,27;-16,741;44,5481;0,40894014
2026-05-24 07:15:00;68,96;-56,49;-16,751;44,5381;0,43531507
2026-05-24 07:30:00;75,62;-62,71;-16,761;44,5281;0,4588643
2026-05-24 07:45:00;78,01;-67,32;-16,861;44,4281;0,4813116
2026-05-24 08:00:00;85,06;-74,2;-16,861;44,4281;0,50535333
2026-05-24 08:15:00;89,41;-76,37;-17,651;43,6381;0,5269366
2026-05-24 08:30:00;93,39;-81,74;-19,751;41,5381;0,5471827
2026-05-24 08:45:00;98,35;-86,87;-22,751;38,5381;0,56584054
2026-05-24 09:00:00;101,84;-89,97;-22,741;38,5481;0,60357434
2026-05-24 09:15:00;103,63;-92,8;-28,031;33,2581;0,616726
2026-05-24 09:30:00;105,01;-92,65;-31,111;30,1781;0,62711275
2026-05-24 09:45:00;108,31;-97,52;-40,301;20,9881;0,634848
2026-05-24 10:00:00;111,03;-100,34;-36,281;25,0081;0,64990884
2026-05-24 10:15:00;112,99;-100,57;-46,641;14,6481;0,65334964
2026-05-24 10:30:00;113,75;-101,72;-58,661;2,6281;0,65458465
2026-05-24 10:45:00;114,34;-100,35;-75,321;-14,0319;0,6535142
2026-05-24 11:00:00;114,68;-101,03;-76,551;-15,2619;0,6574991
2026-05-24 11:15:00;114,68;-101,8;-88,471;-27,1819;0,65170264
2026-05-24 11:30:00;114,12;-101,13;-101,401;-40,1119;0,643555
2026-05-24 11:45:00;113,41;-99,75;-103,121;-41,8319;0,63312525
2026-05-24 12:00:00;111,4;-98,25;-94,341;-33,0519;0,61942136
2026-05-24 12:15:00;109,64;-95,67;-86,481;-25,1919;0,60435736
2026-05-24 12:30:00;108,5;-93,27;-75,511;-14,2219;0,5871696
2026-05-24 12:45:00;102,42;-85,41;-56,691;4,5981;0,5670502
2026-05-24 13:00:00;103,75;-82,94;-62,891;-1,6019;0,5411217
2026-05-24 13:15:00;101,72;-85,49;-43,921;17,3681;0,5174307
2026-05-24 13:30:00;98,67;-86,98;-31,071;30,2181;0,49184665
2026-05-24 13:45:00;95,09;-82,56;-22,751;38,5381;0,46487367
2026-05-24 14:00:00;90,71;-78,54;-22,751;38,5381;0,42652544
2026-05-24 14:15:00;87,43;-75,25;-18,271;43,0181;0,39700523
2026-05-24 14:30:00;83,68;-70,9;-17,021;44,2681;0,3643766
2026-05-24 14:45:00;78,95;-66,66;-16,791;44,4981;0,3277786
2026-05-24 15:00:00;70,78;-52,18;-16,761;44,5281;0,28345403
2026-05-24 15:15:00;62,03;-38,6;-16,751;44,5381;0,24705341
2026-05-24 15:30:00;56,31;-33,65;-15,201;46,0881;0,21052384
2026-05-24 15:45:00;47,87;-25,37;26,949;88,2381;0,17223187
2026-05-24 16:00:00;42,34;-19,85;8,479;69,7681;0,13559206
2026-05-24 16:15:00;36,38;-13,63;63,139;124,4281;0,10489389
2026-05-24 16:30:00;32,99;-9,71;99,109;160,3981;0,078216344
2026-05-24 16:45:00;28,64;-2,23;111,289;172,5781;0,05714106
2026-05-24 17:00:00;23,28;3,79;103,169;164,4581;0,04791585
2026-05-24 17:15:00;18,84;3,86;108,989;170,2781;0,037082493
2026-05-24 17:30:00;15,07;6,37;117,279;178,5681;0,02768372
2026-05-24 17:45:00;11,8;1,97;134,979;196,2681;0,019251116
2026-05-24 18:00:00;9,45;0,76;111,209;172,4981;0,012265379
2026-05-24 18:15:00;7,66;2,27;125,849;187,1381;0,004299784
2026-05-24 18:30:00;6,16;-1,11;137,959;199,2481;0,000357511
2026-05-24 18:45:00;4,58;1,78;146,929;208,2181;0
2026-05-24 19:00:00;3,06;1,96;133,889;195,1781;0
2026-05-24 19:15:00;1,61;1,26;138,529;199,8181;0
2026-05-24 19:30:00;0,61;6,06;131,579;192,8681;0
2026-05-24 19:45:00;0,08;6,56;123,329;184,6181;0
2026-05-24 20:00:00;0,06;5,15;133,549;194,8381;0
2026-05-24 20:15:00;0,06;5,3;124,749;186,0381;0
2026-05-24 20:30:00;0,06;4,92;120,709;181,9981;0
2026-05-24 20:45:00;0,06;7,38;107,299;168,5881;0
2026-05-24 21:00:00;0,05;6,16;112,889;174,1781;0
2026-05-24 21:15:00;0,07;7,37;123,449;184,7381;0
2026-05-24 21:30:00;0,06;7,02;123,249;184,5381;0
2026-05-24 21:45:00;0,05;5,43;120,299;181,5881;0
2026-05-24 22:00:00;0,06;5,6;113,249;174,5381;0
2026-05-24 22:15:00;0,08;6,26;113,249;174,5381;0
2026-05-24 22:30:00;0,06;6,31;110,709;171,9981;0
2026-05-24 22:45:00;0,06;5,54;109,249;170,5381;0
2026-05-24 23:00:00;0,05;5,72;102,999;164,2881;0
2026-05-24 23:15:00;0,06;5,37;97,259;158,5481;0
2026-05-24 23:30:00;0,06;6,32;95,079;156,3681;0
2026-05-24 23:45:00;0,05;8,18;95,269;156,5581;0
2026-05-25 00:00:00;0,05;11,86;96,209;157,4981;0
2026-05-25 00:15:00;0,05;10,84;96,009;157,2981;0
2026-05-25 00:30:00;0,05;10,12;95,509;156,7981;0
2026-05-25 00:45:00;0,06;9,18;95,249;156,5381;0
2026-05-25 01:00:00;0,05;9,32;91,829;153,1181;0
2026-05-25 01:15:00;0,06;10,11;94,459;155,7481;0
2026-05-25 01:30:00;0,06;10,93;96,779;158,0681;0
2026-05-25 01:45:00;0,05;10,64;102,039;163,3281;0
2026-05-25 02:00:00;0,05;9,9;97,589;158,8781;0
2026-05-25 02:15:00;0,05;8,33;98,319;159,6081;0
2026-05-25 02:30:00;0,05;10,1;98,779;160,0681;6,27E-05
2026-05-25 02:45:00;0,05;10,75;103,149;164,4381;0,002981708
2026-05-25 03:00:00;0,05;9,82;100,939;162,2281;0,009953758
2026-05-25 03:15:00;0,05;11,35;103,249;164,5381;0,018341176
2026-05-25 03:30:00;0,06;11,08;103,249;164,5381;0,02750117
2026-05-25 03:45:00;0,84;9,63;105,159;166,4481;0,037318222
2026-05-25 04:00:00;2,01;13,63;110,069;171,3581;0,04511578
2026-05-25 04:15:00;3,52;15,55;106,509;167,7981;0,058864467
2026-05-25 04:30:00;5,44;11,73;101,769;163,0581;0,07926447
2026-05-25 04:45:00;7,59;9,06;91,299;152,5881;0,10565419
2026-05-25 05:00:00;11,11;5,18;111,479;172,7681;0,16023867
2026-05-25 05:15:00;15,5;-0,21;99,219;160,5081;0,19357246
2026-05-25 05:30:00;20,11;-1,48;92,329;153,6181;0,23029986
2026-05-25 05:45:00;25,45;-6,51;71,979;133,2681;0,26853973
2026-05-25 06:00:00;32,16;-24,11;106,179;167,4681;0,2985151
2026-05-25 06:15:00;39,66;-29,23;76,059;137,3481;0,33969283
2026-05-25 06:30:00;47,56;-36,27;42,799;104,0881;0,37944376
2026-05-25 06:45:00;55,15;-44,53;-10,741;50,5481;0,4146579
2026-05-25 07:00:00;62,48;-52,14;-0,021;61,2681;0,41448337
2026-05-25 07:15:00;69,19;-60,12;-13,671;47,6181;0,44000247
2026-05-25 07:30:00;75,35;-65,08;-16,561;44,7281;0,46397948
2026-05-25 07:45:00;81,31;-67,71;-16,751;44,5381;0,48767227
2026-05-25 08:00:00;87;-60,94;-16,751;44,5381;0,5105061
2026-05-25 08:15:00;91,49;-59,89;-16,761;44,5281;0,5326628
2026-05-25 08:30:00;95,58;-64,14;-16,821;44,4681;0,55288094
2026-05-25 08:45:00;99,38;-72,61;-17,281;44,0081;0,5710301
2026-05-25 09:00:00;102,81;-78,32;-17,841;43,4481;0,6030463
2026-05-25 09:15:00;106,18;-78,53;-17,751;43,5381;0,6160418
2026-05-25 09:30:00;108,93;-80,01;-16,651;44,6381;0,62635744
2026-05-25 09:45:00;111,21;-84,75;-18,361;42,9281;0,63390994
2026-05-25 10:00:00;112,86;-98,49;-14,811;46,4781;0,6527305
2026-05-25 10:15:00;114,5;-99,12;-16,651;44,6381;0,65567935
2026-05-25 10:30:00;115,47;-95,58;-15,581;45,7081;0,6564354
2026-05-25 10:45:00;115,92;-88,46;-15,161;46,1281;0,6548668
2026-05-25 11:00:00;115,82;-88,47;-23,601;37,6881;0,65633345
2026-05-25 11:15:00;115,73;-99,83;-25,221;36,0681;0,6502873
2026-05-25 11:30:00;114,77;-98,12;-33,831;27,4581;0,6419631
2026-05-25 11:45:00;114,16;-93,75;-35,441;25,8481;0,6313859
2026-05-25 12:00:00;113,23;-98,56;-20,941;40,3481;0,6214591
2026-05-25 12:15:00;111,82;-97,83;-19,351;41,9381;0,606025
2026-05-25 12:30:00;110,42;-86,07;-15,671;45,6181;0,5887772
2026-05-25 12:45:00;108,15;-79,39;-13,221;48,0681;0,56875944
2026-05-25 13:00:00;105,93;-81,18;-11,491;49,7981;0,54045326
2026-05-25 13:15:00;102,06;-78,6;-15,791;45,4981;0,5165942
2026-05-25 13:30:00;100,52;-76,34;-18,751;42,5381;0,4910158
2026-05-25 13:45:00;96,84;-75,43;-19,691;41,5981;0,46406743
2026-05-25 14:00:00;92,59;-77,05;-18,011;43,2781;0,43252596
2026-05-25 14:15:00;88,11;-69,66;-18,221;43,0681;0,4025295
2026-05-25 14:30:00;83,4;-67,74;-18,671;42,6181;0,36986262
2026-05-25 14:45:00;79,05;-65,14;-14,261;47,0281;0,33359894
2026-05-25 15:00:00;73,23;-50,96;-16,501;44,7881;0,28844774
2026-05-25 15:15:00;66,33;-42;-12,691;48,5981;0,25132647
2026-05-25 15:30:00;59,74;-32,43;-0,541;60,7481;0,21386817
2026-05-25 15:45:00;52,3;-27,79;78,409;139,6981;0,17492251
2026-05-25 16:00:00;45,52;-20,51;41,689;102,9781;0,13843277
2026-05-25 16:15:00;38,46;-13,58;68,249;129,5381;0,10641802
2026-05-25 16:30:00;31,21;-6,99;102,859;164,1481;0,07873694
2026-05-25 16:45:00;24,87;1,41;123,149;184,4381;0,057082515
2026-05-25 17:00:00;19,58;6,53;97,339;158,6281;0,04971635
2026-05-25 17:15:00;14,76;9,04;113,619;174,9081;0,038355798
2026-05-25 17:30:00;11,09;8,8;123,339;184,6281;0,02863546
2026-05-25 17:45:00;8,01;3,76;151,929;213,2181;0,020004395
2026-05-25 18:00:00;5,8;4,65;113,529;174,8181;0,013570097
2026-05-25 18:15:00;4,47;5,98;140,869;202,1581;0,005018599
2026-05-25 18:30:00;3,82;0,56;153,519;214,8081;0,000562899
2026-05-25 18:45:00;3,03;2,13;158,419;219,7081;0
2026-05-25 19:00:00;2,11;3,7;160,179;221,4681;0
2026-05-25 19:15:00;1,2;3,95;156,549;217,8381;0
2026-05-25 19:30:00;0,37;8,9;145,149;206,4381;0
2026-05-25 19:45:00;0,06;8,41;135,649;196,9381;0
2026-05-25 20:00:00;0,05;2,96;152,709;213,9981;0
2026-05-25 20:15:00;0,05;7,02;138,169;199,4581;0
2026-05-25 20:30:00;0,06;7,68;126,539;187,8281;0
2026-05-25 20:45:00;0,05;8,17;129,059;190,3481;0
2026-05-25 21:00:00;0,06;7,54;125,859;187,1481;0
2026-05-25 21:15:00;0,06;5,91;119,239;180,5281;0
2026-05-25 21:30:00;0,06;5,84;117,669;178,9581;0
2026-05-25 21:45:00;0,05;5,69;108,639;169,9281;0
2026-05-25 22:00:00;0,07;5,84;130,189;191,4781;0
2026-05-25 22:15:00;0,06;5,56;118,379;179,6681;0
2026-05-25 22:30:00;0,04;5,41;108,329;169,6181;0
2026-05-25 22:45:00;0,05;5,79;100,589;161,8781;0
2026-05-25 23:00:00;0,06;6,24;112,229;173,5181;0
2026-05-25 23:15:00;0,05;9,16;105,269;166,5581;0
2026-05-25 23:30:00;0,06;8,4;101,939;163,2281;0
2026-05-25 23:45:00;0,06;9,7;97,849;159,1381;0
2026-05-26 00:00:00;0,06;5,52;102,439;163,7281;0
2026-05-26 00:15:00;0,06;5,24;97,549;158,8381;0
2026-05-26 00:30:00;0,06;5,17;98,949;160,2381;0
2026-05-26 00:45:00;0,06;6,51;94,429;155,7181;0
2026-05-26 01:00:00;0,05;6,18;100,459;161,7481;0
2026-05-26 01:15:00;0,05;5,53;98,289;159,5781;0
2026-05-26 01:30:00;0,06;5,65;98,209;159,4981;0
2026-05-26 01:45:00;0,07;5,62;97,049;158,3381;0
2026-05-26 02:00:00;0,06;6,49;95,669;156,9581;0
2026-05-26 02:15:00;0,07;6,24;96,239;157,5281;0
2026-05-26 02:30:00;0,06;6,55;98,359;159,6481;0,000137447
2026-05-26 02:45:00;0,05;7,32;101,089;162,3781;0,003457868
2026-05-26 03:00:00;0,05;10,27;100,569;161,8581;0,010415901
2026-05-26 03:15:00;0,05;15,21;103,119;164,4081;0,017747028
2026-05-26 03:30:00;0,05;17,8;108,619;169,9081;0,025347196
2026-05-26 03:45:00;0,86;17,16;115,159;176,4481;0,033179056
2026-05-26 04:00:00;1,86;15,49;116,669;177,9581;0,044720836
2026-05-26 04:15:00;3,35;14,11;124,809;186,0981;0,057825577
2026-05-26 04:30:00;4,86;12,93;122,629;183,9181;0,0797605
2026-05-26 04:45:00;6,89;7,86;122,349;183,6381;0,10876262
2026-05-26 05:00:00;10,85;2,93;139,599;200,8881;0,17493406
2026-05-26 05:15:00;15,61;-1,18;124,489;185,7781;0,21112649
2026-05-26 05:30:00;20,35;-10,63;119,429;180,7181;0,25053814
2026-05-26 05:45:00;25,91;-18,79;99,009;160,2981;0,29145518
2026-05-26 06:00:00;32,83;-26,85;137,879;199,1681;0,32271895
2026-05-26 06:15:00;40,79;-33,92;108,149;169,4381;0,36522916
2026-05-26 06:30:00;48,71;-39,61;88,599;149,8881;0,40488836
2026-05-26 06:45:00;56,46;-43,26;76,799;138,0881;0,43929967
2026-05-26 07:00:00;64,17;-55,78;111,269;172,5581;0,44422343
2026-05-26 07:15:00;71,37;-62,01;66,159;127,4481;0,46947324
2026-05-26 07:30:00;78,48;-58,93;43,699;104,9881;0,4941826
2026-05-26 07:45:00;84,08;-60,38;-3,251;58,0381;0,51864225
2026-05-26 08:00:00;89,02;-67,24;2,429;63,7181;0,534565
2026-05-26 08:15:00;94,02;-74,11;-13,521;47,7681;0,5565973
2026-05-26 08:30:00;97,56;-77,42;-16,691;44,5981;0,57649624
2026-05-26 08:45:00;100,98;-83,81;-16,761;44,5281;0,5941674
2026-05-26 09:00:00;103,67;-86,88;-16,751;44,5381;0,6268403
2026-05-26 09:15:00;106,91;-90,19;-16,751;44,5381;0,6390377
2026-05-26 09:30:00;110,23;-92,25;-16,761;44,5281;0,6486645
2026-05-26 09:45:00;111,93;-92,07;-16,761;44,5281;0,65564305
2026-05-26 10:00:00;113,72;-93,76;-16,711;44,5781;0,67215836
2026-05-26 10:15:00;115,41;-100,1;-16,651;44,6381;0,6749748
2026-05-26 10:30:00;116,05;-101,13;-16,551;44,7381;0,6757076
2026-05-26 10:45:00;116,91;-101,51;-16,421;44,8681;0,67422456
2026-05-26 11:00:00;117,26;-97,69;-16,781;44,5081;0,67316175
2026-05-26 11:15:00;116,77;-94,49;-16,801;44,4881;0,6673941
2026-05-26 11:30:00;115,92;-101,14;-16,771;44,5181;0,6594095
2026-05-26 11:45:00;115;-99,83;-16,771;44,5181;0,64927065
2026-05-26 12:00:00;113,57;-99,32;-17,161;44,1281;0,6390852
2026-05-26 12:15:00;111,62;-98,15;-16,911;44,3781;0,62406933
2026-05-26 12:30:00;109,81;-94,24;-17,001;44,2881;0,60748327
2026-05-26 12:45:00;107,97;-92,36;-16,811;44,4781;0,5881633
2026-05-26 13:00:00;106,05;-91,85;-16,781;44,5081;0,56316924
2026-05-26 13:15:00;103,18;-88,57;-16,761;44,5281;0,53912437
2026-05-26 13:30:00;100,26;-85,98;-16,761;44,5281;0,5128806
2026-05-26 13:45:00;96,41;-82,03;-16,741;44,5481;0,48535
2026-05-26 14:00:00;91,91;-78,82;-16,751;44,5381;0,45195055
2026-05-26 14:15:00;88,49;-71,65;-15,861;45,4281;0,42144695
2026-05-26 14:30:00;83,45;-64,49;-11,691;49,5981;0,3886901
2026-05-26 14:45:00;78,83;-61,46;26,029;87,3181;0,35211155
2026-05-26 15:00:00;73,49;-48,53;-8,651;52,6381;0,30423
2026-05-26 15:15:00;66,67;-42,14;57,939;119,2281;0,2647485
2026-05-26 15:30:00;59,7;-33,65;97,309;158,5981;0,22479074
2026-05-26 15:45:00;52,57;-25,6;116,409;177,6981;0,18300256
2026-05-26 16:00:00;45,7;-21,86;70,729;132,0181;0,14646228
2026-05-26 16:15:00;38,71;-15,42;99,869;161,1581;0,11013124
2026-05-26 16:30:00;31,55;-10,63;126,339;187,6281;0,07889055
2026-05-26 16:45:00;24,75;-1,09;160,309;221,5981;0,054555617
2026-05-26 17:00:00;19,07;5,21;101,499;162,7881;0,046774384
2026-05-26 17:15:00;14,38;7,82;127,349;188,6381;0,036457423
2026-05-26 17:30:00;10,51;6,57;161,959;223,2481;0,028154107
2026-05-26 17:45:00;7,3;-0,64;234,149;295,4381;0,020505127
2026-05-26 18:00:00;5,09;0,73;169,229;230,5181;0,015900023
2026-05-26 18:15:00;4;2,39;194,719;256,0081;0,006301304
2026-05-26 18:30:00;3,44;3,19;192,569;253,8581;0,000888749
2026-05-26 18:45:00;2,75;1,32;184,469;245,7581;0
2026-05-26 19:00:00;1,95;2,29;189,089;250,3781;0
2026-05-26 19:15:00;1,09;6,16;165,319;226,6081;0
2026-05-26 19:30:00;0,3;7,09;154,629;215,9181;0
2026-05-26 19:45:00;0,05;7,3;135,959;197,2481;0
2026-05-26 20:00:00;0,06;5,84;162,849;224,1381;0
2026-05-26 20:15:00;0,07;6,49;137,369;198,6581;0
2026-05-26 20:30:00;0,05;5,66;131,049;192,3381;0
2026-05-26 20:45:00;0,05;5,18;117,679;178,9681;0
2026-05-26 21:00:00;0,06;3,13;126,869;188,1581;0
2026-05-26 21:15:00;0,06;3,86;121,639;182,9281;0
2026-05-26 21:30:00;0,06;5,79;113,149;174,4381;0
2026-05-26 21:45:00;0,06;5,22;98,859;160,1481;0
2026-05-26 22:00:00;0,06;3,38;123,859;185,1481;0
2026-05-26 22:15:00;0,06;4,06;119,099;180,3881;0
2026-05-26 22:30:00;0,06;3,09;116,519;177,8081;0
2026-05-26 22:45:00;0,06;3,86;113,879;175,1681;0
2026-05-26 23:00:00;0,06;5,39;117,749;179,0381;0
2026-05-26 23:15:00;0,06;5,3;112,359;173,6481;0
2026-05-26 23:30:00;0,06;3,6;110,969;172,2581;0
2026-05-26 23:45:00;0,06;3,78;105,239;166,5281;0
2026-05-27 00:00:00;0,05;4,43;106,139;167,4281;0
2026-05-27 00:15:00;0,06;4,67;104,399;165,6881;0
2026-05-27 00:30:00;0,05;5,89;102,999;164,2881;0
2026-05-27 00:45:00;0,05;6,77;101,079;162,3681;0
2026-05-27 01:00:00;0,04;5,04;101,079;162,3681;0
2026-05-27 01:15:00;0,06;3,67;99,709;160,9981;0
2026-05-27 01:30:00;0,06;4,32;99,289;160,5781;0
2026-05-27 01:45:00;0,06;3,56;95,419;156,7081;0
2026-05-27 02:00:00;0,06;4,72;96,919;158,2081;0
2026-05-27 02:15:00;0,06;6,03;98,079;159,3681;0
2026-05-27 02:30:00;0,06;6,71;98,589;159,8781;0,000232349
2026-05-27 02:45:00;0,06;7,94;100,049;161,3381;0,003933285
2026-05-27 03:00:00;0,06;7,99;96,129;157,4181;0,011040556
2026-05-27 03:15:00;0,06;11,36;98,479;159,7681;0,017998258
2026-05-27 03:30:00;0,05;16,17;104,329;165,6181;0,025205875
2026-05-27 03:45:00;0,85;16,79;109,759;171,0481;0,03263957
2026-05-27 04:00:00;2;15,45;108,029;169,3181;0,04435368
2026-05-27 04:15:00;3,55;11,54;116,679;177,9681;0,057715587
2026-05-27 04:30:00;5,34;9,86;117,389;178,6781;0,08120258
2026-05-27 04:45:00;7,42;8,53;113,459;174,7481;0,11222371
2026-05-27 05:00:00;10,8;2,29;127,119;188,4081;0,17937401
2026-05-27 05:15:00;15,02;-0,97;120,689;181,9781;0,21762708
2026-05-27 05:30:00;19,27;-5,68;109,279;170,5681;0,25901428
2026-05-27 05:45:00;24,19;-15,92;94,959;156,2481;0,30150688
2026-05-27 06:00:00;32,06;-23,73;124,419;185,7081;0,3393207
2026-05-27 06:15:00;38,66;-28,67;98,109;159,3981;0,37944117
2026-05-27 06:30:00;46,03;-38,44;81,569;142,8581;0,41641662
2026-05-27 06:45:00;52,89;-47,04;53,239;114,5281;0,44868654
2026-05-27 07:00:00;60,21;-53,95;86,919;148,2081;0,44743252
2026-05-27 07:15:00;67,17;-58,21;51,139;112,4281;0,47341603
2026-05-27 07:30:00;75,12;-60,45;1,309;62,5981;0,49920902
2026-05-27 07:45:00;80,19;-61,66;-12,961;48,3281;0,5251518
2026-05-27 08:00:00;85,03;-60,79;-5,751;55,5381;0,5476089
2026-05-27 08:15:00;91,3;-69,28;-13,821;47,4681;0,5710228
2026-05-27 08:30:00;94,5;-71,97;-16,141;45,1481;0,5917129
2026-05-27 08:45:00;98,79;-77,22;-16,221;45,0681;0,60950106
2026-05-27 09:00:00;102,55;-91,12;-16,341;44,9481;0,6346482
2026-05-27 09:15:00;105,25;-92,27;-16,521;44,7681;0,64642996
2026-05-27 09:30:00;107,98;-91,02;-16,681;44,6081;0,65561724
2026-05-27 09:45:00;110,4;-89,01;-17,041;44,2481;0,6623732
2026-05-27 10:00:00;112,14;-91;-17,041;44,2481;0,6700244
2026-05-27 10:15:00;113,45;-92,29;-17,111;44,1781;0,6730957
2026-05-27 10:30:00;114,07;-92,73;-17,081;44,2081;0,67399246
2026-05-27 10:45:00;114,89;-104,04;-17,011;44,2781;0,6726816
2026-05-27 11:00:00;114,99;-103,9;-16,991;44,2981;0,6731353
2026-05-27 11:15:00;114,87;-103,5;-16,981;44,3081;0,6675723
2026-05-27 11:30:00;114,17;-105,95;-16,891;44,3981;0,6596802
2026-05-27 11:45:00;113,66;-102,98;-16,891;44,3981;0,64943194
2026-05-27 12:00:00;112,32;-98,64;-17,171;44,1181;0,6368138
2026-05-27 12:15:00;107,47;-88,77;-17,001;44,2881;0,62061644
2026-05-27 12:30:00;108,87;-88,84;-17,361;43,9281;0,6020557
2026-05-27 12:45:00;107,47;-95,06;-17,421;43,8681;0,5804585
2026-05-27 13:00:00;101,52;-88,38;-17,421;43,8681;0,55788904
2026-05-27 13:15:00;84,79;-70,98;-17,511;43,7781;0,53267694
2026-05-27 13:30:00;104,05;-90,76;-17,441;43,8481;0,50621456
2026-05-27 13:45:00;94,77;-81,95;-16,611;44,6781;0,47872362
2026-05-27 14:00:00;91,99;-79,77;-17,401;43,8881;0,44534898
2026-05-27 14:15:00;87,28;-74,2;-15,951;45,3381;0,4154507
2026-05-27 14:30:00;82,1;-67,9;-13,491;47,7981;0,38372624
2026-05-27 14:45:00;74,65;-59,6;-4,921;56,3681;0,34784856
2026-05-27 15:00:00;71,31;-56,61;-13,841;47,4481;0,30375344
2026-05-27 15:15:00;65,59;-43,92;-5,291;55,9981;0,26363152
2026-05-27 15:30:00;58,55;-35,98;23,919;85,2081;0,2234138
2026-05-27 15:45:00;51,45;-29,84;65,989;127,2781;0,18230665
2026-05-27 16:00:00;46,48;-25,21;22,029;83,3181;0,14560501
2026-05-27 16:15:00;38,15;-14,88;69,459;130,7481;0,11060641
2026-05-27 16:30:00;31,45;-7,13;99,059;160,3481;0,08043289
2026-05-27 16:45:00;25,37;-5,81;124,459;185,7481;0,05646809
2026-05-27 17:00:00;20,15;3,81;90,319;151,6081;0,04918577
2026-05-27 17:15:00;15,52;3,75;117,459;178,7481;0,038365442
2026-05-27 17:30:00;11,82;6,4;128,739;190,0281;0,029701397
2026-05-27 17:45:00;8,91;5,23;136,239;197,5281;0,021723434
2026-05-27 18:00:00;6,79;7,39;119,689;180,9781;0,016618097
2026-05-27 18:15:00;5,23;4,22;128,689;189,9781;0,006982851
2026-05-27 18:30:00;4,2;1,08;139,629;200,9181;0,001187307
2026-05-27 18:45:00;3,22;2,67;145,589;206,8781;0
2026-05-27 19:00:00;2,25;1,55;144,669;205,9581;0
2026-05-27 19:15:00;1,32;1,92;141,259;202,5481;0
2026-05-27 19:30:00;0,51;3,25;135,999;197,2881;0
2026-05-27 19:45:00;0,06;7,41;126,809;188,0981;0
2026-05-27 20:00:00;0,06;5,97;135,119;196,4081;0
2026-05-27 20:15:00;0,06;6,01;126,559;187,8481;0
2026-05-27 20:30:00;0,06;5,63;123,399;184,6881;0
2026-05-27 20:45:00;0,06;4,79;117,279;178,5681;0
2026-05-27 21:00:00;0,06;4,94;120,589;181,8781;0
2026-05-27 21:15:00;0,05;3,24;115,109;176,3981;0
2026-05-27 21:30:00;0,05;4,8;112,449;173,7381;0
2026-05-27 21:45:00;0,05;3,62;109,329;170,6181;0
2026-05-27 22:00:00;0,06;4,14;116,679;177,9681;0
2026-05-27 22:15:00;0,06;7,27;110,989;172,2781;0
2026-05-27 22:30:00;0,06;5,32;108,799;170,0881;0
2026-05-27 22:45:00;0,06;3,25;107,839;169,1281;0
2026-05-27 23:00:00;0,06;4,34;113,019;174,3081;0
2026-05-27 23:15:00;0,06;4,19;107,169;168,4581;0
2026-05-27 23:30:00;0,06;7,05;106,599;167,8881;0
2026-05-27 23:45:00;0,06;12,88;104,439;165,7281;0
2026-05-28 00:00:00;0,06;12,04;106,499;167,7881;0
2026-05-28 00:15:00;0,06;10,64;104,579;165,8681;0
2026-05-28 00:30:00;0,06;10,45;103,939;165,2281;0
2026-05-28 00:45:00;0,06;10,36;99,699;160,9881;0
2026-05-28 01:00:00;0,06;10,71;99,879;161,1681;0
2026-05-28 01:15:00;0,06;10,43;101,059;162,3481;0
2026-05-28 01:30:00;0,06;9,75;102,649;163,9381;0
2026-05-28 01:45:00;0,06;9;102,339;163,6281;0
2026-05-28 02:00:00;0,06;8,66;101,699;162,9881;0
2026-05-28 02:15:00;0,06;9,37;104,389;165,6781;0
2026-05-28 02:30:00;0,06;11,14;108,799;170,0881;0,000324283
2026-05-28 02:45:00;0,05;7,51;112,659;173,9481;0,004198368
2026-05-28 03:00:00;0,06;6,17;109,349;170,6381;0,011619286
2026-05-28 03:15:00;0,04;7,74;112,609;173,8981;0,019197356
2026-05-28 03:30:00;0,08;9,01;116,509;177,7981;0,027377244
2026-05-28 03:45:00;0,93;7,74;117,229;178,5181;0,035994455
2026-05-28 04:00:00;1,87;6,88;124,489;185,7781;0,04768968
2026-05-28 04:15:00;3,16;14,81;130,049;191,3381;0,061112273
2026-05-28 04:30:00;4,85;11,93;127,099;188,3881;0,083308324
2026-05-28 04:45:00;6,85;9,81;125,509;186,7981;0,112223044
2026-05-28 05:00:00;10,53;5,12;133,179;194,4681;0,16520177
2026-05-28 05:15:00;15,07;0,4;126,739;188,0281;0,20068485
2026-05-28 05:30:00;19,97;-5,2;118,199;179,4881;0,23882726
2026-05-28 05:45:00;25,58;-11,85;100,279;161,5681;0,27780163
2026-05-28 06:00:00;32,16;-25,36;125,279;186,5681;0,31560284
2026-05-28 06:15:00;39,76;-31,58;112,809;174,0981;0,3524732
2026-05-28 06:30:00;47,71;-39,46;102,259;163,5481;0,38665074
2026-05-28 06:45:00;55,52;-49,1;78,769;140,0581;0,41727304
2026-05-28 07:00:00;63,12;-56,71;105,399;166,6881;0,4134292
2026-05-28 07:15:00;70,17;-53,21;74,379;135,6681;0,43672416
2026-05-28 07:30:00;76,48;-59,59;58,079;119,3681;0,4589363
2026-05-28 07:45:00;82,14;-64,35;35,599;96,8881;0,48094866
2026-05-28 08:00:00;87,19;-74,74;34,329;95,6181;0,52096885
2026-05-28 08:15:00;92,08;-79,07;1,319;62,6081;0,540601
2026-05-28 08:30:00;96,06;-83,95;-10,431;50,8581;0,559398
2026-05-28 08:45:00;99,56;-88,21;-14,241;47,0481;0,5773357
2026-05-28 09:00:00;103,99;-91,25;-15,191;46,0981;0,61693287
2026-05-28 09:15:00;106,76;-96,33;-16,051;45,2381;0,62919503
2026-05-28 09:30:00;109,71;-99,22;-16,741;44,5481;0,63860905
2026-05-28 09:45:00;111,86;-101,3;-16,751;44,5381;0,6451565
2026-05-28 10:00:00;113,97;-100,18;-16,691;44,5981;0,6545522
2026-05-28 10:15:00;114,96;-104,33;-16,741;44,5481;0,6564699
2026-05-28 10:30:00;115,67;-104,42;-16,751;44,5381;0,65681046
2026-05-28 10:45:00;116,19;-104,78;-16,741;44,5481;0,65548664
2026-05-28 11:00:00;116,18;-102,17;-16,741;44,5481;0,66328216
2026-05-28 11:15:00;116,03;-103,13;-16,741;44,5481;0,656667
2026-05-28 11:30:00;115,34;-100,11;-16,751;44,5381;0,64783925
2026-05-28 11:45:00;114,63;-100,53;-16,741;44,5481;0,6368094
2026-05-28 12:00:00;113,44;-100,27;-16,741;44,5481;0,62559676
2026-05-28 12:15:00;111,61;-97,98;-16,751;44,5381;0,6085916
2026-05-28 12:30:00;109,69;-95,63;-16,741;44,5481;0,59001124
2026-05-28 12:45:00;107,83;-94,42;-16,731;44,5581;0,56922454
2026-05-28 13:00:00;105,55;-90,2;-16,741;44,5481;0,5468734
2026-05-28 13:15:00;102,61;-85,67;-16,741;44,5481;0,5226568
2026-05-28 13:30:00;99,04;-85,93;-15,911;45,3781;0,49715102
2026-05-28 13:45:00;95,03;-82,5;-12,411;48,8781;0,47048545
2026-05-28 14:00:00;90,55;-76,43;-13,911;47,3781;0,43510243
2026-05-28 14:15:00;86,2;-72,68;-6,751;54,5381;0,40635622
2026-05-28 14:30:00;82,15;-68,29;29,039;90,3281;0,3750138
2026-05-28 14:45:00;77,62;-57,76;69,179;130,4681;0,33927107
2026-05-28 15:00:00;71,9;-47,96;44,669;105,9581;0,29599258
2026-05-28 15:15:00;65,23;-41,42;69,079;130,3681;0,25765187
2026-05-28 15:30:00;58,41;-34,41;87,999;149,2881;0,219326
2026-05-28 15:45:00;51,73;-27,43;113,839;175,1281;0,17995885
2026-05-28 16:00:00;45,02;-19,39;88,949;150,2381;0,142753
2026-05-28 16:15:00;37,65;-13,78;108,529;169,8181;0,1104603
2026-05-28 16:30:00;33,23;-12,99;130,529;191,8181;0,08248248
2026-05-28 16:45:00;25,84;-6,37;148,549;209,8381;0,060066696
2026-05-28 17:00:00;19,58;1,52;114,329;175,6181;0,05242778
2026-05-28 17:15:00;15,38;2,4;151,719;213,0081;0,041279048
2026-05-28 17:30:00;11,67;3,19;175,059;236,3481;0,031742577
2026-05-28 17:45:00;8,88;-1;291,079;352,3681;0,02301356
2026-05-28 18:00:00;6,72;3,58;227,919;289,2081;0,016905194
2026-05-28 18:15:00;5;0,62;327,569;388,8581;0,007355204
2026-05-28 18:30:00;3,08;1,31;428,889;490,1781;0,001412236
2026-05-28 18:45:00;1,92;2,33;428,249;489,5381;0
2026-05-28 19:00:00;1,25;3,64;402,479;463,7681;0
2026-05-28 19:15:00;0,71;3,69;409,839;471,1281;0
2026-05-28 19:30:00;0,21;4,92;334,779;396,0681;0
2026-05-28 19:45:00;0,06;9,4;213,269;274,5581;0
2026-05-28 20:00:00;0,06;7,85;284,159;345,4481;0
2026-05-28 20:15:00;0,06;9,18;186,909;248,1981;0
2026-05-28 20:30:00;0,06;10,89;152,559;213,8481;0
2026-05-28 20:45:00;0,06;9,31;139,139;200,4281;0
2026-05-28 21:00:00;0,06;6,78;150,929;212,2181;0
2026-05-28 21:15:00;0,06;4,65;145,449;206,7381;0
2026-05-28 21:30:00;0,06;4,84;136,309;197,5981;0
2026-05-28 21:45:00;0,06;5,05;125,429;186,7181;0
2026-05-28 22:00:00;0,06;4,9;142,569;203,8581;0
2026-05-28 22:15:00;0,06;7;132,999;194,2881;0
2026-05-28 22:30:00;0,06;7,33;118,989;180,2781;0
2026-05-28 22:45:00;0,06;5,05;110,079;171,3681;0
2026-05-28 23:00:00;0,06;5,38;125,809;187,0981;0
2026-05-28 23:15:00;0,06;6,63;118,869;180,1581;0
2026-05-28 23:30:00;0,06;5,1;112,569;173,8581;0
2026-05-28 23:45:00;0,06;5,13;107,179;168,4681;0
2026-05-29 00:00:00;0,06;5,16;111,719;173,0081;0
2026-05-29 00:15:00;0,06;4,22;109,569;170,8581;0
2026-05-29 00:30:00;0,06;5,16;109,289;170,5781;0
2026-05-29 00:45:00;0,06;5,76;107,979;169,2681;0
2026-05-29 01:00:00;0,06;5,29;108,899;170,1881;0
2026-05-29 01:15:00;0,06;4,67;107,779;169,0681;0
2026-05-29 01:30:00;0,06;5,07;106,809;168,0981;0
2026-05-29 01:45:00;0,06;7,23;104,189;165,4781;0
2026-05-29 02:00:00;0,06;7,65;104,599;165,8881;0
2026-05-29 02:15:00;0,06;5,89;105,149;166,4381;0
2026-05-29 02:30:00;0,06;7,3;105,459;166,7481;0,000448456
2026-05-29 02:45:00;0,06;6,75;106,629;167,9181;0,004548789
2026-05-29 03:00:00;0,06;7,78;105,989;167,2781;0,012059662
2026-05-29 03:15:00;0,06;11,95;106,509;167,7981;0,019620005
2026-05-29 03:30:00;0,07;16,9;106,509;167,7981;0,027805913
2026-05-29 03:45:00;0,78;16,25;109,379;170,6681;0,03639781
2026-05-29 04:00:00;1,98;15,03;113,769;175,0581;0,043516297
2026-05-29 04:15:00;2,8;13,61;117,999;179,2881;0,057084247
2026-05-29 04:30:00;3,96;11,94;114,419;175,7081;0,07940307
2026-05-29 04:45:00;5,42;9,42;109,609;170,8981;0,10838787
2026-05-29 05:00:00;12,45;1,59;120,209;181,4981;0,17257988
2026-05-29 05:15:00;17,62;-2,34;113,349;174,6381;0,2081249
2026-05-29 05:30:00;20,44;-4,86;108,219;169,5081;0,2468726
2026-05-29 05:45:00;25,48;-16,42;95,199;156,4881;0,28686917
2026-05-29 06:00:00;22,28;-13,8;117,459;178,7481;0,32385102
2026-05-29 06:15:00;26,86;-19,1;103,319;164,6081;0,36238465
2026-05-29 06:30:00;38,12;-31,23;90,249;151,5381;0,3992644
2026-05-29 06:45:00;39,32;-33,28;98,249;159,5381;0,43277696
2026-05-29 07:00:00;43,4;-36,24;118,689;179,9781;0,43386927
2026-05-29 07:15:00;66,16;-57,69;99,649;160,9381;0,4592111
2026-05-29 07:30:00;35,22;-18,96;93,249;154,5381;0,4833035
2026-05-29 07:45:00;43,33;-27,74;41,649;102,9381;0,50744396
2026-05-29 08:00:00;67,95;-51,51;41,239;102,5281;0,54195184
2026-05-29 08:15:00;89,96;-75,02;1,179;62,4681;0,5645999
2026-05-29 08:30:00;93,64;-75,34;-4,181;57,1081;0,585136
2026-05-29 08:45:00;94,75;-77,08;-10,991;50,2981;0,6030338
2026-05-29 09:00:00;100,2;-81,16;-6,751;54,5381;0,62737757
2026-05-29 09:15:00;93,23;-75,73;-13,151;48,1381;0,63949144
2026-05-29 09:30:00;95,87;-79;-15,041;46,2481;0,6487863
2026-05-29 09:45:00;99,42;-82,59;-14,921;46,3681;0,65532327
2026-05-29 10:00:00;108,09;-89,92;-14,861;46,4281;0,6670812
2026-05-29 10:15:00;104,45;-76,56;-15,521;45,7681;0,6694311
2026-05-29 10:30:00;106,39;-72,38;-15,531;45,7581;0,6695902
2026-05-29 10:45:00;103,67;-81,78;-16,071;45,2181;0,6674865
2026-05-29 11:00:00;105,32;-86,97;-15,611;45,6781;0,67016286
2026-05-29 11:15:00;98,89;-84,5;-16,351;44,9381;0,6634312
2026-05-29 11:30:00;88,48;-74,04;-16,571;44,7181;0,6539408
2026-05-29 11:45:00;86,29;-72,25;-16,711;44,5781;0,6417364
2026-05-29 12:00:00;91,9;-77,51;-14,801;46,4881;0,6289505
2026-05-29 12:15:00;63,71;-49,05;-14,931;46,3581;0,61116755
2026-05-29 12:30:00;80,4;-66,79;-15,021;46,2681;0,59105057
2026-05-29 12:45:00;78,37;-64,9;-15,341;45,9481;0,5680268
2026-05-29 13:00:00;86,61;-73,02;-15,911;45,3781;0,54405993
2026-05-29 13:15:00;80,49;-67;-14,641;46,6481;0,51802313
2026-05-29 13:30:00;69,95;-56,97;0,709;61,9981;0,49143925
2026-05-29 13:45:00;49,96;-37,11;48,289;109,5781;0,46405476
2026-05-29 14:00:00;40,81;-26,8;-11,481;49,8081;0,4373106
2026-05-29 14:15:00;55,62;-43,13;63,249;124,5381;0,40585166
2026-05-29 14:30:00;50,83;-34,96;141,849;203,1381;0,3719504
2026-05-29 14:45:00;41,85;-32,09;178,089;239,3781;0,33399495
2026-05-29 15:00:00;29,53;-11,38;81,059;142,3481;0,29141006
2026-05-29 15:15:00;24,9;-1,55;80,939;142,2281;0,25252113
2026-05-29 15:30:00;20,15;1,7;90,009;151,2981;0,2145499
2026-05-29 15:45:00;17,49;4,71;118,029;179,3181;0,17692329
2026-05-29 16:00:00;13,66;10,5;89,089;150,3781;0,14489684
2026-05-29 16:15:00;15,03;6,29;107,779;169,0681;0,11354682
2026-05-29 16:30:00;13,52;9,06;122,369;183,6581;0,086490795
2026-05-29 16:45:00;7,64;11,48;143,629;204,9181;0,06457896
2026-05-29 17:00:00;4,69;18,02;124,469;185,7581;0,05496359
2026-05-29 17:15:00;12,95;8,49;143,859;205,1481;0,043491643
2026-05-29 17:30:00;10,4;3,49;161,159;222,4481;0,033425916
2026-05-29 17:45:00;8,94;-2,76;181,109;242,3981;0,024147931
2026-05-29 18:00:00;10,62;2,42;155,879;217,1681;0,016090486
2026-05-29 18:15:00;6,56;6,24;162,579;223,8681;0,007425205
2026-05-29 18:30:00;3,35;2,34;175,139;236,4281;0,001590002
2026-05-29 18:45:00;3,7;1,19;197,149;258,4381;0
2026-05-29 19:00:00;2,91;2,39;183,429;244,7181;0
2026-05-29 19:15:00;1,47;3,11;169,319;230,6081;0
2026-05-29 19:30:00;0,71;7,06;162,849;224,1381;0
2026-05-29 19:45:00;0,42;7,34;145,399;206,6881;0
2026-05-29 20:00:00;0,07;6,86;161,969;223,2581;0
2026-05-29 20:15:00;0,05;5,97;145,209;206,4981;0
2026-05-29 20:30:00;0,05;6,86;138,489;199,7781;0
2026-05-29 20:45:00;0,06;5,32;126,989;188,2781;0
2026-05-29 21:00:00;0,06;3,11;136,239;197,5281;0
2026-05-29 21:15:00;0,05;2,72;133,959;195,2481;0
2026-05-29 21:30:00;0,06;2,87;128,099;189,3881;0
2026-05-29 21:45:00;0,05;2,7;119,699;180,9881;0
2026-05-29 22:00:00;0,06;2,96;133,119;194,4081;0
2026-05-29 22:15:00;0,06;2,85;121,019;182,3081;0
2026-05-29 22:30:00;0,06;4,25;115,679;176,9681;0
2026-05-29 22:45:00;0,05;5,44;111,029;172,3181;0
2026-05-29 23:00:00;0,06;4,09;114,269;175,5581;0
2026-05-29 23:15:00;0,06;3,74;110,219;171,5081;0
2026-05-29 23:30:00;0,05;3,78;108,269;169,5581;0
2026-05-29 23:45:00;0,06;3,24;106,389;167,6781;0
2026-05-30 00:00:00;0,06;4,28;106,969;168,2581;0
2026-05-30 00:15:00;0,06;3,63;105,399;166,6881;0
2026-05-30 00:30:00;0,06;3,28;104,839;166,1281;0
2026-05-30 00:45:00;0,06;6,03;99,669;160,9581;0
2026-05-30 01:00:00;0,06;4,75;103,529;164,8181;0
2026-05-30 01:15:00;0,06;6,96;99,699;160,9881;0
2026-05-30 01:30:00;0,06;8,07;98,579;159,8681;0
2026-05-30 01:45:00;0,06;6,13;100,799;162,0881;0
2026-05-30 02:00:00;0,06;7,43;102,659;163,9481;0
2026-05-30 02:15:00;0,06;6,32;103,249;164,5381;0
2026-05-30 02:30:00;0,06;6,35;104,039;165,3281;0,000512851
2026-05-30 02:45:00;0,05;5,17;105,099;166,3881;0,004367642
2026-05-30 03:00:00;0,05;6,47;108,249;169,5381;0,01189583
2026-05-30 03:15:00;0,06;7,58;104,329;165,6181;0,021214707
2026-05-30 03:30:00;0,06;14,85;103,379;164,6681;0,032409284
2026-05-30 03:45:00;0,14;17,16;100,159;161,4481;0,044862326
2026-05-30 04:00:00;1,14;15,6;104,399;165,6881;0,054274127
2026-05-30 04:15:00;2,07;16,6;101,259;162,5481;0,06905709
2026-05-30 04:30:00;2,59;14,15;99,759;161,0481;0,08784449
2026-05-30 04:45:00;2,7;13,57;91,999;153,2881;0,109866165
2026-05-30 05:00:00;4,94;8,3;98,669;159,9581;0,14715256
2026-05-30 05:15:00;15,61;-1,92;95,639;156,9281;0,17261675
2026-05-30 05:30:00;20,32;-6,73;93,099;154,3881;0,19970863
2026-05-30 05:45:00;23,54;-11,41;76,379;137,6681;0,22764976
2026-05-30 06:00:00;24,99;-19,15;103,729;165,0181;0,25727373
2026-05-30 06:15:00;47,1;-41,16;84,849;146,1381;0,2839273
2026-05-30 06:30:00;24,18;-16,85;66,609;127,8981;0,3100507
2026-05-30 06:45:00;39,31;-32,24;42,219;103,5081;0,33520108
2026-05-30 07:00:00;64,15;-49,05;63,999;125,2881;0,36242086
2026-05-30 07:15:00;58,47;-38,93;27,339;88,6281;0,38405812
2026-05-30 07:30:00;74,11;-58,77;-0,541;60,7481;0,4040602
2026-05-30 07:45:00;54,74;-41,82;-9,151;52,1381;0,42323533
2026-05-30 08:00:00;90,33;-77,39;-6,761;54,5281;0,47040594
2026-05-30 08:15:00;78,59;-66,41;-15,001;46,2881;0,48395744
2026-05-30 08:30:00;95,31;-80,51;-16,651;44,6381;0,49550858
2026-05-30 08:45:00;100,76;-84,47;-16,751;44,5381;0,50468
2026-05-30 09:00:00;111,11;-95,42;-16,751;44,5381;0,5386446
2026-05-30 09:15:00;82,7;-70,29;-16,751;44,5381;0,5422073
2026-05-30 09:30:00;93,83;-83,63;-16,761;44,5281;0,5418615
2026-05-30 09:45:00;118,01;-105,9;-16,761;44,5281;0,5367682
2026-05-30 10:00:00;112,92;-101,14;-16,761;44,5281;0,56492937
2026-05-30 10:15:00;113,25;-101,01;-16,751;44,5381;0,55092627
2026-05-30 10:30:00;114,75;-102,72;-16,751;44,5381;0,53494716
2026-05-30 10:45:00;107,34;-94,44;-16,741;44,5481;0,5159648
2026-05-30 11:00:00;112,31;-98,8;-16,511;44,7781;0,51259077
2026-05-30 11:15:00;117,02;-104,49;-16,531;44,7581;0,48656595
2026-05-30 11:30:00;108,41;-95,78;-16,511;44,7781;0,4616441
2026-05-30 11:45:00;110,97;-98,24;-16,361;44,9281;0,4380246
2026-05-30 12:00:00;111,24;-97,66;-16,611;44,6781;0,43298754
2026-05-30 12:15:00;108,98;-86,14;-16,681;44,6081;0,40436345
2026-05-30 12:30:00;109,04;-88;-16,741;44,5481;0,38021794
2026-05-30 12:45:00;106,17;-90,7;-16,841;44,4481;0,36049542
2026-05-30 13:00:00;95,34;-73,66;-16,771;44,5181;0,3608791
2026-05-30 13:15:00;102,14;-83,14;-16,761;44,5281;0,33720013
2026-05-30 13:30:00;97,83;-81,17;-16,761;44,5281;0,31505272
2026-05-30 13:45:00;93,46;-76,43;-16,751;44,5381;0,29360247
2026-05-30 14:00:00;88,46;-72,85;-16,751;44,5381;0,28504905
2026-05-30 14:15:00;84,46;-70,23;-16,751;44,5381;0,25476184
2026-05-30 14:30:00;77,8;-55,46;-16,241;45,0481;0,22595473
2026-05-30 14:45:00;63,55;-34,02;-5,231;56,0581;0,19871682
2026-05-30 15:00:00;57,62;-22,34;-8,311;52,9781;0,14840227
2026-05-30 15:15:00;64,12;-28,92;26,729;88,0181;0,13269107
2026-05-30 15:30:00;32,31;-3,55;60,319;121,6081;0,11831212
2026-05-30 15:45:00;38,43;-13,06;73,589;134,8781;0,105470076
2026-05-30 16:00:00;39,25;-14,45;72,449;133,7381;0,098919354
2026-05-30 16:15:00;31,73;-7,36;76,129;137,4181;0,08797015
2026-05-30 16:30:00;28,67;-5,17;94,139;155,4281;0,076707475
2026-05-30 16:45:00;25,79;-5,6;105,799;167,0881;0,06535623
2026-05-30 17:00:00;22,2;-1,57;98,279;159,5681;0,055104498
2026-05-30 17:15:00;20,46;-0,23;109,789;171,0781;0,043262012
2026-05-30 17:30:00;20,59;-1,9;122,359;183,6481;0,03145045
2026-05-30 17:45:00;19,68;-6,62;134,069;195,3581;0,02086305
2026-05-30 18:00:00;16,82;-4,39;117,379;178,6681;0,011253363
2026-05-30 18:15:00;14,43;-2,2;130,739;192,0281;0,004955112
2026-05-30 18:30:00;12,63;-8,22;142,489;203,7781;0,001085397
2026-05-30 18:45:00;7,76;-1,3;151,149;212,4381;8,25E-08
2026-05-30 19:00:00;4,48;5,2;123,349;184,6381;0
2026-05-30 19:15:00;2,6;5,84;133,249;194,5381;0
2026-05-30 19:30:00;2,53;1;137,659;198,9481;0
2026-05-30 19:45:00;0,55;8,46;133,249;194,5381;0
2026-05-30 20:00:00;0,05;5,15;142,899;204,1881;0
2026-05-30 20:15:00;0,06;2,18;139,469;200,7581;0
2026-05-30 20:30:00;0,05;2,81;135,099;196,3881;0
2026-05-30 20:45:00;0,05;5,98;125,729;187,0181;0
2026-05-30 21:00:00;0,06;4,25;124,229;185,5181;0
2026-05-30 21:15:00;0,06;3,85;118,029;179,3181;0
2026-05-30 21:30:00;0,06;3,36;119,879;181,1681;0
2026-05-30 21:45:00;0,06;3,96;116,749;178,0381;0
2026-05-30 22:00:00;0,06;5,96;124,589;185,8781;0
2026-05-30 22:15:00;0,06;6,15;117,469;178,7581;0
2026-05-30 22:30:00;0,06;4,53;113,149;174,4381;0
2026-05-30 22:45:00;0,05;3,77;105,519;166,8081;0
2026-05-30 23:00:00;0,06;4,02;111,939;173,2281;0
2026-05-30 23:15:00;0,06;3,07;108,649;169,9381;0
2026-05-30 23:30:00;0,06;3,21;107,289;168,5781;0
2026-05-30 23:45:00;0,05;3,77;104,659;165,9481;0
2026-05-31 00:00:00;0,06;8,97;105,889;167,1781;0
2026-05-31 00:15:00;0,06;8,91;102,649;163,9381;0
2026-05-31 00:30:00;0,05;7,84;102,749;164,0381;0
2026-05-31 00:45:00;0,06;9,73;97,139;158,4281;0
2026-05-31 01:00:00;0,06;8,88;99,189;160,4781;0
2026-05-31 01:15:00;0,05;7,35;95,969;157,2581;0
2026-05-31 01:30:00;0,06;7,52;98,819;160,1081;0
2026-05-31 01:45:00;0,06;7,59;99,049;160,3381;0
2026-05-31 02:00:00;0,06;9,58;99,869;161,1581;0
2026-05-31 02:15:00;0,06;7,37;100,399;161,6881;0
2026-05-31 02:30:00;0,06;8,12;100,269;161,5581;0,000599178
2026-05-31 02:45:00;0,06;8,75;95,719;157,0081;0,004513582
2026-05-31 03:00:00;0,05;7,63;100,539;161,8281;0,012036327
2026-05-31 03:15:00;0,05;10,38;97,619;158,9081;0,021186922
2026-05-31 03:30:00;0,06;10,17;95,179;156,4681;0,03216036
2026-05-31 03:45:00;0,35;11,57;92,899;154,1881;0,044403728
2026-05-31 04:00:00;1,58;16,46;105,089;166,3781;0,046943244
2026-05-31 04:15:00;4,28;16,85;97,369;158,6581;0,061547123
2026-05-31 04:30:00;7,01;14,89;95,019;156,3081;0,07998204
2026-05-31 04:45:00;9,54;11,76;83,859;145,1481;0,101608686
2026-05-31 05:00:00;12,9;5,1;94,869;156,1581;0,09427516
2026-05-31 05:15:00;20,11;-4,47;88,709;149,9981;0,11930789
2026-05-31 05:30:00;22,36;-6,81;82,239;143,5281;0,14640026
2026-05-31 05:45:00;29,99;-12,48;68,409;129,6981;0,17539135
2026-05-31 06:00:00;29,03;-16,71;80,179;141,4681;0,16198812
2026-05-31 06:15:00;27,62;-16,42;70,249;131,5381;0,19175738
2026-05-31 06:30:00;22,32;-11,01;60,149;121,4381;0,22174422
2026-05-31 06:45:00;23,45;-12,63;57,889;119,1781;0,25228506
2026-05-31 07:00:00;51,33;-40,35;48,409;109,6981;0,25354436
2026-05-31 07:15:00;63,29;-52,57;37,209;98,4981;0,2833818
2026-05-31 07:30:00;62,87;-54,06;25,749;87,0381;0,3112268
2026-05-31 07:45:00;55,44;-45,23;12,219;73,5081;0,3373464
2026-05-31 08:00:00;39,04;-19,34;5,019;66,3081;0,32994
2026-05-31 08:15:00;65,75;-44,45;-12,691;48,5981;0,35648194
2026-05-31 08:30:00;73,06;-49,82;-16,741;44,5481;0,3824606
2026-05-31 08:45:00;69,67;-48,19;-16,751;44,5381;0,4079277
2026-05-31 09:00:00;92,47;-68,88;-16,751;44,5381;0,4781896
2026-05-31 09:15:00;88,05;-64,35;-16,751;44,5381;0,4993849
2026-05-31 09:30:00;73,93;-52,29;-16,751;44,5381;0,5168246
2026-05-31 09:45:00;70,69;-57,8;-16,751;44,5381;0,52977103
2026-05-31 10:00:00;72,28;-60,83;-16,751;44,5381;0,56923
2026-05-31 10:15:00;80,21;-70,3;-16,751;44,5381;0,5744191
2026-05-31 10:30:00;72,95;-64,01;-16,761;44,5281;0,5777493
2026-05-31 10:45:00;88,89;-79,49;-16,761;44,5281;0,5786966
2026-05-31 11:00:00;80,01;-70,48;-16,761;44,5281;0,58900166
2026-05-31 11:15:00;82,3;-70,44;-16,761;44,5281;0,58266425
2026-05-31 11:30:00;86,32;-77,41;-16,761;44,5281;0,5731247
2026-05-31 11:45:00;83,06;-73,98;-16,761;44,5281;0,5603684
2026-05-31 12:00:00;73,17;-63,8;-16,761;44,5281;0,54696745
2026-05-31 12:15:00;73,28;-64,45;-16,761;44,5281;0,52963156
2026-05-31 12:30:00;76,2;-66,01;-16,761;44,5281;0,51110554
2026-05-31 12:45:00;86,51;-76,3;-16,761;44,5281;0,4909627
2026-05-31 13:00:00;88,98;-79,97;-16,761;44,5281;0,4726107
2026-05-31 13:15:00;91,22;-83,55;-16,751;44,5381;0,44878927
2026-05-31 13:30:00;70,02;-61,43;-16,751;44,5381;0,42244038
2026-05-31 13:45:00;69,83;-59,17;-16,741;44,5481;0,3934061
2026-05-31 14:00:00;56,01;-46,04;-10,851;50,4381;0,35911182
2026-05-31 14:15:00;52,71;-44,26;12,339;73,6281;0,328398
2026-05-31 14:30:00;51,86;-41,57;32,079;93,3681;0,29732895
2026-05-31 14:45:00;63,71;-52,82;49,249;110,5381;0,26621696
2026-05-31 15:00:00;66,29;-48,11;37,609;98,8981;0,22456573
2026-05-31 15:15:00;42,53;-24,68;56,949;118,2381;0,1976855
2026-05-31 15:30:00;47,01;-28,4;68,979;130,2681;0,17072628
2026-05-31 15:45:00;42,77;-25,08;85,039;146,3281;0,14469375
2026-05-31 16:00:00;47,52;-29,75;74,949;136,2381;0,1235887
2026-05-31 16:15:00;43,76;-26;88,299;149,5881;0,102064565
2026-05-31 16:30:00;46,51;-27,21;103,759;165,0481;0,083327696
2026-05-31 16:45:00;27,6;-5,85;116,719;178,0081;0,06791406
2026-05-31 17:00:00;28,46;-6,33;100,059;161,3481;0,05273491
2026-05-31 17:15:00;23,38;-5,07;107,769;169,0581;0,042943336
2026-05-31 17:30:00;19,13;-4,36;116,119;177,4081;0,032924607
2026-05-31 17:45:00;18,95;-2,78;122,609;183,8981;0,023001852
2026-05-31 18:00:00;12,86;1,22;104,919;166,2081;0,015011191
2026-05-31 18:15:00;7,82;5,51;113,009;174,2981;0,007037764
2026-05-31 18:30:00;5,36;5,24;122,429;183,7181;0,001692078
2026-05-31 18:45:00;3,95;-0,42;135,539;196,8281;3,38E-06
2026-05-31 19:00:00;2,89;6,83;132,739;194,0281;0
2026-05-31 19:15:00;1,83;6,8;129,499;190,7881;0
2026-05-31 19:30:00;0,88;7,57;130,289;191,5781;0
2026-05-31 19:45:00;0,16;7,05;132,389;193,6781;0
2026-05-31 20:00:00;0,05;6,01;137,959;199,2481;0
2026-05-31 20:15:00;0,05;5,33;131,559;192,8481;0
2026-05-31 20:30:00;0,05;5,32;128,569;189,8581;0
2026-05-31 20:45:00;0,06;5,04;122,449;183,7381;0
2026-05-31 21:00:00;0,06;2,62;128,649;189,9381;0
2026-05-31 21:15:00;0,06;2,56;123,629;184,9181;0
2026-05-31 21:30:00;0,06;2,72;120,449;181,7381;0
2026-05-31 21:45:00;0,06;4,05;116,909;178,1981;0
2026-05-31 22:00:00;0,06;2,59;131,289;192,5781;0
2026-05-31 22:15:00;0,06;4,35;119,249;180,5381;0
2026-05-31 22:30:00;0,06;4,94;119,699;180,9881;0
2026-05-31 22:45:00;0,06;3,01;108,949;170,2381;0
2026-05-31 23:00:00;0,05;2,9;112,659;173,9481;0
2026-05-31 23:15:00;0,06;2,7;105,089;166,3781;0
2026-05-31 23:30:00;0,05;3,18;103,239;164,5281;0
2026-05-31 23:45:00;0,06;3,44;96,829;158,1181;0